Record_ID,Compound_ID,Compound_Name,SMILES,StdInChl,StdInChIKey,Degradation_Target,Recruiter,Recruiter_UniProtID,Cell_Line,Assay,DC50,DC50_units,DC50_h,Dmax,Dmax_h,Dmax_conc,DOI
135,129,WBC100,CC(C)[C@@H](N)C(=O)O[C@@H]1[C@@]2(C(C)C)O[C@H]2[C@@H]2O[C@]23[C@]12O[C@H]2C[C@H]1C2=C(CC[C@@]13C)C(=O)OC2,"InChI=1S/C25H33NO7/c1-10(2)16(26)20(28)30-21-23(11(3)4)17(32-23)18-25(33-18)22(5)7-6-12-13(9-29-19(12)27)14(22)8-15-24(21,25)31-15/h10-11,14-18,21H,6-9,26H2,1-5H3/t14-,15-,16+,17-,18-,21+,22-,23-,24+,25+/m0/s1",OWLJDBBFRJXPGM-VBIGTWTASA-N,c-Myc,CHIP,A6HD62,,,,,,,,,10.1002/advs.202104344
1023,889,D4,O=C1C(C2=CC=CC=C2)=CN(CC2=CC=CC=C2)C(=O)N1CC1=CC=CC=C1,"InChI=1S/C24H20N2O2/c27-23-22(21-14-8-3-9-15-21)18-25(16-19-10-4-1-5-11-19)24(28)26(23)17-20-12-6-2-7-13-20/h1-15,18H,16-17H2",GWHJFOOJHFJBHW-UHFFFAOYSA-N,,β-TrCP,,,,,,,,,,10.1002/advs.202305035
1024,890,D2,O=C1C(C2=CC=CC=N2)=CN(C2CC2)C(=O)N1CC1=CC=CC=C1,"InChI=1S/C19H17N3O2/c23-18-16(17-8-4-5-11-20-17)13-21(15-9-10-15)19(24)22(18)12-14-6-2-1-3-7-14/h1-8,11,13,15H,9-10,12H2",VVICBRKZYCWXJF-UHFFFAOYSA-N,,β-TrCP,,,,,,,,,,10.1002/advs.202305035
1025,891,D3,O=C1C(C2=CC=CC=N2)=CN(CC2=CC=CC=C2)C(=O)N1CC1=CC=CC=C1,"InChI=1S/C23H19N3O2/c27-22-20(21-13-7-8-14-24-21)17-25(15-18-9-3-1-4-10-18)23(28)26(22)16-19-11-5-2-6-12-19/h1-14,17H,15-16H2",RMULPOPAACYLFW-UHFFFAOYSA-N,,β-TrCP,,,,,,,,,,10.1002/advs.202305035
248,237,I5,CC1=C(C)C=C(N2N=C(C#N)C(=O)N(C)C2=O)C=C1,"InChI=1S/C13H12N4O2/c1-8-4-5-10(6-9(8)2)17-13(19)16(3)12(18)11(7-14)15-17/h4-6H,1-3H3",NBWYKDHVPQBXEU-UHFFFAOYSA-N,,β-TrCP,,,,,,,,,,10.1002/advs.202305035
249,238,I10,CC1=C(C)C=C(N2N=C(C#N)C(=O)N(CC3=CC=C(F)C=C3)C2=O)C=C1,"InChI=1S/C19H15FN4O2/c1-12-3-8-16(9-13(12)2)24-19(26)23(18(25)17(10-21)22-24)11-14-4-6-15(20)7-5-14/h3-9H,11H2,1-2H3",DNHCNCVTDUZLDX-UHFFFAOYSA-N,,β-TrCP,,,,,,,,,,10.1002/advs.202305035
250,239,I9,CC1=C(C)C=C(N2N=C(C#N)C(=O)N(CC3=CC=CC(F)=C3)C2=O)C=C1,"InChI=1S/C19H15FN4O2/c1-12-6-7-16(8-13(12)2)24-19(26)23(18(25)17(10-21)22-24)11-14-4-3-5-15(20)9-14/h3-9H,11H2,1-2H3",APWFLORCCLNAOP-UHFFFAOYSA-N,,β-TrCP,,,,,,,,,,10.1002/advs.202305035
251,240,I4,CC1=C(C)C=C(N2N=C(C#N)C(=O)N(CC3=CC=CC=C3)C2=O)C=C1,"InChI=1S/C19H16N4O2/c1-13-8-9-16(10-14(13)2)23-19(25)22(18(24)17(11-20)21-23)12-15-6-4-3-5-7-15/h3-10H,12H2,1-2H3",UKXYNMMWDONQDT-UHFFFAOYSA-N,,β-TrCP,,,,,,,,,,10.1002/advs.202305035
325,306,I2,CC1=CC(N2N=C(C#N)C(=O)N(CC3=CC=CC=C3)C2=O)=CC=C1,"InChI=1S/C18H14N4O2/c1-13-6-5-9-15(10-13)22-18(24)21(17(23)16(11-19)20-22)12-14-7-3-2-4-8-14/h2-10H,12H2,1H3",AHLDRYNXVHWXQI-UHFFFAOYSA-N,,β-TrCP,,,,,,,,,,10.1002/advs.202305035
345,325,I3,CC1=CC=C(N2N=C(C#N)C(=O)N(CC3=CC=CC=C3)C2=O)C=C1,"InChI=1S/C18H14N4O2/c1-13-7-9-15(10-8-13)22-18(24)21(17(23)16(11-19)20-22)12-14-5-3-2-4-6-14/h2-10H,12H2,1H3",CDSSZDOWIWFKEO-UHFFFAOYSA-N,,β-TrCP,,,,,,,,,,10.1002/advs.202305035
346,326,L5,CC1=CC=C(N2N=C(C(=O)N(C)C)C(=O)N(CC3=CC=CC=C3)C2=O)C=C1C,"InChI=1S/C21H22N4O3/c1-14-10-11-17(12-15(14)2)25-21(28)24(13-16-8-6-5-7-9-16)20(27)18(22-25)19(26)23(3)4/h5-12H,13H2,1-4H3",YALCOOOIQMKEHD-UHFFFAOYSA-N,,β-TrCP,,,,,,,,,,10.1002/advs.202305035
347,327,L11,CC1=CC=C(N2N=C(C(=O)N3CCCC(C(=O)N(C)C)C3)C(=O)N(CC3=CC=CC=C3)C2=O)C=C1C,"InChI=1S/C27H31N5O4/c1-18-12-13-22(15-19(18)2)32-27(36)31(16-20-9-6-5-7-10-20)26(35)23(28-32)25(34)30-14-8-11-21(17-30)24(33)29(3)4/h5-7,9-10,12-13,15,21H,8,11,14,16-17H2,1-4H3",GIUMBJIHLACNSA-UHFFFAOYSA-N,,β-TrCP,,,,,,,,,,10.1002/advs.202305035
348,328,L9,CC1=CC=C(N2N=C(C(=O)N3CCCC(C(N)=O)C3)C(=O)N(CC3=CC=CC=C3)C2=O)C=C1C,"InChI=1S/C25H27N5O4/c1-16-10-11-20(13-17(16)2)30-25(34)29(14-18-7-4-3-5-8-18)24(33)21(27-30)23(32)28-12-6-9-19(15-28)22(26)31/h3-5,7-8,10-11,13,19H,6,9,12,14-15H2,1-2H3,(H2,26,31)",XEGAYACAUDPKBF-UHFFFAOYSA-N,,β-TrCP,,,,,,,,,,10.1002/advs.202305035
349,329,L3,CC1=CC=C(N2N=C(C(=O)NCCN(C)C)C(=O)N(CC3=CC=CC=C3)C2=O)C=C1C,"InChI=1S/C23H27N5O3/c1-16-10-11-19(14-17(16)2)28-23(31)27(15-18-8-6-5-7-9-18)22(30)20(25-28)21(29)24-12-13-26(3)4/h5-11,14H,12-13,15H2,1-4H3,(H,24,29)",NDSVTIUOHHJWSC-UHFFFAOYSA-N,,β-TrCP,,,,,,,,,,10.1002/advs.202305035
350,330,J4,CC1=CC=C(N2N=C(C(=O)O)C(=O)N(CC3=CC=CC=C3)C2=O)C=C1C,"InChI=1S/C19H17N3O4/c1-12-8-9-15(10-13(12)2)22-19(26)21(11-14-6-4-3-5-7-14)17(23)16(20-22)18(24)25/h3-10H,11H2,1-2H3,(H,24,25)",NANSUZIWPUDSRP-UHFFFAOYSA-N,,β-TrCP,,,,,,,,,,10.1002/advs.202305035
351,331,I7,CC1=CC=C(N2N=C(C(N)=O)C(=O)N(CC3=CC=CC=C3)C2=O)C=C1C,"InChI=1S/C19H18N4O3/c1-12-8-9-15(10-13(12)2)23-19(26)22(11-14-6-4-3-5-7-14)18(25)16(21-23)17(20)24/h3-10H,11H2,1-2H3,(H2,20,24)",BQNLBWYFNNIYQD-UHFFFAOYSA-N,,β-TrCP,,,,,,,,,,10.1002/advs.202305035
494,455,I6,CCCN1C(=O)C(C#N)=NN(C2=CC(C)=C(C)C=C2)C1=O,"InChI=1S/C15H16N4O2/c1-4-7-18-14(20)13(9-16)17-19(15(18)21)12-6-5-10(2)11(3)8-12/h5-6,8H,4,7H2,1-3H3",HQHRJYSXSJSNSB-UHFFFAOYSA-N,,β-TrCP,,,,,,,,,,10.1002/advs.202305035
500,461,I1,CCN1C(=O)C(C#N)=NN(C2=CC=CC=C2)C1=O,"InChI=1S/C12H10N4O2/c1-2-15-11(17)10(8-13)14-16(12(15)18)9-6-4-3-5-7-9/h3-7H,2H2,1H3",IUJFPSYSWZFIDA-UHFFFAOYSA-N,,β-TrCP,,,,,,,,,,10.1002/advs.202305035
528,487,L1,CCOC(=O)C1=NN(C2=CC=C(C)C(C)=C2)C(=O)N(CC2=CC=CC=C2)C1=O,"InChI=1S/C21H21N3O4/c1-4-28-20(26)18-19(25)23(13-16-8-6-5-7-9-16)21(27)24(22-18)17-11-10-14(2)15(3)12-17/h5-12H,4,13H2,1-3H3",LBDZZMPCOVHMCL-UHFFFAOYSA-N,,β-TrCP,,,,,,,,,,10.1002/advs.202305035
529,488,L7,CCOC(=O)C1CCCCN1C(=O)C1=NN(C2=CC=C(C)C(C)=C2)C(=O)N(CC2=CC=CC=C2)C1=O,"InChI=1S/C27H30N4O5/c1-4-36-26(34)22-12-8-9-15-29(22)24(32)23-25(33)30(17-20-10-6-5-7-11-20)27(35)31(28-23)21-14-13-18(2)19(3)16-21/h5-7,10-11,13-14,16,22H,4,8-9,12,15,17H2,1-3H3",UCWQZDGRBVCQRL-UHFFFAOYSA-N,,β-TrCP,,,,,,,,,,10.1002/advs.202305035
530,489,L16,CCOC(=O)C1CCCN(C(=O)C2=NN(C3=CC=C(C)C(C)=C3)C(=O)N(CC3=CC=C(F)C=C3)C2=O)C1,"InChI=1S/C27H29FN4O5/c1-4-37-26(35)20-6-5-13-30(16-20)24(33)23-25(34)31(15-19-8-10-21(28)11-9-19)27(36)32(29-23)22-12-7-17(2)18(3)14-22/h7-12,14,20H,4-6,13,15-16H2,1-3H3",NCWSSJROIXYECM-UHFFFAOYSA-N,,β-TrCP,,,,,,,,,,10.1002/advs.202305035
531,490,C1,CCOC(=O)C1CCCN(C(=O)C2=NN(C3=CC=C(C)C(C)=C3)C(=O)N(CC3=CC=CC(F)=C3)C2=O)C1,"InChI=1S/C27H29FN4O5/c1-4-37-26(35)20-8-6-12-30(16-20)24(33)23-25(34)31(15-19-7-5-9-21(28)14-19)27(36)32(29-23)22-11-10-17(2)18(3)13-22/h5,7,9-11,13-14,20H,4,6,8,12,15-16H2,1-3H3",NLUJFONCYKDMGL-UHFFFAOYSA-N,eEF2K,β-TrCP,,,,,,,,,,10.1002/advs.202305035
533,491,L6,CCOC(=O)C1CCCN(C(=O)C2=NN(C3=CC=C(C)C(C)=C3)C(=O)N(CC3=CC=CC=C3)C2=O)C1,"InChI=1S/C27H30N4O5/c1-4-36-26(34)21-11-8-14-29(17-21)24(32)23-25(33)30(16-20-9-6-5-7-10-20)27(35)31(28-23)22-13-12-18(2)19(3)15-22/h5-7,9-10,12-13,15,21H,4,8,11,14,16-17H2,1-3H3",URZUOPOVUCKUER-UHFFFAOYSA-N,,β-TrCP,,,,,,,,,,10.1002/advs.202305035
534,492,L14,CCOC(=O)C1CCCN(C(=O)C2=NN(C3=CC=C(C)C=C3)C(=O)N(CC3=CC=CC=C3)C2=O)C1,"InChI=1S/C26H28N4O5/c1-3-35-25(33)20-10-7-15-28(17-20)23(31)22-24(32)29(16-19-8-5-4-6-9-19)26(34)30(27-22)21-13-11-18(2)12-14-21/h4-6,8-9,11-14,20H,3,7,10,15-17H2,1-2H3",FLELDYZUENWXCI-UHFFFAOYSA-N,,β-TrCP,,,,,,,,,,10.1002/advs.202305035
535,493,L13,CCOC(=O)C1CCCN(C(=O)C2=NN(C3=CC=CC(C)=C3)C(=O)N(CC3=CC=CC=C3)C2=O)C1,"InChI=1S/C26H28N4O5/c1-3-35-25(33)20-12-8-14-28(17-20)23(31)22-24(32)29(16-19-10-5-4-6-11-19)26(34)30(27-22)21-13-7-9-18(2)15-21/h4-7,9-11,13,15,20H,3,8,12,14,16-17H2,1-2H3",CKIOMHXEBACUJC-UHFFFAOYSA-N,,β-TrCP,,,,,,,,,,10.1002/advs.202305035
536,494,L12,CCOC(=O)C1CCCN(C(=O)C2=NN(C3=CC=CC=C3)C(=O)N(CC3=CC=CC=C3)C2=O)C1,"InChI=1S/C25H26N4O5/c1-2-34-24(32)19-12-9-15-27(17-19)22(30)21-23(31)28(16-18-10-5-3-6-11-18)25(33)29(26-21)20-13-7-4-8-14-20/h3-8,10-11,13-14,19H,2,9,12,15-17H2,1H3",AAKPCYWWZNMYQC-UHFFFAOYSA-N,,β-TrCP,,,,,,,,,,10.1002/advs.202305035
537,495,L8,CCOC(=O)C1CCN(C(=O)C2=NN(C3=CC=C(C)C(C)=C3)C(=O)N(CC3=CC=CC=C3)C2=O)CC1,"InChI=1S/C27H30N4O5/c1-4-36-26(34)21-12-14-29(15-13-21)24(32)23-25(33)30(17-20-8-6-5-7-9-20)27(35)31(28-23)22-11-10-18(2)19(3)16-22/h5-11,16,21H,4,12-15,17H2,1-3H3",OAQLBNOBBBPTLU-UHFFFAOYSA-N,,β-TrCP,,,,,,,,,,10.1002/advs.202305035
648,596,L10,CNC(=O)C1CCCN(C(=O)C2=NN(C3=CC=C(C)C(C)=C3)C(=O)N(CC3=CC=CC=C3)C2=O)C1,"InChI=1S/C26H29N5O4/c1-17-11-12-21(14-18(17)2)31-26(35)30(15-19-8-5-4-6-9-19)25(34)22(28-31)24(33)29-13-7-10-20(16-29)23(32)27-3/h4-6,8-9,11-12,14,20H,7,10,13,15-16H2,1-3H3,(H,27,32)",CWNSAVZIEWMYBG-UHFFFAOYSA-N,,β-TrCP,,,,,,,,,,10.1002/advs.202305035
658,605,L4,COC(=O)C1=CC=C(NC(=O)C2=NN(C3=CC=C(C)C(C)=C3)C(=O)N(CC3=CC=CC=C3)C2=O)C=C1,"InChI=1S/C27H24N4O5/c1-17-9-14-22(15-18(17)2)31-27(35)30(16-19-7-5-4-6-8-19)25(33)23(29-31)24(32)28-21-12-10-20(11-13-21)26(34)36-3/h4-15H,16H2,1-3H3,(H,28,32)",UCNVKIDMPFWQNQ-UHFFFAOYSA-N,,β-TrCP,,,,,,,,,,10.1002/advs.202305035
663,610,L2,COC(=O)CCNC(=O)C1=NN(C2=CC=C(C)C(C)=C2)C(=O)N(CC2=CC=CC=C2)C1=O,"InChI=1S/C23H24N4O5/c1-15-9-10-18(13-16(15)2)27-23(31)26(14-17-7-5-4-6-8-17)22(30)20(25-27)21(29)24-12-11-19(28)32-3/h4-10,13H,11-12,14H2,1-3H3,(H,24,29)",ILMYJZNNEMYLKJ-UHFFFAOYSA-N,,β-TrCP,,,,,,,,,,10.1002/advs.202305035
1635,1432,C2,CCOC(=O)C1CCCN(C(=O)C2=NN(C3=CC=C(C)C(C)=C3)C(=O)N(C)C2=O)C1,"InChI=1S/C21H26N4O5/c1-5-30-20(28)15-7-6-10-24(12-15)19(27)17-18(26)23(4)21(29)25(22-17)16-9-8-13(2)14(3)11-16/h8-9,11,15H,5-7,10,12H2,1-4H3",BFKCLCIMQUSXAR-UHFFFAOYSA-N,eEF2K,β-TrCP,,,,,,,,,,10.1002/advs.202412985
1636,1433,C3,CCOC(=O)C1CCCN(C(=O)C2=NN(C3=CC=C(C)C(C)=C3)C(=O)N(CC3=CC=CC(Cl)=C3)C2=O)C1,"InChI=1S/C27H29ClN4O5/c1-4-37-26(35)20-8-6-12-30(16-20)24(33)23-25(34)31(15-19-7-5-9-21(28)14-19)27(36)32(29-23)22-11-10-17(2)18(3)13-22/h5,7,9-11,13-14,20H,4,6,8,12,15-16H2,1-3H3",WPHBOIMVDVOEAA-UHFFFAOYSA-N,eEF2K,β-TrCP,,,,,,,,,,10.1002/advs.202412985
1637,1434,C4,CCOC(=O)C1CCCN(C(=O)C2=NN(C3=CC=C(C)C(C)=C3)C(=O)N(CC3=CC=CC(C)=C3)C2=O)C1,"InChI=1S/C28H32N4O5/c1-5-37-27(35)22-10-7-13-30(17-22)25(33)24-26(34)31(16-21-9-6-8-18(2)14-21)28(36)32(29-24)23-12-11-19(3)20(4)15-23/h6,8-9,11-12,14-15,22H,5,7,10,13,16-17H2,1-4H3",NYBAOZRKGXFCLD-UHFFFAOYSA-N,eEF2K,β-TrCP,,,,,,,,,,10.1002/advs.202412985
1638,1435,C5,CCOC(=O)C1CCCN(C(=O)C2=NN(C3=CC=C(C)C(C)=C3)C(=O)N(CC3=CC=CC(C(F)(F)F)=C3)C2=O)C1,"InChI=1S/C28H29F3N4O5/c1-4-40-26(38)20-8-6-12-33(16-20)24(36)23-25(37)34(15-19-7-5-9-21(14-19)28(29,30)31)27(39)35(32-23)22-11-10-17(2)18(3)13-22/h5,7,9-11,13-14,20H,4,6,8,12,15-16H2,1-3H3",VBFRDSALBVVCTO-UHFFFAOYSA-N,eEF2K,β-TrCP,,,,,,,,,,10.1002/advs.202412985
1639,1436,C6,CCOC(=O)C1CCCN(C(=O)C2=NN(C3=CC=C(C)C(C)=C3)C(=O)N(CC3=CC=CC(OC)=C3)C2=O)C1,"InChI=1S/C28H32N4O6/c1-5-38-27(35)21-9-7-13-30(17-21)25(33)24-26(34)31(16-20-8-6-10-23(15-20)37-4)28(36)32(29-24)22-12-11-18(2)19(3)14-22/h6,8,10-12,14-15,21H,5,7,9,13,16-17H2,1-4H3",JPTXNBFEVPYCHH-UHFFFAOYSA-N,eEF2K,β-TrCP,,,,,,,,,,10.1002/advs.202412985
1640,1437,C7,CCOC(=O)C1CCCN(C(=O)C2=NN(C3=CC=C(C)C(C)=C3)C(=O)N(CC3=CC=CC(S(C)(=O)=O)=C3)C2=O)C1,"InChI=1S/C28H32N4O7S/c1-5-39-27(35)21-9-7-13-30(17-21)25(33)24-26(34)31(16-20-8-6-10-23(15-20)40(4,37)38)28(36)32(29-24)22-12-11-18(2)19(3)14-22/h6,8,10-12,14-15,21H,5,7,9,13,16-17H2,1-4H3",OROPGXIIWZTTPE-UHFFFAOYSA-N,eEF2K,β-TrCP,,,,,,,,,,10.1002/advs.202412985
1641,1438,C8,CCOC(=O)C1CCCN(C(=O)C2=NN(C3=CC=C(C)C(C)=C3)C(=O)N(CC3=CC=CC(C(C)C)=C3)C2=O)C1,"InChI=1S/C30H36N4O5/c1-6-39-29(37)24-11-8-14-32(18-24)27(35)26-28(36)33(17-22-9-7-10-23(16-22)19(2)3)30(38)34(31-26)25-13-12-20(4)21(5)15-25/h7,9-10,12-13,15-16,19,24H,6,8,11,14,17-18H2,1-5H3",SKYDOIZHCIVYDM-UHFFFAOYSA-N,eEF2K,β-TrCP,,,,,,,,,,10.1002/advs.202412985
1642,1439,C9,CCOC(=O)C1CCCN(C(=O)C2=NN(C3=CC=C(C)C(C)=C3)C(=O)N(CC3=CC=CC=C3C)C2=O)C1,"InChI=1S/C28H32N4O5/c1-5-37-27(35)22-11-8-14-30(16-22)25(33)24-26(34)31(17-21-10-7-6-9-19(21)3)28(36)32(29-24)23-13-12-18(2)20(4)15-23/h6-7,9-10,12-13,15,22H,5,8,11,14,16-17H2,1-4H3",DUOCYOGQVJAHDZ-UHFFFAOYSA-N,eEF2K,β-TrCP,,,,,,,,,,10.1002/advs.202412985
1643,1440,C10,CCOC(=O)C1CCCN(C(=O)C2=NN(C3=CC=C(C)C(C)=C3)C(=O)N(CC3=CC=C(C)C=C3)C2=O)C1,"InChI=1S/C28H32N4O5/c1-5-37-27(35)22-7-6-14-30(17-22)25(33)24-26(34)31(16-21-11-8-18(2)9-12-21)28(36)32(29-24)23-13-10-19(3)20(4)15-23/h8-13,15,22H,5-7,14,16-17H2,1-4H3",KXDBEOYKWQHYRC-UHFFFAOYSA-N,eEF2K,β-TrCP,,,,,,,,,,10.1002/advs.202412985
1644,1441,C11,CCOC(=O)C1CCCN(C(=O)C2=NN(C3=CC=C(C)C(C)=C3)C(=O)N(CC3=CC(C)=CC(C)=C3)C2=O)C1,"InChI=1S/C29H34N4O5/c1-6-38-28(36)23-8-7-11-31(17-23)26(34)25-27(35)32(16-22-13-18(2)12-19(3)14-22)29(37)33(30-25)24-10-9-20(4)21(5)15-24/h9-10,12-15,23H,6-8,11,16-17H2,1-5H3",TWVRWOOJIDAANX-UHFFFAOYSA-N,eEF2K,β-TrCP,,,,,,,,,,10.1002/advs.202412985
532,490,C1,CCOC(=O)C1CCCN(C(=O)C2=NN(C3=CC=C(C)C(C)=C3)C(=O)N(CC3=CC=CC(F)=C3)C2=O)C1,"InChI=1S/C27H29FN4O5/c1-4-37-26(35)20-8-6-12-30(16-20)24(33)23-25(34)31(15-19-7-5-9-21(28)14-19)27(36)32(29-23)22-11-10-17(2)18(3)13-22/h5,7,9-11,13-14,20H,4,6,8,12,15-16H2,1-3H3",NLUJFONCYKDMGL-UHFFFAOYSA-N,eEF2K,β-TrCP,,,,,,,,,,10.1002/advs.202412985
1698,1495,Meisoindigo,CN1C(=O)/C(=C2/C(=O)NC3=CC=CC=C23)C2=CC=CC=C21,"InChI=1S/C17H12N2O2/c1-19-13-9-5-3-7-11(13)15(17(19)21)14-10-6-2-4-8-12(10)18-16(14)20/h2-9H,1H3,(H,18,20)/b15-14+",QNOCRUSVMMAKSC-CCEZHUSRSA-N,PKMYT1,TRIM25,Q14258,,,,,,,,,10.1002/advs.202413676
193,187,FL118,CC[C@]1(O)C(=O)OCC2=C1C=C1C3=NC4=CC5=C(C=C4C=C3CN1C2=O)OCO5,"InChI=1S/C21H16N2O6/c1-2-21(26)13-5-15-18-11(7-23(15)19(24)12(13)8-27-20(21)25)3-10-4-16-17(29-9-28-16)6-14(10)22-18/h3-6,26H,2,7-9H2,1H3/t21-/m1/s1",RPFYDENHBPRCTN-OAQYLSRUSA-N,DDX5,Unknown,,,,,,,,,,10.1002/ctm2.881
456,417,MG-Lin1,CC1=NN=C2C=CC(C3=CC=CC(N(C)C(=O)/C=C/C4=CC=C(C(F)(F)F)C=C4)=C3)=NN12,"InChI=1S/C23H18F3N5O/c1-15-27-28-21-12-11-20(29-31(15)21)17-4-3-5-19(14-17)30(2)22(32)13-8-16-6-9-18(10-7-16)23(24,25)26/h3-14H,1-2H3/b13-8+",ROVDMIUDPJJBBI-MDWZMJQESA-N,Lin28,RNF126,Q9BV68,PA-1,,700,nM,,,,,10.1002/mabi.202400427
457,418,MG-Lin2,CC1=NN=C2C=CC(C3=CC=CC(N(C)C(=O)C4CCN(C(=O)/C=C/C5=CC=C(C(F)(F)F)C=C5)CC4)=C3)=NN12,"InChI=1S/C29H27F3N6O2/c1-19-33-34-26-12-11-25(35-38(19)26)22-4-3-5-24(18-22)36(2)28(40)21-14-16-37(17-15-21)27(39)13-8-20-6-9-23(10-7-20)29(30,31)32/h3-13,18,21H,14-17H2,1-2H3/b13-8+",GSIHMNGUECFFIL-MDWZMJQESA-N,Lin28,RNF126,Q9BV68,,,,,,,,,10.1002/mabi.202400427
701,648,MG-Lin3,COC1=CC=C(C(=O)/C=C/C(=O)N2CCC(C(=O)N(C)C3=CC=CC(C4=NN5C(C)=NN=C5C=C4)=C3)CC2)C=C1,"InChI=1S/C30H30N6O4/c1-20-31-32-28-13-11-26(33-36(20)28)23-5-4-6-24(19-23)34(2)30(39)22-15-17-35(18-16-22)29(38)14-12-27(37)21-7-9-25(40-3)10-8-21/h4-14,19,22H,15-18H2,1-3H3/b14-12+",SNBSKLJHNAQMKY-WYMLVPIESA-N,Lin28,RNF126,Q9BV68,,,,,,,,,10.1002/mabi.202400427
32,30,LXH-3-71,C=C1CC2(C)C(CCC3[C@@H]2CC=C2[C@@H]4CC(C)(C)CC[C@]4(C(=O)NCCNC(=O)NC4=CC=C(OC)C=C4)CC[C@]23C)[C@@H](C)C1=O,"InChI=1S/C39H55N3O4/c1-24-22-38(6)28(25(2)33(24)43)12-13-29-30(38)14-15-31-32-23-36(3,4)16-18-39(32,19-17-37(29,31)5)34(44)40-20-21-41-35(45)42-26-8-10-27(46-7)11-9-26/h8-11,15,25,28-30,32H,1,12-14,16-23H2,2-7H3,(H,40,44)(H2,41,42,45)/t25-,28?,29?,30+,32+,37+,38?,39+/m1/s1",KYNUCBCDVCHZOM-ZDGYTYPGSA-N,PHGDH,DDB1,Q16531,,,,,,,,,10.1016/j.apsb.2024.06.001
21,20,Bufalin,C[C@]12CC[C@H](O)C[C@H]1CC[C@@H]1[C@@H]2CC[C@]2(C)[C@H](C3=COC(=O)C=C3)CC[C@@]12O,"InChI=1S/C24H34O4/c1-22-10-7-17(25)13-16(22)4-5-20-19(22)8-11-23(2)18(9-12-24(20,23)27)15-3-6-21(26)28-14-15/h3,6,14,16-20,25,27H,4-5,7-13H2,1-2H3/t16-,17+,18+,19+,20-,22+,23-,24-/m1/s1",QEEBRPGZBVVINN-ONGIWDLKSA-N,E2F2,ZFP91,Q96JP5,,,,,,,,,10.1016/j.ebiom.2022.104353
279,265,MMH271,CC1=C(C)C2=C(S1)N1C(C)=NN=C1[C@H](CC(=O)OC(C)(C)C)N=C2C1=CC=C(/C=C/C(N)=O)C=C1,"InChI=1S/C26H29N5O3S/c1-14-15(2)35-25-22(14)23(18-10-7-17(8-11-18)9-12-20(27)32)28-19(13-21(33)34-26(4,5)6)24-30-29-16(3)31(24)25/h7-12,19H,13H2,1-6H3,(H2,27,32)/b12-9+/t19-/m0/s1",GOJBPUJXRNKDPC-DLENHJPASA-N,,DCAF16,Q9NXF7,,TR-FRET,,,,,,,10.1016/j.ejmech.2024.116904
281,266,TMX1,CC1=C(C)C2=C(S1)N1C(C)=NN=C1[C@H](CC(=O)OC(C)(C)C)N=C2C1=CC=C(/C=C/C=O)C=C1,"InChI=1S/C26H28N4O3S/c1-15-16(2)34-25-22(15)23(19-11-9-18(10-12-19)8-7-13-31)27-20(14-21(32)33-26(4,5)6)24-29-28-17(3)30(24)25/h7-13,20H,14H2,1-6H3/b8-7+/t20-/m0/s1",SJISOGWQGIVAGX-DUIUGDAFSA-N,BRD4,DCAF16,Q9NXF7,,,,,,75,16,,10.1016/j.ejmech.2024.116904
282,267,TMX4128,CC1=C(C)C2=C(S1)N1C(C)=NN=C1[C@H](CC(=O)OC(C)(C)C)N=C2C1=CC=C(C#CC=O)C=C1,"InChI=1S/C26H26N4O3S/c1-15-16(2)34-25-22(15)23(19-11-9-18(10-12-19)8-7-13-31)27-20(14-21(32)33-26(4,5)6)24-29-28-17(3)30(24)25/h9-13,20H,14H2,1-6H3/t20-/m0/s1",JEJGRWMOILENAT-FQEVSTJZSA-N,BRD4,DCAF16,Q9NXF7,,,703,nM,,69,16,,10.1016/j.ejmech.2024.116904
282,267,TMX4128,CC1=C(C)C2=C(S1)N1C(C)=NN=C1[C@H](CC(=O)OC(C)(C)C)N=C2C1=CC=C(C#CC=O)C=C1,"InChI=1S/C26H26N4O3S/c1-15-16(2)34-25-22(15)23(19-11-9-18(10-12-19)8-7-13-31)27-20(14-21(32)33-26(4,5)6)24-29-28-17(3)30(24)25/h9-13,20H,14H2,1-6H3/t20-/m0/s1",JEJGRWMOILENAT-FQEVSTJZSA-N,BRD4,DCAF16,Q9NXF7,,TR-FRET,,,,,,,10.1016/j.ejmech.2024.116904
284,268,GNE011,CC1=C(C)C2=C(S1)N1C(C)=NN=C1[C@H](CC(=O)OC(C)(C)C)N=C2C1=CC=C(C#CCN)C=C1,"InChI=1S/C26H29N5O2S/c1-15-16(2)34-25-22(15)23(19-11-9-18(10-12-19)8-7-13-27)28-20(14-21(32)33-26(4,5)6)24-30-29-17(3)31(24)25/h9-12,20H,13-14,27H2,1-6H3/t20-/m0/s1",PMSPBUOYDPYDPF-FQEVSTJZSA-N,BRD4,DCAF16,Q9NXF7,,TR-FRET,,,,,,,10.1016/j.ejmech.2024.116904
287,269,TMX458,CC1=C(C)C2=C(S1)N1C(C)=NN=C1[C@H](CC(=O)OC(C)(C)C)N=C2C1=CC=C(C#CCO)C=C1,"InChI=1S/C26H28N4O3S/c1-15-16(2)34-25-22(15)23(19-11-9-18(10-12-19)8-7-13-31)27-20(14-21(32)33-26(4,5)6)24-29-28-17(3)30(24)25/h9-12,20,31H,13-14H2,1-6H3/t20-/m0/s1",SVDRARONQMNMOU-FQEVSTJZSA-N,BRD4,DCAF16,Q9NXF7,,,> 10,μM,,10,16,,10.1016/j.ejmech.2024.116904
287,269,TMX458,CC1=C(C)C2=C(S1)N1C(C)=NN=C1[C@H](CC(=O)OC(C)(C)C)N=C2C1=CC=C(C#CCO)C=C1,"InChI=1S/C26H28N4O3S/c1-15-16(2)34-25-22(15)23(19-11-9-18(10-12-19)8-7-13-31)27-20(14-21(32)33-26(4,5)6)24-29-28-17(3)30(24)25/h9-12,20,31H,13-14H2,1-6H3/t20-/m0/s1",SVDRARONQMNMOU-FQEVSTJZSA-N,BRD4,DCAF16,Q9NXF7,,TR-FRET,,,,,,,10.1016/j.ejmech.2024.116904
289,271,MMH249,CC1=C(C)C2=C(S1)N1C(C)=NN=C1[C@H](CC(=O)OC(C)(C)C)N=C2C1=CC=C(NC(=O)CCl)C=C1,"InChI=1S/C25H28ClN5O3S/c1-13-14(2)35-24-21(13)22(16-7-9-17(10-8-16)27-19(32)12-26)28-18(11-20(33)34-25(4,5)6)23-30-29-15(3)31(23)24/h7-10,18H,11-12H2,1-6H3,(H,27,32)/t18-/m0/s1",UJMDKYUESHTQNZ-SFHVURJKSA-N,BRD4,DCAF16,Q9NXF7,,,8,nM,,,,,10.1016/j.ejmech.2024.116904
289,271,MMH249,CC1=C(C)C2=C(S1)N1C(C)=NN=C1[C@H](CC(=O)OC(C)(C)C)N=C2C1=CC=C(NC(=O)CCl)C=C1,"InChI=1S/C25H28ClN5O3S/c1-13-14(2)35-24-21(13)22(16-7-9-17(10-8-16)27-19(32)12-26)28-18(11-20(33)34-25(4,5)6)23-30-29-15(3)31(23)24/h7-10,18H,11-12H2,1-6H3,(H,27,32)/t18-/m0/s1",UJMDKYUESHTQNZ-SFHVURJKSA-N,BRD4,DCAF16,Q9NXF7,,TR-FRET,,,,,,,10.1016/j.ejmech.2024.116904
37,35,MMH1,C=CC(=O)NC1=CC=C(C2=N[C@@H](CC(=O)OC(C)(C)C)C3=NN=C(C)N3C3=C2C(C)=C(C)S3)C=C1,"InChI=1S/C26H29N5O3S/c1-8-20(32)27-18-11-9-17(10-12-18)23-22-14(2)15(3)35-25(22)31-16(4)29-30-24(31)19(28-23)13-21(33)34-26(5,6)7/h8-12,19H,1,13H2,2-7H3,(H,27,32)/t19-/m0/s1",AEEGEVCKDJFBRN-IBGZPJMESA-N,BRD4,DCAF16,Q9NXF7,,,0.3,nM,,,,,10.1016/j.ejmech.2024.116904
37,35,MMH1,C=CC(=O)NC1=CC=C(C2=N[C@@H](CC(=O)OC(C)(C)C)C3=NN=C(C)N3C3=C2C(C)=C(C)S3)C=C1,"InChI=1S/C26H29N5O3S/c1-8-20(32)27-18-11-9-17(10-12-18)23-22-14(2)15(3)35-25(22)31-16(4)29-30-24(31)19(28-23)13-21(33)34-26(5,6)7/h8-12,19H,1,13H2,2-7H3,(H,27,32)/t19-/m0/s1",AEEGEVCKDJFBRN-IBGZPJMESA-N,BRD4,DCAF16,Q9NXF7,,TR-FRET,,,,,,,10.1016/j.ejmech.2024.116904
43,39,MMH2,C=CS(=O)(=O)NC1=CC=C(C2=N[C@@H](CC(=O)OC(C)(C)C)C3=NN=C(C)N3C3=C2C(C)=C(C)S3)C=C1,"InChI=1S/C25H29N5O4S2/c1-8-36(32,33)29-18-11-9-17(10-12-18)22-21-14(2)15(3)35-24(21)30-16(4)27-28-23(30)19(26-22)13-20(31)34-25(5,6)7/h8-12,19,29H,1,13H2,2-7H3/t19-/m0/s1",FZRRESXAODIMQN-IBGZPJMESA-N,BRD4,DCAF16,Q9NXF7,,,,,,,,,10.1016/j.ejmech.2024.116904
43,39,MMH2,C=CS(=O)(=O)NC1=CC=C(C2=N[C@@H](CC(=O)OC(C)(C)C)C3=NN=C(C)N3C3=C2C(C)=C(C)S3)C=C1,"InChI=1S/C25H29N5O4S2/c1-8-36(32,33)29-18-11-9-17(10-12-18)22-21-14(2)15(3)35-24(21)30-16(4)27-28-23(30)19(26-22)13-20(31)34-25(5,6)7/h8-12,19,29H,1,13H2,2-7H3/t19-/m0/s1",FZRRESXAODIMQN-IBGZPJMESA-N,BRD4,DCAF16,Q9NXF7,,TR-FRET,,,,,,,10.1016/j.ejmech.2024.116904
653,601,MMH269,COC(=O)/C=C/C1=CC=C(C2=N[C@@H](CC(=O)OC(C)(C)C)C3=NN=C(C)N3C3=C2C(C)=C(C)S3)C=C1,"InChI=1S/C27H30N4O4S/c1-15-16(2)36-26-23(15)24(19-11-8-18(9-12-19)10-13-21(32)34-7)28-20(14-22(33)35-27(4,5)6)25-30-29-17(3)31(25)26/h8-13,20H,14H2,1-7H3/b13-10+/t20-/m0/s1",OPBKNBKHQBJXGK-YPNIWSFNSA-N,,DCAF16,Q9NXF7,,TR-FRET,,,,,,,10.1016/j.ejmech.2024.116904
973,849,indisulam,NS(=O)(=O)C1=CC=C(S(=O)(=O)NC2=CC=CC3=C2NC=C3Cl)C=C1,"InChI=1S/C14H12ClN3O4S2/c15-12-8-17-14-11(12)2-1-3-13(14)18-24(21,22)10-6-4-9(5-7-10)23(16,19)20/h1-8,17-18H,(H2,16,19,20)",SETFNECMODOHTO-UHFFFAOYSA-N,RBM39,DCAF15,Q66K64,,,,,,,,,10.1016/j.jbc.2023.103025
973,849,indisulam,NS(=O)(=O)C1=CC=C(S(=O)(=O)NC2=CC=CC3=C2NC=C3Cl)C=C1,"InChI=1S/C14H12ClN3O4S2/c15-12-8-17-14-11(12)2-1-3-13(14)18-24(21,22)10-6-4-9(5-7-10)23(16,19)20/h1-8,17-18H,(H2,16,19,20)",SETFNECMODOHTO-UHFFFAOYSA-N,ZEB1,DCAF15,Q66K64,,,,,,,,,10.1016/j.jbc.2023.103025
371,348,CC-885,CC1=CC=C(NC(=O)NCC2=CC=C3C(=O)N(C4CCC(=O)NC4=O)CC3=C2)C=C1Cl,"InChI=1S/C22H21ClN4O4/c1-12-2-4-15(9-17(12)23)25-22(31)24-10-13-3-5-16-14(8-13)11-27(21(16)30)18-6-7-19(28)26-20(18)29/h2-5,8-9,18H,6-7,10-11H2,1H3,(H2,24,25,31)(H,26,28,29)",DOEVCIHTTTYVCC-UHFFFAOYSA-N,GSPT1,CRBN,Q96SW2,,,,,,,,,10.1016/j.omto.2020.06.013
371,348,CC-885,CC1=CC=C(NC(=O)NCC2=CC=C3C(=O)N(C4CCC(=O)NC4=O)CC3=C2)C=C1Cl,"InChI=1S/C22H21ClN4O4/c1-12-2-4-15(9-17(12)23)25-22(31)24-10-13-3-5-16-14(8-13)11-27(21(16)30)18-6-7-19(28)26-20(18)29/h2-5,8-9,18H,6-7,10-11H2,1H3,(H2,24,25,31)(H,26,28,29)",DOEVCIHTTTYVCC-UHFFFAOYSA-N,PLK1,CRBN,Q96SW2,,,,,,,,,10.1016/j.omto.2020.06.013
1183,1033,cmpd 15,O=C1CCC(N2C(=O)C3=CC=CC(NC4=CC=NC(NS(=O)(=O)C5=CC=C(Cl)C=C5)=N4)=C3C2=O)C(=O)N1,"InChI=1S/C23H17ClN6O6S/c24-12-4-6-13(7-5-12)37(35,36)29-23-25-11-10-17(27-23)26-15-3-1-2-14-19(15)22(34)30(21(14)33)16-8-9-18(31)28-20(16)32/h1-7,10-11,16H,8-9H2,(H,28,31,32)(H2,25,26,27,29)",QKGRRALQXCHRCY-UHFFFAOYSA-N,,CRBN,Q96SW2,,,,,,,,,10.1021/acs.jmedchem.0c01313
1184,1034,cmpd 14,O=C1CCC(N2C(=O)C3=CC=CC(NC4=CC=NC(NS(=O)(=O)C5=CC=CC(C(F)(F)F)=C5)=N4)=C3C2=O)C(=O)N1,"InChI=1S/C24H17F3N6O6S/c25-24(26,27)12-3-1-4-13(11-12)40(38,39)32-23-28-10-9-17(30-23)29-15-6-2-5-14-19(15)22(37)33(21(14)36)16-7-8-18(34)31-20(16)35/h1-6,9-11,16H,7-8H2,(H,31,34,35)(H2,28,29,30,32)",LMNPWUHFMCDDKL-UHFFFAOYSA-N,,CRBN,Q96SW2,,,,,,,,,10.1021/acs.jmedchem.0c01313
1185,1035,SJ6986,O=C1CCC(N2C(=O)C3=CC=CC(NC4=CC=NC(NS(=O)(=O)C5=CC=CC(OC(F)(F)F)=C5)=N4)=C3C2=O)C(=O)N1,"InChI=1S/C24H17F3N6O7S/c25-24(26,27)40-12-3-1-4-13(11-12)41(38,39)32-23-28-10-9-17(30-23)29-15-6-2-5-14-19(15)22(37)33(21(14)36)16-7-8-18(34)31-20(16)35/h1-6,9-11,16H,7-8H2,(H,31,34,35)(H2,28,29,30,32)",FZXYVLXNFLKBDR-UHFFFAOYSA-N,GSPT1,CRBN,Q96SW2,GSPT1,AlphaScreen Assay hGSPT293-HiBit,,,,,,,10.1021/acs.jmedchem.0c01313
1185,1035,SJ6986,O=C1CCC(N2C(=O)C3=CC=CC(NC4=CC=NC(NS(=O)(=O)C5=CC=CC(OC(F)(F)F)=C5)=N4)=C3C2=O)C(=O)N1,"InChI=1S/C24H17F3N6O7S/c25-24(26,27)40-12-3-1-4-13(11-12)41(38,39)32-23-28-10-9-17(30-23)29-15-6-2-5-14-19(15)22(37)33(21(14)36)16-7-8-18(34)31-20(16)35/h1-6,9-11,16H,7-8H2,(H,31,34,35)(H2,28,29,30,32)",FZXYVLXNFLKBDR-UHFFFAOYSA-N,GSPT2,CRBN,Q96SW2,GSPT2,AlphaScreen Assay hGSPT293-HiBit,,,,,,,10.1021/acs.jmedchem.0c01313
1186,1036,cmpd 8,O=C1CCC(N2C(=O)C3=CC=CC(NC4=CC=NC(NS(=O)(=O)C5=CC=CC=C5)=N4)=C3C2=O)C(=O)N1,"InChI=1S/C23H18N6O6S/c30-18-10-9-16(20(31)27-18)29-21(32)14-7-4-8-15(19(14)22(29)33)25-17-11-12-24-23(26-17)28-36(34,35)13-5-2-1-3-6-13/h1-8,11-12,16H,9-10H2,(H,27,30,31)(H2,24,25,26,28)",UPEVSXDSZRXFPD-UHFFFAOYSA-N,,CRBN,Q96SW2,,,,,,,,,10.1021/acs.jmedchem.0c01313
125,119,cmpd 11,CC(C)(C)OC1=CC(S(=O)(=O)NC2=NC(NC3=C4C(=O)N(C5CCC(=O)NC5=O)C(=O)C4=CC=C3)=CC=N2)=CC=C1,"InChI=1S/C27H26N6O7S/c1-27(2,3)40-15-6-4-7-16(14-15)41(38,39)32-26-28-13-12-20(30-26)29-18-9-5-8-17-22(18)25(37)33(24(17)36)19-10-11-21(34)31-23(19)35/h4-9,12-14,19H,10-11H2,1-3H3,(H,31,34,35)(H2,28,29,30,32)",FBMHQHWTPSSPOQ-UHFFFAOYSA-N,,CRBN,Q96SW2,,,,,,,,,10.1021/acs.jmedchem.0c01313
126,120,cmpd 10,CC(C)(C)OC1=CC=C(S(=O)(=O)NC2=NC(NC3=C4C(=O)N(C5CCC(=O)NC5=O)C(=O)C4=CC=C3)=CC=N2)C=C1,"InChI=1S/C27H26N6O7S/c1-27(2,3)40-15-7-9-16(10-8-15)41(38,39)32-26-28-14-13-20(30-26)29-18-6-4-5-17-22(18)25(37)33(24(17)36)19-11-12-21(34)31-23(19)35/h4-10,13-14,19H,11-12H2,1-3H3,(H,31,34,35)(H2,28,29,30,32)",LOGKFVONMQVJEE-UHFFFAOYSA-N,,CRBN,Q96SW2,,,,,,,,,10.1021/acs.jmedchem.0c01313
331,312,SJ7023,CC1=CC(S(=O)(=O)NC2=NC=CC(NC3=CC=CC4=C3C(=O)N(C3CCC(=O)NC3=O)C4=O)=N2)=CC=C1Cl,"InChI=1S/C24H19ClN6O6S/c1-12-11-13(5-6-15(12)25)38(36,37)30-24-26-10-9-18(28-24)27-16-4-2-3-14-20(16)23(35)31(22(14)34)17-7-8-19(32)29-21(17)33/h2-6,9-11,17H,7-8H2,1H3,(H,29,32,33)(H2,26,27,28,30)",BANBWRKKWPUUBM-UHFFFAOYSA-N,GSPT1,CRBN,Q96SW2,HEK293,HiBit,,,,,,,10.1021/acs.jmedchem.0c01313
397,366,cmpd 9,CC1=CC=C(S(=O)(=O)NC2=NC=CC(NC3=CC=CC4=C3C(=O)N(C3CCC(=O)NC3=O)C4=O)=N2)C=C1Cl,"InChI=1S/C24H19ClN6O6S/c1-12-5-6-13(11-15(12)25)38(36,37)30-24-26-10-9-18(28-24)27-16-4-2-3-14-20(16)23(35)31(22(14)34)17-7-8-19(32)29-21(17)33/h2-6,9-11,17H,7-8H2,1H3,(H,29,32,33)(H2,26,27,28,30)",OSTVMNVRRYGIFJ-UHFFFAOYSA-N,,CRBN,Q96SW2,,,,,,,,,10.1021/acs.jmedchem.0c01313
412,380,cmpd 13,CC1=CC=CC(S(=O)(=O)NC2=NC=CC(NC3=CC=CC4=C3C(=O)N(C3CCC(=O)NC3=O)C4=O)=N2)=C1,"InChI=1S/C24H20N6O6S/c1-13-4-2-5-14(12-13)37(35,36)29-24-25-11-10-18(27-24)26-16-7-3-6-15-20(16)23(34)30(22(15)33)17-8-9-19(31)28-21(17)32/h2-7,10-12,17H,8-9H2,1H3,(H,28,31,32)(H2,25,26,27,29)",LEPFEJPCVARHRW-UHFFFAOYSA-N,,CRBN,Q96SW2,,,,,,,,,10.1021/acs.jmedchem.0c01313
768,713,cmpd 12,COC1=CC=CC(S(=O)(=O)NC2=NC=CC(NC3=CC=CC4=C3C(=O)N(C3CCC(=O)NC3=O)C4=O)=N2)=C1,"InChI=1S/C24H20N6O7S/c1-37-13-4-2-5-14(12-13)38(35,36)29-24-25-11-10-18(27-24)26-16-7-3-6-15-20(16)23(34)30(22(15)33)17-8-9-19(31)28-21(17)32/h2-7,10-12,17H,8-9H2,1H3,(H,28,31,32)(H2,25,26,27,29)",DQMAPMLXEPOVPI-UHFFFAOYSA-N,,CRBN,Q96SW2,,,,,,,,,10.1021/acs.jmedchem.0c01313
13,13,15b,C[C@@H]1CCCN(C2=NC(NC3=CC=C4C(=C3)C3=C(OCC(F)(F)[C@@H](C5CC5)N3)C(=O)N4C)=C(Cl)C=N2)C1,"InChI=1S/C26H29ClF2N6O2/c1-14-4-3-9-35(12-14)25-30-11-18(27)23(33-25)31-16-7-8-19-17(10-16)20-21(24(36)34(19)2)37-13-26(28,29)22(32-20)15-5-6-15/h7-8,10-11,14-15,22,32H,3-6,9,12-13H2,1-2H3,(H,30,31,33)/t14-,22-/m1/s1",BBIACINZYUBHFF-JLCFBVMHSA-N,BCL6,Unknown,,OCI-Ly1,,32.6,nM,,,,,10.1021/acs.jmedchem.1c02175
26,25,11a,C[C@H]1C[C@@H](N(C)C)CN(C2=NC(NC3=CC=C4C(=C3)C3=C(OCC(F)(F)[C@@H](C5CC5)N3)C(=O)N4C)=C(Cl)C=N2)C1,"InChI=1S/C28H34ClF2N7O2/c1-15-9-18(36(2)3)13-38(12-15)27-32-11-20(29)25(35-27)33-17-7-8-21-19(10-17)22-23(26(39)37(21)4)40-14-28(30,31)24(34-22)16-5-6-16/h7-8,10-11,15-16,18,24,34H,5-6,9,12-14H2,1-4H3,(H,32,33,35)/t15-,18+,24+/m0/s1",HPQGUGFUKNXBFU-PQNFPLSNSA-N,BCL6,Unknown,,OCI-Ly1,,9.8,nM,,,,,10.1021/acs.jmedchem.1c02175
27,26,CCT373566,C[C@H]1C[C@@H](O)CN(C2=NC(NC3=CC=C4C(=C3)C3=C(OCC(F)(F)[C@@H](C5CC5)N3)C(=O)N4C)=C(Cl)C=N2)C1,"InChI=1S/C26H29ClF2N6O3/c1-13-7-16(36)11-35(10-13)25-30-9-18(27)23(33-25)31-15-5-6-19-17(8-15)20-21(24(37)34(19)2)38-12-26(28,29)22(32-20)14-3-4-14/h5-6,8-9,13-14,16,22,32,36H,3-4,7,10-12H2,1-2H3,(H,30,31,33)/t13-,16+,22+/m0/s1",GSGDUDAFETZSPM-JWCWZOIMSA-N,BCL6,Unknown,,OCI-Ly1,,0.7,nM,,,,,10.1021/acs.jmedchem.1c02175
27,26,CCT373566,C[C@H]1C[C@@H](O)CN(C2=NC(NC3=CC=C4C(=C3)C3=C(OCC(F)(F)[C@@H](C5CC5)N3)C(=O)N4C)=C(Cl)C=N2)C1,"InChI=1S/C26H29ClF2N6O3/c1-13-7-16(36)11-35(10-13)25-30-9-18(27)23(33-25)31-15-5-6-19-17(8-15)20-21(24(37)34(19)2)38-12-26(28,29)22(32-20)14-3-4-14/h5-6,8-9,13-14,16,22,32,36H,3-4,7,10-12H2,1-2H3,(H,30,31,33)/t13-,16+,22+/m0/s1",GSGDUDAFETZSPM-JWCWZOIMSA-N,BCL6,Unknown,,Karpas 422,,1,nM,,,,,10.1021/acs.jmedchem.1c02175
28,27,15a,C[C@H]1CCCN(C2=NC(NC3=CC=C4C(=C3)C3=C(OCC(F)(F)[C@@H](C5CC5)N3)C(=O)N4C)=C(Cl)C=N2)C1,"InChI=1S/C26H29ClF2N6O2/c1-14-4-3-9-35(12-14)25-30-11-18(27)23(33-25)31-16-7-8-19-17(10-16)20-21(24(36)34(19)2)37-13-26(28,29)22(32-20)15-5-6-15/h7-8,10-11,14-15,22,32H,3-6,9,12-13H2,1-2H3,(H,30,31,33)/t14-,22+/m0/s1",BBIACINZYUBHFF-RCDICMHDSA-N,BCL6,Unknown,,OCI-Ly1,,6.3,nM,,,,,10.1021/acs.jmedchem.1c02175
463,424,5,CC1CC(O)CN(C2=NC(NC3=CC=C4C(=C3)N(CCC(C)(C)O)C(=O)N4C)=C(Cl)C=N2)C1,"InChI=1S/C23H31ClN6O3/c1-14-9-16(31)13-29(12-14)21-25-11-17(24)20(27-21)26-15-5-6-18-19(10-15)30(22(32)28(18)4)8-7-23(2,3)33/h5-6,10-11,14,16,31,33H,7-9,12-13H2,1-4H3,(H,25,26,27)",QKIKTQLOBNLUOX-UHFFFAOYSA-N,BCL6,Unknown,,OCI-Ly1,,35,nM,,,,,10.1021/acs.jmedchem.1c02175
573,530,9a,CN1C(=O)C2=C(N[C@H](C3CC3)C(F)(F)CO2)C2=CC(NC3=C(Cl)C=NC(N4CCC(F)(F)[C@@H](CO)C4)=N3)=CC=C21,"InChI=1S/C26H27ClF4N6O3/c1-36-18-5-4-15(8-16(18)19-20(23(36)39)40-12-26(30,31)21(34-19)13-2-3-13)33-22-17(27)9-32-24(35-22)37-7-6-25(28,29)14(10-37)11-38/h4-5,8-9,13-14,21,34,38H,2-3,6-7,10-12H2,1H3,(H,32,33,35)/t14-,21-/m1/s1",WAMJDHFDXROKDA-SPLOXXLWSA-N,BCL6,Unknown,,OCI-Ly1,,2.7,nM,,,,,10.1021/acs.jmedchem.1c02175
574,531,8a,CN1C(=O)C2=C(N[C@H](C3CC3)C(F)(F)CO2)C2=CC(NC3=C(Cl)C=NC(N4CCC(F)(F)[C@@H](O)C4)=N3)=CC=C21,"InChI=1S/C25H25ClF4N6O3/c1-35-16-5-4-13(32-21-15(26)9-31-23(34-21)36-7-6-24(27,28)17(37)10-36)8-14(16)18-19(22(35)38)39-11-25(29,30)20(33-18)12-2-3-12/h4-5,8-9,12,17,20,33,37H,2-3,6-7,10-11H2,1H3,(H,31,32,34)/t17-,20+/m0/s1",VMGLHACLWFOJMH-FXAWDEMLSA-N,BCL6,Unknown,,OCI-Ly1,,7.1,nM,,,,,10.1021/acs.jmedchem.1c02175
59,54,10a,CC(=O)N[C@@H]1C[C@H](C)CN(C2=NC(NC3=CC=C4C(=C3)C3=C(OCC(F)(F)[C@@H](C5CC5)N3)C(=O)N4C)=C(Cl)C=N2)C1,"InChI=1S/C28H32ClF2N7O3/c1-14-8-18(33-15(2)39)12-38(11-14)27-32-10-20(29)25(36-27)34-17-6-7-21-19(9-17)22-23(26(40)37(21)3)41-13-28(30,31)24(35-22)16-4-5-16/h6-7,9-10,14,16,18,24,35H,4-5,8,11-13H2,1-3H3,(H,33,39)(H,32,34,36)/t14-,18+,24+/m0/s1",YJEGTRPXGMXUTO-NDGOPHNLSA-N,BCL6,Unknown,,OCI-Ly1,,2.2,nM,,,,,10.1021/acs.jmedchem.1c02175
591,547,3,CN1C(=O)N(CCC(C)(C)O)C2=CC(NC3=C(Cl)C=NC(N4CCC(F)(F)C(O)C4)=N3)=CC=C21,"InChI=1S/C22H27ClF2N6O3/c1-21(2,34)6-9-31-16-10-13(4-5-15(16)29(3)20(31)33)27-18-14(23)11-26-19(28-18)30-8-7-22(24,25)17(32)12-30/h4-5,10-11,17,32,34H,6-9,12H2,1-3H3,(H,26,27,28)",TUBBGJWQRZERCH-UHFFFAOYSA-N,BCL6,Unknown,,OCI-Ly1,,276,nM,,,,,10.1021/acs.jmedchem.1c02175
592,548,4,CN1C(=O)N(CCC(C)(C)O)C2=CC(NC3=NC(N4CCC(F)(F)C(CO)C4)=NC=C3Cl)=CC=C21,"InChI=1S/C23H29ClF2N6O3/c1-22(2,35)6-9-32-18-10-15(4-5-17(18)30(3)21(32)34)28-19-16(24)11-27-20(29-19)31-8-7-23(25,26)14(12-31)13-33/h4-5,10-11,14,33,35H,6-9,12-13H2,1-3H3,(H,27,28,29)",AXXSGZFGJNDDCH-UHFFFAOYSA-N,BCL6,Unknown,,OCI-Ly1,,80,nM,,,,,10.1021/acs.jmedchem.1c02175
938,828,Lenalidomide,NC1=CC=CC2=C1CN(C1CCC(=O)NC1=O)C2=O,"InChI=1S/C13H13N3O3/c14-9-3-1-2-7-8(9)6-16(13(7)19)10-4-5-11(17)15-12(10)18/h1-3,10H,4-6,14H2,(H,15,17,18)",GOTYRUGSSMKFNF-UHFFFAOYSA-N,,CRBN,Q96SW2,,,,,,,,,10.1021/acs.jmedchem.2c01692
1033,899,7e,O=C1CCC(NC(=O)C2=CC=CC=C2[N+](=O)[O-])C(=O)N1,"InChI=1S/C12H11N3O5/c16-10-6-5-8(12(18)14-10)13-11(17)7-3-1-2-4-9(7)15(19)20/h1-4,8H,5-6H2,(H,13,17)(H,14,16,18)",JWNNYAHNQJDBPO-UHFFFAOYSA-N,,CRBN,Q96SW2,,,,,,,,,10.1021/acs.jmedchem.3c00851
1034,900,6a,O=C1CCC(NC(=O)C2=CC=CC=C2)C(=O)N1,"InChI=1S/C12H12N2O3/c15-10-7-6-9(12(17)14-10)13-11(16)8-4-2-1-3-5-8/h1-5,9H,6-7H2,(H,13,16)(H,14,15,17)",QDCDITVKCKBZTO-UHFFFAOYSA-N,,CRBN,Q96SW2,,,,,,,,,10.1021/acs.jmedchem.3c00851
1036,901,7c,O=C1CCC(NC(=O)C2=CC=C([N+](=O)[O-])C=C2)C(=O)N1,"InChI=1S/C12H11N3O5/c16-10-6-5-9(12(18)14-10)13-11(17)7-1-3-8(4-2-7)15(19)20/h1-4,9H,5-6H2,(H,13,17)(H,14,16,18)",JOPHGTNZVHMBAS-UHFFFAOYSA-N,,CRBN,Q96SW2,,,,,,,,,10.1021/acs.jmedchem.3c00851
1037,902,6b,O=C1CCC(NC(=O)C2=CC(F)=C(F)C(F)=C2F)C(=O)N1,"InChI=1S/C12H8F4N2O3/c13-5-3-4(8(14)10(16)9(5)15)11(20)17-6-1-2-7(19)18-12(6)21/h3,6H,1-2H2,(H,17,20)(H,18,19,21)",HOAHVHODYFOOBF-UHFFFAOYSA-N,,CRBN,Q96SW2,,,,,,,,,10.1021/acs.jmedchem.3c00851
1038,903,7a,O=C1CCC(NC(=O)C2=CC([N+](=O)[O-])=CC=C2)C(=O)N1,"InChI=1S/C12H11N3O5/c16-10-5-4-9(12(18)14-10)13-11(17)7-2-1-3-8(6-7)15(19)20/h1-3,6,9H,4-5H2,(H,13,17)(H,14,16,18)",KFEPYHDPGSBMKB-UHFFFAOYSA-N,,CRBN,Q96SW2,,,,,,,,,10.1021/acs.jmedchem.3c00851
324,305,11c,CC1=CC(N)=CC=C1C(=O)NC1CCC(=O)NC1=O,"InChI=1S/C13H15N3O3/c1-7-6-8(14)2-3-9(7)12(18)15-10-4-5-11(17)16-13(10)19/h2-3,6,10H,4-5,14H2,1H3,(H,15,18)(H,16,17,19)",BUTHFOQUICVORE-UHFFFAOYSA-N,IKZF3,CRBN,Q96SW2,,,,,,,,,10.1021/acs.jmedchem.3c00851
482,443,16,CCCCNC(=O)CNC1=CC=C(C(=O)NC2CCC(=O)NC2=O)C(F)=C1,"InChI=1S/C18H23FN4O4/c1-2-3-8-20-16(25)10-21-11-4-5-12(13(19)9-11)17(26)22-14-6-7-15(24)23-18(14)27/h4-5,9,14,21H,2-3,6-8,10H2,1H3,(H,20,25)(H,22,26)(H,23,24,27)",DALJORPGDUPLPV-UHFFFAOYSA-N,SALL4,CRBN,Q96SW2,,,,,,,,,10.1021/acs.jmedchem.3c00851
483,444,19,CCCCNC1=C(F)C=C(C(=O)NC2CCC(=O)NC2=O)C(F)=C1OC,"InChI=1S/C17H21F2N3O4/c1-3-4-7-20-14-10(18)8-9(13(19)15(14)26-2)16(24)21-11-5-6-12(23)22-17(11)25/h8,11,20H,3-7H2,1-2H3,(H,21,24)(H,22,23,25)",IONAEGMCSLASDU-UHFFFAOYSA-N,IKZF3,CRBN,Q96SW2,,,,,,,,,10.1021/acs.jmedchem.3c00851
483,444,19,CCCCNC1=C(F)C=C(C(=O)NC2CCC(=O)NC2=O)C(F)=C1OC,"InChI=1S/C17H21F2N3O4/c1-3-4-7-20-14-10(18)8-9(13(19)15(14)26-2)16(24)21-11-5-6-12(23)22-17(11)25/h8,11,20H,3-7H2,1-2H3,(H,21,24)(H,22,23,25)",IONAEGMCSLASDU-UHFFFAOYSA-N,SALL4,CRBN,Q96SW2,,,,,,,,,10.1021/acs.jmedchem.3c00851
484,445,15,CCCCNC1=CC=C(C(=O)NC2CCC(=O)NC2=O)C(F)=C1,"InChI=1S/C16H20FN3O3/c1-2-3-8-18-10-4-5-11(12(17)9-10)15(22)19-13-6-7-14(21)20-16(13)23/h4-5,9,13,18H,2-3,6-8H2,1H3,(H,19,22)(H,20,21,23)",KGCOGSOWVBFTKN-UHFFFAOYSA-N,SALL4,CRBN,Q96SW2,,,,,,,,,10.1021/acs.jmedchem.3c00851
485,446,18,CCCCNC1=CC=C(C(=O)NC2CCC(=O)NC2=O)C(OC)=C1,"InChI=1S/C17H23N3O4/c1-3-4-9-18-11-5-6-12(14(10-11)24-2)16(22)19-13-7-8-15(21)20-17(13)23/h5-6,10,13,18H,3-4,7-9H2,1-2H3,(H,19,22)(H,20,21,23)",VIJYNGMYYHQSKH-UHFFFAOYSA-N,SALL4,CRBN,Q96SW2,,,,,,,,,10.1021/acs.jmedchem.3c00851
486,447,22,CCCCNC1=CC=C2C(=O)N(C3CCC(=O)NC3=O)C(=O)C2=C1,"InChI=1S/C17H19N3O4/c1-2-3-8-18-10-4-5-11-12(9-10)17(24)20(16(11)23)13-6-7-14(21)19-15(13)22/h4-5,9,13,18H,2-3,6-8H2,1H3,(H,19,21,22)",VVIWQOXLAXMQEN-UHFFFAOYSA-N,SALL4,CRBN,Q96SW2,,,,,,,,,10.1021/acs.jmedchem.3c00851
487,448,23,CCCCNC1=CC=C2C(=O)N(C3CCC(=O)NC3=O)CC2=C1,"InChI=1S/C17H21N3O3/c1-2-3-8-18-12-4-5-13-11(9-12)10-20(17(13)23)14-6-7-15(21)19-16(14)22/h4-5,9,14,18H,2-3,6-8,10H2,1H3,(H,19,21,22)",OUEGCYAVXIPRPX-UHFFFAOYSA-N,SALL4,CRBN,Q96SW2,,,,,,,,,10.1021/acs.jmedchem.3c00851
488,449,20,CCCCNC1=CC=C2C(=O)N(C3CCC(=O)NC3=O)N=NC2=C1,"InChI=1S/C16H19N5O3/c1-2-3-8-17-10-4-5-11-12(9-10)19-20-21(16(11)24)13-6-7-14(22)18-15(13)23/h4-5,9,13,17H,2-3,6-8H2,1H3,(H,18,22,23)",BWYRJHMYILLTOI-UHFFFAOYSA-N,IKZF3,CRBN,Q96SW2,,,,,,,,,10.1021/acs.jmedchem.3c00851
488,449,20,CCCCNC1=CC=C2C(=O)N(C3CCC(=O)NC3=O)N=NC2=C1,"InChI=1S/C16H19N5O3/c1-2-3-8-17-10-4-5-11-12(9-10)19-20-21(16(11)24)13-6-7-14(22)18-15(13)23/h4-5,9,13,17H,2-3,6-8H2,1H3,(H,18,22,23)",BWYRJHMYILLTOI-UHFFFAOYSA-N,SALL4,CRBN,Q96SW2,,,,,,,,,10.1021/acs.jmedchem.3c00851
490,451,17,CCCCOC1=CC=C(C(=O)NC2CCC(=O)NC2=O)C(F)=C1,"InChI=1S/C16H19FN2O4/c1-2-3-8-23-10-4-5-11(12(17)9-10)15(21)18-13-6-7-14(20)19-16(13)22/h4-5,9,13H,2-3,6-8H2,1H3,(H,18,21)(H,19,20,22)",VWKWRZUXWYSGOU-UHFFFAOYSA-N,SALL4,CRBN,Q96SW2,,,,,,,,,10.1021/acs.jmedchem.3c00851
491,452,21,CCCCOC1=CC=C(C2CCC(=O)NC2=O)C=C1,"InChI=1S/C15H19NO3/c1-2-3-10-19-12-6-4-11(5-7-12)13-8-9-14(17)16-15(13)18/h4-7,13H,2-3,8-10H2,1H3,(H,16,17,18)",YAHLYYMAJMLQQH-UHFFFAOYSA-N,IKZF3,CRBN,Q96SW2,,,,,,,,,10.1021/acs.jmedchem.3c00851
491,452,21,CCCCOC1=CC=C(C2CCC(=O)NC2=O)C=C1,"InChI=1S/C15H19NO3/c1-2-3-10-19-12-6-4-11(5-7-12)13-8-9-14(17)16-15(13)18/h4-7,13H,2-3,8-10H2,1H3,(H,16,17,18)",YAHLYYMAJMLQQH-UHFFFAOYSA-N,SALL4,CRBN,Q96SW2,,,,,,,,,10.1021/acs.jmedchem.3c00851
5,5,7d,O=C1CCC(NC(=O)C2=C(F)C=C([N+](=O)[O-])C=C2)C(=O)N1,"InChI=1S/C12H10FN3O5/c13-8-5-6(16(20)21)1-2-7(8)11(18)14-9-3-4-10(17)15-12(9)19/h1-2,5,9H,3-4H2,(H,14,18)(H,15,17,19)",CSOFOICJBYMWDE-UHFFFAOYSA-N,,CRBN,Q96SW2,,,,,,,,,10.1021/acs.jmedchem.3c00851
599,554,7b,O=C1CCC(NC(=O)C2=C(F)C([N+](=O)[O-])=CC=C2)C(=O)N1,"InChI=1S/C12H10FN3O5/c13-10-6(2-1-3-8(10)16(20)21)11(18)14-7-4-5-9(17)15-12(7)19/h1-3,7H,4-5H2,(H,14,18)(H,15,17,19)",SMNUPLVATFTHLP-UHFFFAOYSA-N,,CRBN,Q96SW2,,,,,,,,,10.1021/acs.jmedchem.3c00851
673,620,11f,COC1=C(F)C(C(=O)NC2CCC(=O)NC2=O)=CC(F)=C1N,"InChI=1S/C13H13F2N3O4/c1-22-11-9(15)5(4-6(14)10(11)16)12(20)17-7-2-3-8(19)18-13(7)21/h4,7H,2-3,16H2,1H3,(H,17,20)(H,18,19,21)",AJJIOMGESOLWQL-UHFFFAOYSA-N,IKZF3,CRBN,Q96SW2,,,,,,,,,10.1021/acs.jmedchem.3c00851
673,620,11f,COC1=C(F)C(C(=O)NC2CCC(=O)NC2=O)=CC(F)=C1N,"InChI=1S/C13H13F2N3O4/c1-22-11-9(15)5(4-6(14)10(11)16)12(20)17-7-2-3-8(19)18-13(7)21/h4,7H,2-3,16H2,1H3,(H,17,20)(H,18,19,21)",AJJIOMGESOLWQL-UHFFFAOYSA-N,SALL4,CRBN,Q96SW2,,,,,,,,,10.1021/acs.jmedchem.3c00851
692,639,11d,COC1=CC(N)=CC=C1C(=O)NC1CCC(=O)NC1=O,"InChI=1S/C13H15N3O4/c1-20-10-6-7(14)2-3-8(10)12(18)15-9-4-5-11(17)16-13(9)19/h2-3,6,9H,4-5,14H2,1H3,(H,15,18)(H,16,17,19)",SLGDHJMSLPDYEO-UHFFFAOYSA-N,IKZF3,CRBN,Q96SW2,,,,,,,,,10.1021/acs.jmedchem.3c00851
692,639,11d,COC1=CC(N)=CC=C1C(=O)NC1CCC(=O)NC1=O,"InChI=1S/C13H15N3O4/c1-20-10-6-7(14)2-3-8(10)12(18)15-9-4-5-11(17)16-13(9)19/h2-3,6,9H,4-5,14H2,1H3,(H,15,18)(H,16,17,19)",SLGDHJMSLPDYEO-UHFFFAOYSA-N,SALL4,CRBN,Q96SW2,,,,,,,,,10.1021/acs.jmedchem.3c00851
7,7,7f,O=C1CCC(NC(=O)C2=C(F)C=CC=C2[N+](=O)[O-])C(=O)N1,"InChI=1S/C12H10FN3O5/c13-6-2-1-3-8(16(20)21)10(6)12(19)14-7-4-5-9(17)15-11(7)18/h1-3,7H,4-5H2,(H,14,19)(H,15,17,18)",NCKQLNUOHWBFEB-UHFFFAOYSA-N,,CRBN,Q96SW2,,,,,,,,,10.1021/acs.jmedchem.3c00851
866,797,11b,NC1=CC=C(C(=O)NC2CCC(=O)NC2=O)C(C(F)(F)F)=C1,"InChI=1S/C13H12F3N3O3/c14-13(15,16)8-5-6(17)1-2-7(8)11(21)18-9-3-4-10(20)19-12(9)22/h1-2,5,9H,3-4,17H2,(H,18,21)(H,19,20,22)",HPKPRXOHNCNKLQ-UHFFFAOYSA-N,IKZF3,CRBN,Q96SW2,,,,,,,,,10.1021/acs.jmedchem.3c00851
866,797,11b,NC1=CC=C(C(=O)NC2CCC(=O)NC2=O)C(C(F)(F)F)=C1,"InChI=1S/C13H12F3N3O3/c14-13(15,16)8-5-6(17)1-2-7(8)11(21)18-9-3-4-10(20)19-12(9)22/h1-2,5,9H,3-4,17H2,(H,18,21)(H,19,20,22)",HPKPRXOHNCNKLQ-UHFFFAOYSA-N,SALL4,CRBN,Q96SW2,,,,,,,,,10.1021/acs.jmedchem.3c00851
867,798,11a,NC1=CC=C(C(=O)NC2CCC(=O)NC2=O)C(Cl)=C1,"InChI=1S/C12H12ClN3O3/c13-8-5-6(14)1-2-7(8)11(18)15-9-3-4-10(17)16-12(9)19/h1-2,5,9H,3-4,14H2,(H,15,18)(H,16,17,19)",ODBDBMXVJIBLEY-UHFFFAOYSA-N,IKZF3,CRBN,Q96SW2,,,,,,,,,10.1021/acs.jmedchem.3c00851
868,799,8d,NC1=CC=C(C(=O)NC2CCC(=O)NC2=O)C(F)=C1,"InChI=1S/C12H12FN3O3/c13-8-5-6(14)1-2-7(8)11(18)15-9-3-4-10(17)16-12(9)19/h1-2,5,9H,3-4,14H2,(H,15,18)(H,16,17,19)",PDXLABFIWQGDLW-UHFFFAOYSA-N,IKZF3,CRBN,Q96SW2,,,,,,,,,10.1021/acs.jmedchem.3c00851
868,799,8d,NC1=CC=C(C(=O)NC2CCC(=O)NC2=O)C(F)=C1,"InChI=1S/C12H12FN3O3/c13-8-5-6(14)1-2-7(8)11(18)15-9-3-4-10(17)16-12(9)19/h1-2,5,9H,3-4,14H2,(H,15,18)(H,16,17,19)",PDXLABFIWQGDLW-UHFFFAOYSA-N,SALL4,CRBN,Q96SW2,,,,,,,,,10.1021/acs.jmedchem.3c00851
869,800,11e,NC1=CC=C(C(=O)NC2CCC(=O)NC2=O)C(O)=C1,"InChI=1S/C12H13N3O4/c13-6-1-2-7(9(16)5-6)11(18)14-8-3-4-10(17)15-12(8)19/h1-2,5,8,16H,3-4,13H2,(H,14,18)(H,15,17,19)",IPUAAMOPTISHEC-UHFFFAOYSA-N,IKZF3,CRBN,Q96SW2,,,,,,,,,10.1021/acs.jmedchem.3c00851
871,801,8c,NC1=CC=C(C(=O)NC2CCC(=O)NC2=O)C=C1,"InChI=1S/C12H13N3O3/c13-8-3-1-7(2-4-8)11(17)14-9-5-6-10(16)15-12(9)18/h1-4,9H,5-6,13H2,(H,14,17)(H,15,16,18)",JBOKBLSWHXNCMS-UHFFFAOYSA-N,,CRBN,Q96SW2,,,,,,,,,10.1021/acs.jmedchem.3c00851
886,813,8a,NC1=CC=CC(C(=O)NC2CCC(=O)NC2=O)=C1,"InChI=1S/C12H13N3O3/c13-8-3-1-2-7(6-8)11(17)14-9-4-5-10(16)15-12(9)18/h1-3,6,9H,4-5,13H2,(H,14,17)(H,15,16,18)",XOLLDBOOXRTMRB-UHFFFAOYSA-N,,CRBN,Q96SW2,,,,,,,,,10.1021/acs.jmedchem.3c00851
888,814,8b,NC1=CC=CC(C(=O)NC2CCC(=O)NC2=O)=C1F,"InChI=1S/C12H12FN3O3/c13-10-6(2-1-3-7(10)14)11(18)15-8-4-5-9(17)16-12(8)19/h1-3,8H,4-5,14H2,(H,15,18)(H,16,17,19)",JXKRMKVDNCFRFC-UHFFFAOYSA-N,,CRBN,Q96SW2,,,,,,,,,10.1021/acs.jmedchem.3c00851
890,816,8f,NC1=CC=CC(F)=C1C(=O)NC1CCC(=O)NC1=O,"InChI=1S/C12H12FN3O3/c13-6-2-1-3-7(14)10(6)12(19)15-8-4-5-9(17)16-11(8)18/h1-3,8H,4-5,14H2,(H,15,19)(H,16,17,18)",CFBNFISJFWXHOO-UHFFFAOYSA-N,,CRBN,Q96SW2,,,,,,,,,10.1021/acs.jmedchem.3c00851
895,821,8e,NC1=CC=CC=C1C(=O)NC1CCC(=O)NC1=O,"InChI=1S/C12H13N3O3/c13-8-4-2-1-3-7(8)11(17)14-9-5-6-10(16)15-12(9)18/h1-4,9H,5-6,13H2,(H,14,17)(H,15,16,18)",BXYYCADYTWTGMG-UHFFFAOYSA-N,,CRBN,Q96SW2,,,,,,,,,10.1021/acs.jmedchem.3c00851
1021,887,cmp12a,O=C(O)CCC(=O)NCC1=CC=C(COC(=O)NC2CC(=O)NC2=O)C=C1,"InChI=1S/C17H19N3O7/c21-13(5-6-15(23)24)18-8-10-1-3-11(4-2-10)9-27-17(26)19-12-7-14(22)20-16(12)25/h1-4,12H,5-9H2,(H,18,21)(H,19,26)(H,23,24)(H,20,22,25)",GOZKVJYDZYJVDH-UHFFFAOYSA-N,,CRBN,A4TVL0,,,,,,,,,10.1021/acs.jmedchem.9b00454
1022,888,cmp12b,O=C(O)CCC(=O)NCC1=CC=C(COC(=O)NC2CCC(=O)NC2=O)C=C1,"InChI=1S/C18H21N3O7/c22-14(7-8-16(24)25)19-9-11-1-3-12(4-2-11)10-28-18(27)20-13-5-6-15(23)21-17(13)26/h1-4,13H,5-10H2,(H,19,22)(H,20,27)(H,24,25)(H,21,23,26)",IYOYSSFBNZPDGU-UHFFFAOYSA-N,,CRBN,Q96SW2,,,,,,,,,10.1021/acs.jmedchem.9b00454
1039,904,cmp4b,O=C1CC(N2C(=O)C3=C(C=C([N+](=O)[O-])C=C3)C2=O)C(=O)N1,"InChI=1S/C12H7N3O6/c16-9-4-8(10(17)13-9)14-11(18)6-2-1-5(15(20)21)3-7(6)12(14)19/h1-3,8H,4H2,(H,13,16,17)",AGHOOKDMLASOHW-UHFFFAOYSA-N,,CRBN,A4TVL0,,,,,,,,,10.1021/acs.jmedchem.9b00454
1040,905,cmp4a,O=C1CC(N2C(=O)C3=C(C2=O)C([N+](=O)[O-])=CC=C3)C(=O)N1,"InChI=1S/C12H7N3O6/c16-8-4-7(10(17)13-8)14-11(18)5-2-1-3-6(15(20)21)9(5)12(14)19/h1-3,7H,4H2,(H,13,16,17)",NSOHSQDNWATGPD-UHFFFAOYSA-N,,CRBN,A4TVL0,,,,,,,,,10.1021/acs.jmedchem.9b00454
1041,906,cmp7c,O=C1CC(NC(=O)C2=C(Cl)C=C(Cl)C=C2Cl)C(=O)N1,"InChI=1S/C11H7Cl3N2O3/c12-4-1-5(13)9(6(14)2-4)11(19)15-7-3-8(17)16-10(7)18/h1-2,7H,3H2,(H,15,19)(H,16,17,18)",LBWIBZYKUVIBKH-UHFFFAOYSA-N,,CRBN,A4TVL0,,,,,,,,,10.1021/acs.jmedchem.9b00454
1042,907,cmp7h,O=C1CC(NC(=O)C2=C(Cl)C3=C(Cl)C=CC=C3S2)C(=O)N1,"InChI=1S/C13H8Cl2N2O3S/c14-5-2-1-3-7-9(5)10(15)11(21-7)13(20)16-6-4-8(18)17-12(6)19/h1-3,6H,4H2,(H,16,20)(H,17,18,19)",GQJDFUNHZMFVSN-UHFFFAOYSA-N,,CRBN,Q96SW2,,,,,,,,,10.1021/acs.jmedchem.9b00454
1043,908,cmp7g,O=C1CC(NC(=O)C2=C(Cl)C3=CC=CC=C3S2)C(=O)N1,"InChI=1S/C13H9ClN2O3S/c14-10-6-3-1-2-4-8(6)20-11(10)13(19)15-7-5-9(17)16-12(7)18/h1-4,7H,5H2,(H,15,19)(H,16,17,18)",DUHXPFVQMXLGOK-UHFFFAOYSA-N,,CRBN,Q96SW2,,,,,,,,,10.1021/acs.jmedchem.9b00454
1044,909,cmp7e,O=C1CC(NC(=O)C2=CC([N+](=O)[O-])=CC([N+](=O)[O-])=C2)C(=O)N1,"InChI=1S/C11H8N4O7/c16-9-4-8(11(18)13-9)12-10(17)5-1-6(14(19)20)3-7(2-5)15(21)22/h1-3,8H,4H2,(H,12,17)(H,13,16,18)",CMIYQSITXFRVRF-UHFFFAOYSA-N,,CRBN,Q96SW2,,,,,,,,,10.1021/acs.jmedchem.9b00454
1045,910,cmp7b,O=C1CC(NC(=O)CC2=CC=CC=C2)C(=O)N1,"InChI=1S/C12H12N2O3/c15-10(6-8-4-2-1-3-5-8)13-9-7-11(16)14-12(9)17/h1-5,9H,6-7H2,(H,13,15)(H,14,16,17)",ZTMDMWMWWGOUHX-UHFFFAOYSA-N,,CRBN,A4TVL0,,,,,,,,,10.1021/acs.jmedchem.9b00454
1046,911,cmp7d,O=C1CC(NC(=O)OCC2=CC=CC=C2)C(=O)N1,"InChI=1S/C12H12N2O4/c15-10-6-9(11(16)14-10)13-12(17)18-7-8-4-2-1-3-5-8/h1-5,9H,6-7H2,(H,13,17)(H,14,15,16)",QRQMHYISDDHZBY-UHFFFAOYSA-N,IKZF3,CRBN,A4TVL0,,,,,,,,,10.1021/acs.jmedchem.9b00454
1083,946,cmp4d,O=C1CCC(N2C(=O)C3=C(C=C([N+](=O)[O-])C=C3)C2=O)C(=O)N1,"InChI=1S/C13H9N3O6/c17-10-4-3-9(11(18)14-10)15-12(19)7-2-1-6(16(21)22)5-8(7)13(15)20/h1-2,5,9H,3-4H2,(H,14,17,18)",MYPNWKPZEHVONN-UHFFFAOYSA-N,,CRBN,Q96SW2,,,,,,,,,10.1021/acs.jmedchem.9b00454
1112,969,cmp4c,O=C1CCC(N2C(=O)C3=C(C2=O)C([N+](=O)[O-])=CC=C3)C(=O)N1,"InChI=1S/C13H9N3O6/c17-9-5-4-8(11(18)14-9)15-12(19)6-2-1-3-7(16(21)22)10(6)13(15)20/h1-3,8H,4-5H2,(H,14,17,18)",KVRCAGKHAZRSQX-UHFFFAOYSA-N,,CRBN,Q96SW2,,,,,,,,,10.1021/acs.jmedchem.9b00454
138,132,cmp7a,CC(C)=CC(=O)NC1CC(=O)NC1=O,"InChI=1S/C9H12N2O3/c1-5(2)3-7(12)10-6-4-8(13)11-9(6)14/h3,6H,4H2,1-2H3,(H,10,12)(H,11,13,14)",RSHQAELIOFFTCL-UHFFFAOYSA-N,,CRBN,A4TVL0,,,,,,,,,10.1021/acs.jmedchem.9b00454
898,824,cmp5a,NC1=CC=CC2=C1C(=O)N(C1CC(=O)NC1=O)C2=O,"InChI=1S/C12H9N3O4/c13-6-3-1-2-5-9(6)12(19)15(11(5)18)7-4-8(16)14-10(7)17/h1-3,7H,4,13H2,(H,14,16,17)",MSHTVRYXGFREAN-UHFFFAOYSA-N,IKZF3,CRBN,A4TVL0,,,,,,,,,10.1021/acs.jmedchem.9b00454
951,830,cmp5b,NC1=CC2=C(C=C1)C(=O)N(C1CC(=O)NC1=O)C2=O,"InChI=1S/C12H9N3O4/c13-5-1-2-6-7(3-5)12(19)15(11(6)18)8-4-9(16)14-10(8)17/h1-3,8H,4,13H2,(H,14,16,17)",ZQAUOFWDVHCTPN-UHFFFAOYSA-N,,CRBN,A4TVL0,,,,,,,,,10.1021/acs.jmedchem.9b00454
980,851,cmp7f,O=C(/C=C/C1=CC=CC=C1)NC1CC(=O)NC1=O,"InChI=1S/C13H12N2O3/c16-11(7-6-9-4-2-1-3-5-9)14-10-8-12(17)15-13(10)18/h1-7,10H,8H2,(H,14,16)(H,15,17,18)/b7-6+",NSEUGMATEWSNTO-VOTSOKGWSA-N,IKZF3,CRBN,A4TVL0,,,,,,,,,10.1021/acs.jmedchem.9b00454
982,853,cmp16a,O=C([O-])C(F)(F)F.[NH3+]C1CCC(COC(=O)NC2CC(=O)NC2=O)CC1,"InChI=1S/C12H19N3O4.C2HF3O2/c13-8-3-1-7(2-4-8)6-19-12(18)14-9-5-10(16)15-11(9)17;3-2(4,5)1(6)7/h7-9H,1-6,13H2,(H,14,18)(H,15,16,17);(H,6,7)",IDKISCZKDDVEPK-UHFFFAOYSA-N,,CRBN,Q96SW2,,,,,,,,,10.1021/acs.jmedchem.9b00454
983,854,cmp16b,O=C([O-])C(F)(F)F.[NH3+]C1CCC(COC(=O)NC2CCC(=O)NC2=O)CC1,"InChI=1S/C13H21N3O4.C2HF3O2/c14-9-3-1-8(2-4-9)7-20-13(19)15-10-5-6-11(17)16-12(10)18;3-2(4,5)1(6)7/h8-10H,1-7,14H2,(H,15,19)(H,16,17,18);(H,6,7)",WFZUERZDUJOIKS-UHFFFAOYSA-N,,CRBN,A4TVL0,,,,,,,,,10.1021/acs.jmedchem.9b00454
984,855,cmp11a,O=C([O-])C(F)(F)F.[NH3+]CC1=CC=C(COC(=O)NC2CC(=O)NC2=O)C=C1,"InChI=1S/C13H15N3O4.C2HF3O2/c14-6-8-1-3-9(4-2-8)7-20-13(19)15-10-5-11(17)16-12(10)18;3-2(4,5)1(6)7/h1-4,10H,5-7,14H2,(H,15,19)(H,16,17,18);(H,6,7)",PLLXGRIWWSZEMJ-UHFFFAOYSA-N,,CRBN,A4TVL0,,,,,,,,,10.1021/acs.jmedchem.9b00454
985,856,cmp11b,O=C([O-])C(F)(F)F.[NH3+]CC1=CC=C(COC(=O)NC2CCC(=O)NC2=O)C=C1,"InChI=1S/C14H17N3O4.C2HF3O2/c15-7-9-1-3-10(4-2-9)8-21-14(20)16-11-5-6-12(18)17-13(11)19;3-2(4,5)1(6)7/h1-4,11H,5-8,15H2,(H,16,20)(H,17,18,19);(H,6,7)",GOGBEGLFGWYKKT-UHFFFAOYSA-N,,CRBN,Q96SW2,,,,,,,,,10.1021/acs.jmedchem.9b00454
986,857,cmp20a,O=C([O-])C(F)(F)F.O=C1CC(NC(=O)OCC2CCC[NH2+]2)C(=O)N1,"InChI=1S/C10H15N3O4.C2HF3O2/c14-8-4-7(9(15)13-8)12-10(16)17-5-6-2-1-3-11-6;3-2(4,5)1(6)7/h6-7,11H,1-5H2,(H,12,16)(H,13,14,15);(H,6,7)",CQLYLAGFKRSOGF-UHFFFAOYSA-N,,CRBN,A4TVL0,,,,,,,,,10.1021/acs.jmedchem.9b00454
987,858,cmp20b,O=C([O-])C(F)(F)F.O=C1CCC(NC(=O)OCC2CCC[NH2+]2)C(=O)N1,"InChI=1S/C11H17N3O4.C2HF3O2/c15-9-4-3-8(10(16)14-9)13-11(17)18-6-7-2-1-5-12-7;3-2(4,5)1(6)7/h7-8,12H,1-6H2,(H,13,17)(H,14,15,16);(H,6,7)",BATUGRSDVQRCBD-UHFFFAOYSA-N,,CRBN,A4TVL0,,,,,,,,,10.1021/acs.jmedchem.9b00454
11,11,26b,C[C@@H]1C[C@H](C)CN(C2=NC=C(Cl)C(NC3=CC=C4C(=C3)N(CCC(C)(C)O)C(=O)N4C)=C2)C1,"InChI=1S/C25H34ClN5O2/c1-16-10-17(2)15-30(14-16)23-12-20(19(26)13-27-23)28-18-6-7-21-22(11-18)31(24(32)29(21)5)9-8-25(3,4)33/h6-7,11-13,16-17,33H,8-10,14-15H2,1-5H3,(H,27,28)/t16-,17+",ZSNPZVSHDMCRMS-CALCHBBNSA-N,BCL6,Unknown,,SU-DHL-4,,1800,nM,,,,,10.1021/acs.jmedchem.9b02076
12,12,CCT368682,C[C@@H]1C[C@H](C)CN(C2=NC=C(Cl)C(NC3=CC=C4C(=C3)N(CCC(C)(C)O)C(=O)N4C)=N2)C1,"InChI=1S/C24H33ClN6O2/c1-15-10-16(2)14-30(13-15)22-26-12-18(25)21(28-22)27-17-6-7-19-20(11-17)31(23(32)29(19)5)9-8-24(3,4)33/h6-7,11-12,15-16,33H,8-10,13-14H2,1-5H3,(H,26,27,28)/t15-,16+",SZOQWJDRAIBTQM-IYBDPMFKSA-N,BCL6,Unknown,,SU-DHL-4,,330,nM,,,,,10.1021/acs.jmedchem.9b02076
12,12,CCT368682,C[C@@H]1C[C@H](C)CN(C2=NC=C(Cl)C(NC3=CC=C4C(=C3)N(CCC(C)(C)O)C(=O)N4C)=N2)C1,"InChI=1S/C24H33ClN6O2/c1-15-10-16(2)14-30(13-15)22-26-12-18(25)21(28-22)27-17-6-7-19-20(11-17)31(23(32)29(19)5)9-8-24(3,4)33/h6-7,11-12,15-16,33H,8-10,13-14H2,1-5H3,(H,26,27,28)/t15-,16+",SZOQWJDRAIBTQM-IYBDPMFKSA-N,BCL6,Unknown,,OCI-Ly1,,92,nM,,,,,10.1021/acs.jmedchem.9b02076
14,14,CCT369260,C[C@@H]1CN(C2=NC=C(Cl)C(NC3=CC=C4C(=C3)N(CCC(C)(C)O)C(=O)N4C)=N2)C[C@H](C)C1(F)F,"InChI=1S/C24H31ClF2N6O2/c1-14-12-32(13-15(2)24(14,26)27)21-28-11-17(25)20(30-21)29-16-6-7-18-19(10-16)33(22(34)31(18)5)9-8-23(3,4)35/h6-7,10-11,14-15,35H,8-9,12-13H2,1-5H3,(H,28,29,30)/t14-,15+",VFNPUAOAEFMXQI-GASCZTMLSA-N,BCL6,Unknown,,SU-DHL-4,,90,nM,,,,,10.1021/acs.jmedchem.9b02076
14,14,CCT369260,C[C@@H]1CN(C2=NC=C(Cl)C(NC3=CC=C4C(=C3)N(CCC(C)(C)O)C(=O)N4C)=N2)C[C@H](C)C1(F)F,"InChI=1S/C24H31ClF2N6O2/c1-14-12-32(13-15(2)24(14,26)27)21-28-11-17(25)20(30-21)29-16-6-7-18-19(10-16)33(22(34)31(18)5)9-8-23(3,4)35/h6-7,10-11,14-15,35H,8-9,12-13H2,1-5H3,(H,28,29,30)/t14-,15+",VFNPUAOAEFMXQI-GASCZTMLSA-N,BCL6,Unknown,,OCI-Ly1,,49,nM,,,,,10.1021/acs.jmedchem.9b02076
14,14,CCT369260,C[C@@H]1CN(C2=NC=C(Cl)C(NC3=CC=C4C(=C3)N(CCC(C)(C)O)C(=O)N4C)=N2)C[C@H](C)C1(F)F,"InChI=1S/C24H31ClF2N6O2/c1-14-12-32(13-15(2)24(14,26)27)21-28-11-17(25)20(30-21)29-16-6-7-18-19(10-16)33(22(34)31(18)5)9-8-23(3,4)35/h6-7,10-11,14-15,35H,8-9,12-13H2,1-5H3,(H,28,29,30)/t14-,15+",VFNPUAOAEFMXQI-GASCZTMLSA-N,BCL6,Unknown,,Karpas 422,,62,nM,,,,,10.1021/acs.jmedchem.9b02076
464,425,24a,CC1CCCN(C2=NC=C(Cl)C(NC3=CC=C4C(=C3)N(CCC(C)(C)O)C(=O)N4C)=N2)C1,"InChI=1S/C23H31ClN6O2/c1-15-6-5-10-29(14-15)21-25-13-17(24)20(27-21)26-16-7-8-18-19(12-16)30(22(31)28(18)4)11-9-23(2,3)32/h7-8,12-13,15,32H,5-6,9-11,14H2,1-4H3,(H,25,26,27)",JJRNMFKHVQJGBN-UHFFFAOYSA-N,BCL6,Unknown,,SU-DHL-4,,520,nM,,,,,10.1021/acs.jmedchem.9b02076
466,427,27c,CC1CN(C2=NC=C(Cl)C(NC3=CC=C4C(=C3)N(CCC(C)(C)O)C(=O)N4C)=N2)CCC1(F)F,"InChI=1S/C23H29ClF2N6O2/c1-14-13-31(9-8-23(14,25)26)20-27-12-16(24)19(29-20)28-15-5-6-17-18(11-15)32(21(33)30(17)4)10-7-22(2,3)34/h5-6,11-12,14,34H,7-10,13H2,1-4H3,(H,27,28,29)",MOBUBSZJEOKULO-UHFFFAOYSA-N,BCL6,Unknown,,SU-DHL-4,,180,nM,,,,,10.1021/acs.jmedchem.9b02076
593,548,CCT369900,CN1C(=O)N(CCC(C)(C)O)C2=CC(NC3=NC(N4CCC(F)(F)C(CO)C4)=NC=C3Cl)=CC=C21,"InChI=1S/C23H29ClF2N6O3/c1-22(2,35)6-9-32-18-10-15(4-5-17(18)30(3)21(32)34)28-19-16(24)11-27-20(29-19)31-8-7-23(25,26)14(12-31)13-33/h4-5,10-11,14,33,35H,6-9,12-13H2,1-3H3,(H,27,28,29)",AXXSGZFGJNDDCH-UHFFFAOYSA-N,BCL6,Unknown,,SU-DHL-4,,120,nM,,,,,10.1021/acs.jmedchem.9b02076
593,548,CCT369900,CN1C(=O)N(CCC(C)(C)O)C2=CC(NC3=NC(N4CCC(F)(F)C(CO)C4)=NC=C3Cl)=CC=C21,"InChI=1S/C23H29ClF2N6O3/c1-22(2,35)6-9-32-18-10-15(4-5-17(18)30(3)21(32)34)28-19-16(24)11-27-20(29-19)31-8-7-23(25,26)14(12-31)13-33/h4-5,10-11,14,33,35H,6-9,12-13H2,1-3H3,(H,27,28,29)",AXXSGZFGJNDDCH-UHFFFAOYSA-N,BCL6,Unknown,,OCI-Ly1,,80,nM,,,,,10.1021/acs.jmedchem.9b02076
594,549,27b,CN1C(=O)N(CCC(C)(C)O)C2=CC(NC3=NC(N4CCC(F)(F)CC4)=NC=C3Cl)=CC=C21,"InChI=1S/C22H27ClF2N6O2/c1-21(2,33)6-11-31-17-12-14(4-5-16(17)29(3)20(31)32)27-18-15(23)13-26-19(28-18)30-9-7-22(24,25)8-10-30/h4-5,12-13,33H,6-11H2,1-3H3,(H,26,27,28)",WBWCRVDICXCMSW-UHFFFAOYSA-N,BCL6,Unknown,,SU-DHL-4,,260,nM,,,,,10.1021/acs.jmedchem.9b02076
594,549,27b,CN1C(=O)N(CCC(C)(C)O)C2=CC(NC3=NC(N4CCC(F)(F)CC4)=NC=C3Cl)=CC=C21,"InChI=1S/C22H27ClF2N6O2/c1-21(2,33)6-11-31-17-12-14(4-5-16(17)29(3)20(31)32)27-18-15(23)13-26-19(28-18)30-9-7-22(24,25)8-10-30/h4-5,12-13,33H,6-11H2,1-3H3,(H,26,27,28)",WBWCRVDICXCMSW-UHFFFAOYSA-N,BCL6,Unknown,,OCI-Ly1,,180,nM,,,,,10.1021/acs.jmedchem.9b02076
594,549,27b,CN1C(=O)N(CCC(C)(C)O)C2=CC(NC3=NC(N4CCC(F)(F)CC4)=NC=C3Cl)=CC=C21,"InChI=1S/C22H27ClF2N6O2/c1-21(2,33)6-11-31-17-12-14(4-5-16(17)29(3)20(31)32)27-18-15(23)13-26-19(28-18)30-9-7-22(24,25)8-10-30/h4-5,12-13,33H,6-11H2,1-3H3,(H,26,27,28)",WBWCRVDICXCMSW-UHFFFAOYSA-N,BCL6,Unknown,,Karpas 422,,290,nM,,,,,10.1021/acs.jmedchem.9b02076
595,550,27a,CN1C(=O)N(CCC(C)(C)O)C2=CC(NC3=NC(N4CCCC(C(F)(F)F)C4)=NC=C3Cl)=CC=C21,"InChI=1S/C23H28ClF3N6O2/c1-22(2,35)8-10-33-18-11-15(6-7-17(18)31(3)21(33)34)29-19-16(24)12-28-20(30-19)32-9-4-5-14(13-32)23(25,26)27/h6-7,11-12,14,35H,4-5,8-10,13H2,1-3H3,(H,28,29,30)",WXBNLEGNJQNAOI-UHFFFAOYSA-N,BCL6,Unknown,,SU-DHL-4,,750,nM,,,,,10.1021/acs.jmedchem.9b02076
596,551,27d,CN1C(=O)N(CCC(C)(C)O)C2=CC(NC3=NC(N4CCCC(CO)C4)=NC=C3Cl)=CC=C21,"InChI=1S/C23H31ClN6O3/c1-23(2,33)8-10-30-19-11-16(6-7-18(19)28(3)22(30)32)26-20-17(24)12-25-21(27-20)29-9-4-5-15(13-29)14-31/h6-7,11-12,15,31,33H,4-5,8-10,13-14H2,1-3H3,(H,25,26,27)",QDLVANQUFIRAGS-UHFFFAOYSA-N,BCL6,Unknown,,SU-DHL-4,,450,nM,,,,,10.1021/acs.jmedchem.9b02076
814,751,27f,COCC1CN(C2=NC=C(Cl)C(NC3=CC=C4C(=C3)N(CCC(C)(C)O)C(=O)N4C)=N2)CCC1(F)F,"InChI=1S/C24H31ClF2N6O3/c1-23(2,35)7-10-33-19-11-16(5-6-18(19)31(3)22(33)34)29-20-17(25)12-28-21(30-20)32-9-8-24(26,27)15(13-32)14-36-4/h5-6,11-12,15,35H,7-10,13-14H2,1-4H3,(H,28,29,30)",UMOMRWVRGOTDAT-UHFFFAOYSA-N,BCL6,Unknown,,SU-DHL-4,,440,nM,,,,,10.1021/acs.jmedchem.9b02076
478,439,JP-2-201,CCCC1=NN(C)C2=C1N=C(C1=CC(S(=O)(=O)N3CCN(C(=O)/C=C/C(=O)C4=CC=C(OC)C=C4)CC3)=CC=C1OCC)NC2=O,"InChI=1S/C32H36N6O7S/c1-5-7-25-29-30(36(3)35-25)32(41)34-31(33-29)24-20-23(12-14-27(24)45-6-2)46(42,43)38-18-16-37(17-19-38)28(40)15-13-26(39)21-8-10-22(44-4)11-9-21/h8-15,20H,5-7,16-19H2,1-4H3,(H,33,34,41)/b15-13+",YGANIZBPLNWCOJ-FYWRMAATSA-N,PDE5,RNF126,Q9BV68,,,,,,,,,10.1021/acscentsci.2c01317
549,507,EST1027,CN(C)C(=O)C1=CC2=CN=C(NC3=CC=C(N4CCN(C(=O)/C=C/C5=CC=C(C(F)(F)F)C=C5)CC4)C=N3)N=C2N1C1CCCC1,"InChI=1S/C33H35F3N8O2/c1-41(2)31(46)27-19-23-20-38-32(40-30(23)44(27)25-5-3-4-6-25)39-28-13-12-26(21-37-28)42-15-17-43(18-16-42)29(45)14-9-22-7-10-24(11-8-22)33(34,35)36/h7-14,19-21,25H,3-6,15-18H2,1-2H3,(H,37,38,39,40)/b14-9+",NUNSNQLTNNCTMR-NTEUORMPSA-N,CDK4,RNF126,Q9BV68,,,,,,,,,10.1021/acscentsci.2c01317
550,508,EST1051,CN(C)C(=O)C1=CC2=CN=C(NC3=CC=C(N4CCN(C(=O)/C=C/C5=CC=CC(C(F)(F)F)=C5)CC4)C=N3)N=C2N1C1CCCC1,"InChI=1S/C33H35F3N8O2/c1-41(2)31(46)27-19-23-20-38-32(40-30(23)44(27)25-8-3-4-9-25)39-28-12-11-26(21-37-28)42-14-16-43(17-15-42)29(45)13-10-22-6-5-7-24(18-22)33(34,35)36/h5-7,10-13,18-21,25H,3-4,8-9,14-17H2,1-2H3,(H,37,38,39,40)/b13-10+",MAMMPSXXACWRFF-JLHYYAGUSA-N,CDK4,RNF126,Q9BV68,,,,,,,,,10.1021/acscentsci.2c01317
551,509,EST1054,CN(C)C(=O)C1=CC2=CN=C(NC3=CC=C(N4CCN(C(=O)/C=C/C5=CC=CC=C5C(F)(F)F)CC4)C=N3)N=C2N1C1CCCC1,"InChI=1S/C33H35F3N8O2/c1-41(2)31(46)27-19-23-20-38-32(40-30(23)44(27)24-8-4-5-9-24)39-28-13-12-25(21-37-28)42-15-17-43(18-16-42)29(45)14-11-22-7-3-6-10-26(22)33(34,35)36/h3,6-7,10-14,19-21,24H,4-5,8-9,15-18H2,1-2H3,(H,37,38,39,40)/b14-11+",QWQZXTPQWYKQSG-SDNWHVSQSA-N,CDK4,RNF126,Q9BV68,,,,,,,,,10.1021/acscentsci.2c01317
650,598,JP-2-244,CNC1=NC(NC2=CC=C(C(=O)N3CCN(C(=O)/C=C/C(=O)C4=CC=C(OC)C=C4)CC3)C=C2OC)=NC=C1Cl,"InChI=1S/C28H29ClN6O5/c1-30-26-21(29)17-31-28(33-26)32-22-9-6-19(16-24(22)40-3)27(38)35-14-12-34(13-15-35)25(37)11-10-23(36)18-4-7-20(39-2)8-5-18/h4-11,16-17H,12-15H2,1-3H3,(H2,30,31,32,33)/b11-10+",JEAMPRFLKUGMIJ-ZHACJKMWSA-N,LRRK2,RNF126,Q9BV68,,,,,,,,,10.1021/acscentsci.2c01317
702,649,JP-2-247,COC1=CC=C(C(=O)/C=C/C(=O)N2CCC[C@@H](N3N=C(C4=CC=C(OC5=CC=CC=C5)C=C4)C4=C(N)N=CN=C43)C2)C=C1,"InChI=1S/C33H30N6O4/c1-42-25-13-9-22(10-14-25)28(40)17-18-29(41)38-19-5-6-24(20-38)39-33-30(32(34)35-21-36-33)31(37-39)23-11-15-27(16-12-23)43-26-7-3-2-4-8-26/h2-4,7-18,21,24H,5-6,19-20H2,1H3,(H2,34,35,36)/b18-17+/t24-/m1/s1",VIQRYBMUDDUCDX-IKPXGLPCSA-N,BTK,RNF126,Q9BV68,,,,,,,,,10.1021/acscentsci.2c01317
703,650,JP-2-197,COC1=CC=C(C(=O)/C=C/C(=O)N2CCN(C(=O)C[C@@H]3N=C(C4=CC=C(Cl)C=C4)C4=C(SC(C)=C4C)N4C(C)=NN=C34)CC2)C=C1,"InChI=1S/C34H33ClN6O4S/c1-20-21(2)46-34-31(20)32(24-5-9-25(35)10-6-24)36-27(33-38-37-22(3)41(33)34)19-30(44)40-17-15-39(16-18-40)29(43)14-13-28(42)23-7-11-26(45-4)12-8-23/h5-14,27H,15-19H2,1-4H3/b14-13+/t27-/m0/s1",WJQUXZKGMGEUTI-DEIPZHPTSA-N,BRD4,RNF126,Q9BV68,,,,,,,,,10.1021/acscentsci.2c01317
704,651,DD-1-073,COC1=CC=C(C(=O)/C=C/C(=O)N2CCN(C(=O)C3=CC=C(NC(=O)CCCCCCC(=O)NO)C=C3)CC2)C=C1,"InChI=1S/C30H36N4O7/c1-41-25-14-10-22(11-15-25)26(35)16-17-29(38)33-18-20-34(21-19-33)30(39)23-8-12-24(13-9-23)31-27(36)6-4-2-3-5-7-28(37)32-40/h8-17,40H,2-7,18-21H2,1H3,(H,31,36)(H,32,37)/b17-16+",XUOZCDNTQACKLD-WUKNDPDISA-N,HDAC1,RNF126,Q9BV68,,,,,,,,,10.1021/acscentsci.2c01317
704,651,DD-1-073,COC1=CC=C(C(=O)/C=C/C(=O)N2CCN(C(=O)C3=CC=C(NC(=O)CCCCCCC(=O)NO)C=C3)CC2)C=C1,"InChI=1S/C30H36N4O7/c1-41-25-14-10-22(11-15-25)26(35)16-17-29(38)33-18-20-34(21-19-33)30(39)23-8-12-24(13-9-23)31-27(36)6-4-2-3-5-7-28(37)32-40/h8-17,40H,2-7,18-21H2,1H3,(H,31,36)(H,32,37)/b17-16+",XUOZCDNTQACKLD-WUKNDPDISA-N,HDAC3,RNF126,Q9BV68,,,,,,,,,10.1021/acscentsci.2c01317
705,652,JP-2-217,COC1=CC=C(C(=O)/C=C/C(=O)N2CCN(C(=O)COC3=CC=C(C4=CSC(N5CCOCC5)=N4)C=C3)CC2)C=C1,"InChI=1S/C30H32N4O6S/c1-38-24-6-4-23(5-7-24)27(35)10-11-28(36)32-12-14-33(15-13-32)29(37)20-40-25-8-2-22(3-9-25)26-21-41-30(31-26)34-16-18-39-19-17-34/h2-11,21H,12-20H2,1H3/b11-10+",VSSVYPVREOGSLZ-ZHACJKMWSA-N,AR,RNF126,Q9BV68,,,,,,,,,10.1021/acscentsci.2c01317
705,652,JP-2-217,COC1=CC=C(C(=O)/C=C/C(=O)N2CCN(C(=O)COC3=CC=C(C4=CSC(N5CCOCC5)=N4)C=C3)CC2)C=C1,"InChI=1S/C30H32N4O6S/c1-38-24-6-4-23(5-7-24)27(35)10-11-28(36)32-12-14-33(15-13-32)29(37)20-40-25-8-2-22(3-9-25)26-21-41-30(31-26)34-16-18-39-19-17-34/h2-11,21H,12-20H2,1H3/b11-10+",VSSVYPVREOGSLZ-ZHACJKMWSA-N,AR-V7,RNF126,Q9BV68,,,,,,,,,10.1021/acscentsci.2c01317
706,653,JP-2-249,COC1=CC=C(C(=O)/C=C/C(=O)N2CCN(C3=CC(C4=CC=CC=C4O)=NN=C3N)CC2)C=C1,"InChI=1S/C25H25N5O4/c1-34-18-8-6-17(7-9-18)22(31)10-11-24(33)30-14-12-29(13-15-30)21-16-20(27-28-25(21)26)19-4-2-3-5-23(19)32/h2-11,16,32H,12-15H2,1H3,(H2,26,28)/b11-10+",KBSAPXILKARMEB-ZHACJKMWSA-N,SMARCA2,RNF126,Q9BV68,,,,,,,,,10.1021/acscentsci.2c01317
707,654,JP-2-227,COC1=CC=C(C(=O)/C=C/C(=O)N2CCN(C3=CC(NC4=NC=C(C(=O)NC5=C(C)C=CC=C5Cl)S4)=NC(C)=N3)CC2)C=C1,"InChI=1S/C31H30ClN7O4S/c1-19-5-4-6-23(32)29(19)37-30(42)25-18-33-31(44-25)36-26-17-27(35-20(2)34-26)38-13-15-39(16-14-38)28(41)12-11-24(40)21-7-9-22(43-3)10-8-21/h4-12,17-18H,13-16H2,1-3H3,(H,37,42)(H,33,34,35,36)/b12-11+",RSAGTMNLBHUUBK-VAWYXSNFSA-N,BCR-ABL,RNF126,Q9BV68,,,,,,,,,10.1021/acscentsci.2c01317
707,654,JP-2-227,COC1=CC=C(C(=O)/C=C/C(=O)N2CCN(C3=CC(NC4=NC=C(C(=O)NC5=C(C)C=CC=C5Cl)S4)=NC(C)=N3)CC2)C=C1,"InChI=1S/C31H30ClN7O4S/c1-19-5-4-6-23(32)29(19)37-30(42)25-18-33-31(44-25)36-26-17-27(35-20(2)34-26)38-13-15-39(16-14-38)28(41)12-11-24(40)21-7-9-22(43-3)10-8-21/h4-12,17-18H,13-16H2,1-3H3,(H,37,42)(H,33,34,35,36)/b12-11+",RSAGTMNLBHUUBK-VAWYXSNFSA-N,c-ABL,RNF126,Q9BV68,,,,,,,,,10.1021/acscentsci.2c01317
708,655,JP-2-224,COC1=CC=C(C(=O)/C=C/C(=O)N2CCN(C3=CC=C(C4=CSC(N5CCOCC5)=N4)C=C3)CC2)C=C1,"InChI=1S/C28H30N4O4S/c1-35-24-8-4-22(5-9-24)26(33)10-11-27(34)31-14-12-30(13-15-31)23-6-2-21(3-7-23)25-20-37-28(29-25)32-16-18-36-19-17-32/h2-11,20H,12-19H2,1H3/b11-10+",LXVVNCSUUWVSBL-ZHACJKMWSA-N,AR,RNF126,Q9BV68,,,,,,,,,10.1021/acscentsci.2c01317
708,655,JP-2-224,COC1=CC=C(C(=O)/C=C/C(=O)N2CCN(C3=CC=C(C4=CSC(N5CCOCC5)=N4)C=C3)CC2)C=C1,"InChI=1S/C28H30N4O4S/c1-35-24-8-4-22(5-9-24)26(33)10-11-27(34)31-14-12-30(13-15-31)23-6-2-21(3-7-23)25-20-37-28(29-25)32-16-18-36-19-17-32/h2-11,20H,12-19H2,1H3/b11-10+",LXVVNCSUUWVSBL-ZHACJKMWSA-N,AR-V7,RNF126,Q9BV68,,,,,,,,,10.1021/acscentsci.2c01317
710,657,EST1089,COC1=CC=C(C(=O)/C=C/C(=O)N2CCN(C3=CC=C(NC4=NC=C5C(C)=C(C(C)=O)C(=O)N(C6CCCC6)C5=N4)N=C3)CC2)C=C1,"InChI=1S/C35H37N7O5/c1-22-28-21-37-35(39-33(28)42(25-6-4-5-7-25)34(46)32(22)23(2)43)38-30-14-10-26(20-36-30)40-16-18-41(19-17-40)31(45)15-13-29(44)24-8-11-27(47-3)12-9-24/h8-15,20-21,25H,4-7,16-19H2,1-3H3,(H,36,37,38,39)/b15-13+",BVBLSFMBNBIVMI-FYWRMAATSA-N,CDK4,RNF126,Q9BV68,,,,,,,,,10.1021/acscentsci.2c01317
712,659,JP-2-219,COC1=CC=C(C(=O)/C=C/C(=O)NCCNC(=O)C[C@@H]2N=C(C3=CC=C(Cl)C=C3)C3=C(SC(C)=C3C)N3C(C)=NN=C23)C=C1,"InChI=1S/C32H31ClN6O4S/c1-18-19(2)44-32-29(18)30(22-5-9-23(33)10-6-22)36-25(31-38-37-20(3)39(31)32)17-28(42)35-16-15-34-27(41)14-13-26(40)21-7-11-24(43-4)12-8-21/h5-14,25H,15-17H2,1-4H3,(H,34,41)(H,35,42)/b14-13+/t25-/m0/s1",WQULPQFWJRMNEZ-AAJFVQQISA-N,BRD4,RNF126,Q9BV68,,,,,,,,,10.1021/acscentsci.2c01317
713,660,FB-84-GG64,COC1=CC=C(C(=O)/C=C\C(=O)N2CCN(C(=O)C[C@@H]3N=C(C4=CC=C(Cl)C=C4)C4=C(SC(C)=C4C)N4C(C)=NN=C34)CC2)C=C1,"InChI=1S/C34H33ClN6O4S/c1-20-21(2)46-34-31(20)32(24-5-9-25(35)10-6-24)36-27(33-38-37-22(3)41(33)34)19-30(44)40-17-15-39(16-18-40)29(43)14-13-28(42)23-7-11-26(45-4)12-8-23/h5-14,27H,15-19H2,1-4H3/b14-13-/t27-/m0/s1",WJQUXZKGMGEUTI-FVDMPLEPSA-N,BRD4,RNF126,Q9BV68,,,,,,,,,10.1021/acscentsci.2c01317
257,246,ML 1-54,CC1=C(C)C2=C(S1)N1C(C)=NN=C1[C@H](CC(=O)N1CCN(C(=O)C3=CC(S(=O)(=O)F)=CC=C3O)CC1)N=C2C1=CC=C(Cl)C=C1,"InChI=1S/C30H28ClFN6O5S2/c1-16-17(2)44-30-26(16)27(19-4-6-20(31)7-5-19)33-23(28-35-34-18(3)38(28)30)15-25(40)36-10-12-37(13-11-36)29(41)22-14-21(45(32,42)43)8-9-24(22)39/h4-9,14,23,39H,10-13,15H2,1-3H3/t23-/m0/s1",AOSVNBUSHVHAJS-QHCPKHFHSA-N,,DCAF16,Q9NXF7,,,,,,,,,10.1021/acscentsci.4c00286
258,247,ML 1-29,CC1=C(C)C2=C(S1)N1C(C)=NN=C1[C@H](CC(=O)N1CCN(C(=O)C3=CC=C(C=O)C(O)=C3)CC1)N=C2C1=CC=C(Cl)C=C1,"InChI=1S/C31H29ClN6O4S/c1-17-18(2)43-31-27(17)28(20-6-8-23(32)9-7-20)33-24(29-35-34-19(3)38(29)31)15-26(41)36-10-12-37(13-11-36)30(42)21-4-5-22(16-39)25(40)14-21/h4-9,14,16,24,40H,10-13,15H2,1-3H3/t24-/m0/s1",YJDZOMPJSXXLBY-DEOSSOPVSA-N,,DCAF16,Q9NXF7,,,,,,,,,10.1021/acscentsci.4c00286
259,248,ML 1-52,CC1=C(C)C2=C(S1)N1C(C)=NN=C1[C@H](CC(=O)N1CCN(C(=O)C3=CC=C(C=O)N=C3)CC1)N=C2C1=CC=C(Cl)C=C1,"InChI=1S/C30H28ClN7O3S/c1-17-18(2)42-30-26(17)27(20-4-7-22(31)8-5-20)33-24(28-35-34-19(3)38(28)30)14-25(40)36-10-12-37(13-11-36)29(41)21-6-9-23(16-39)32-15-21/h4-9,15-16,24H,10-14H2,1-3H3/t24-/m0/s1",VTWNUPGRZQTXTK-DEOSSOPVSA-N,,DCAF16,Q9NXF7,,,,,,,,,10.1021/acscentsci.4c00286
260,249,ML 1-31,CC1=C(C)C2=C(S1)N1C(C)=NN=C1[C@H](CC(=O)N1CCN(C(=O)C3=CC=C(S(=O)(=O)F)C=C3)CC1)N=C2C1=CC=C(Cl)C=C1,"InChI=1S/C30H28ClFN6O4S2/c1-17-18(2)43-30-26(17)27(20-4-8-22(31)9-5-20)33-24(28-35-34-19(3)38(28)30)16-25(39)36-12-14-37(15-13-36)29(40)21-6-10-23(11-7-21)44(32,41)42/h4-11,24H,12-16H2,1-3H3/t24-/m0/s1",YPTYCDONZJUIRY-DEOSSOPVSA-N,,DCAF16,Q9NXF7,,,,,,,,,10.1021/acscentsci.4c00286
261,249,ML 1-32,CC1=C(C)C2=C(S1)N1C(C)=NN=C1[C@H](CC(=O)N1CCN(C(=O)C3=CC=C(S(=O)(=O)F)C=C3)CC1)N=C2C1=CC=C(Cl)C=C1,"InChI=1S/C30H28ClFN6O4S2/c1-17-18(2)43-30-26(17)27(20-4-8-22(31)9-5-20)33-24(28-35-34-19(3)38(28)30)16-25(39)36-12-14-37(15-13-36)29(40)21-6-10-23(11-7-21)44(32,41)42/h4-11,24H,12-16H2,1-3H3/t24-/m0/s1",YPTYCDONZJUIRY-DEOSSOPVSA-N,,DCAF16,Q9NXF7,,,,,,,,,10.1021/acscentsci.4c00286
262,250,ML 1-30,CC1=C(C)C2=C(S1)N1C(C)=NN=C1[C@H](CC(=O)N1CCN(C(=O)C3=CC=C(S(=O)(=O)F)N3)CC1)N=C2C1=CC=C(Cl)C=C1,"InChI=1S/C28H27ClFN7O4S2/c1-15-16(2)42-28-24(15)25(18-4-6-19(29)7-5-18)32-21(26-34-33-17(3)37(26)28)14-23(38)35-10-12-36(13-11-35)27(39)20-8-9-22(31-20)43(30,40)41/h4-9,21,31H,10-14H2,1-3H3/t21-/m0/s1",FXIYLXIEMLFZJA-NRFANRHFSA-N,,DCAF16,Q9NXF7,,,,,,,,,10.1021/acscentsci.4c00286
263,251,ML-1-43,CC1=C(C)C2=C(S1)N1C(C)=NN=C1[C@H](CC(=O)N1CCN(C(=O)CON3C(=O)C4=CC=CC=C4C3=O)CC1)N=C2C1=CC=C(Cl)C=C1,"InChI=1S/C33H30ClN7O5S/c1-18-19(2)47-33-28(18)29(21-8-10-22(34)11-9-21)35-25(30-37-36-20(3)40(30)33)16-26(42)38-12-14-39(15-13-38)27(43)17-46-41-31(44)23-6-4-5-7-24(23)32(41)45/h4-11,25H,12-17H2,1-3H3/t25-/m0/s1",QQXBATYJWJKIBS-VWLOTQADSA-N,,DCAF16,Q9NXF7,,,,,,,,,10.1021/acscentsci.4c00286
264,252,ML 1-45,CC1=C(C)C2=C(S1)N1C(C)=NN=C1[C@H](CC(=O)N1CCN(CC3=CC=C(S(=O)(=O)F)C=C3)CC1)N=C2C1=CC=C(Cl)C=C1,"InChI=1S/C30H30ClFN6O3S2/c1-18-19(2)42-30-27(18)28(22-6-8-23(31)9-7-22)33-25(29-35-34-20(3)38(29)30)16-26(39)37-14-12-36(13-15-37)17-21-4-10-24(11-5-21)43(32,40)41/h4-11,25H,12-17H2,1-3H3/t25-/m0/s1",VCODGJPJEJMVDC-VWLOTQADSA-N,,DCAF16,Q9NXF7,,,,,,,,,10.1021/acscentsci.4c00286
265,253,ML 1-17,CC1=C(C)C2=C(S1)N1C(C)=NN=C1[C@H](CC(=O)NC1=CC=C(C=O)N=C1)N=C2C1=CC=C(Cl)C=C1,"InChI=1S/C25H21ClN6O2S/c1-13-14(2)35-25-22(13)23(16-4-6-17(26)7-5-16)29-20(24-31-30-15(3)32(24)25)10-21(34)28-18-8-9-19(12-33)27-11-18/h4-9,11-12,20H,10H2,1-3H3,(H,28,34)/t20-/m0/s1",AAZZKYQHDWAFRG-FQEVSTJZSA-N,,DCAF16,Q9NXF7,,,,,,,,,10.1021/acscentsci.4c00286
266,254,ML1-13,CC1=C(C)C2=C(S1)N1C(C)=NN=C1[C@H](CC(=O)NC1=CC=C(OC(=O)OC(C)(C)C)C=C1)N=C2C1=CC=C(Cl)C=C1,"InChI=1S/C30H30ClN5O4S/c1-16-17(2)41-28-25(16)26(19-7-9-20(31)10-8-19)33-23(27-35-34-18(3)36(27)28)15-24(37)32-21-11-13-22(14-12-21)39-29(38)40-30(4,5)6/h7-14,23H,15H2,1-6H3,(H,32,37)/t23-/m0/s1",QBQCOKTYWVJGSU-QHCPKHFHSA-N,,DCAF16,Q9NXF7,,,,,,,,,10.1021/acscentsci.4c00286
269,256,ML-1-10,CC1=C(C)C2=C(S1)N1C(C)=NN=C1[C@H](CC(=O)NC1=CC=C(S(=O)(=O)F)C=C1)N=C2C1=CC=C(Cl)C=C1,"InChI=1S/C25H21ClFN5O3S2/c1-13-14(2)36-25-22(13)23(16-4-6-17(26)7-5-16)29-20(24-31-30-15(3)32(24)25)12-21(33)28-18-8-10-19(11-9-18)37(27,34)35/h4-11,20H,12H2,1-3H3,(H,28,33)/t20-/m0/s1",MDFUTVOXKVZRTF-FQEVSTJZSA-N,,DCAF16,Q9NXF7,,,,,,,,,10.1021/acscentsci.4c00286
270,257,ML 1-15,CC1=C(C)C2=C(S1)N1C(C)=NN=C1[C@H](CC(=O)NC1=CC=C3C(=O)OC(=O)NC3=C1)N=C2C1=CC=C(Cl)C=C1,"InChI=1S/C27H21ClN6O4S/c1-12-13(2)39-25-22(12)23(15-4-6-16(28)7-5-15)30-20(24-33-32-14(3)34(24)25)11-21(35)29-17-8-9-18-19(10-17)31-27(37)38-26(18)36/h4-10,20H,11H2,1-3H3,(H,29,35)(H,31,37)/t20-/m0/s1",HUIZURVCNVCLSA-FQEVSTJZSA-N,,DCAF16,Q9NXF7,,,,,,,,,10.1021/acscentsci.4c00286
271,258,ML-1-25,CC1=C(C)C2=C(S1)N1C(C)=NN=C1[C@H](CC(=O)NC1=CC=CC(C=O)=N1)N=C2C1=CC=C(Cl)C=C1,"InChI=1S/C25H21ClN6O2S/c1-13-14(2)35-25-22(13)23(16-7-9-17(26)10-8-16)28-19(24-31-30-15(3)32(24)25)11-21(34)29-20-6-4-5-18(12-33)27-20/h4-10,12,19H,11H2,1-3H3,(H,27,29,34)/t19-/m0/s1",QKMBNYIDPAVNBM-IBGZPJMESA-N,,DCAF16,Q9NXF7,,,,,,,,,10.1021/acscentsci.4c00286
40,37,ML 1-50,C=CS(=O)(=O)N1CCN(C(=O)C[C@@H]2N=C(C3=CC=C(Cl)C=C3)C3=C(SC(C)=C3C)N3C(C)=NN=C23)CC1,"InChI=1S/C25H27ClN6O3S2/c1-5-37(34,35)31-12-10-30(11-13-31)21(33)14-20-24-29-28-17(4)32(24)25-22(15(2)16(3)36-25)23(27-20)18-6-8-19(26)9-7-18/h5-9,20H,1,10-14H2,2-4H3/t20-/m0/s1",POWFMDMHDJBMQR-FQEVSTJZSA-N,BRD4-S,DCAF16,Q9NXF7,,,100,nM,,>90,24,1 μM,10.1021/acscentsci.4c00286
40,37,ML 1-50,C=CS(=O)(=O)N1CCN(C(=O)C[C@@H]2N=C(C3=CC=C(Cl)C=C3)C3=C(SC(C)=C3C)N3C(C)=NN=C23)CC1,"InChI=1S/C25H27ClN6O3S2/c1-5-37(34,35)31-12-10-30(11-13-31)21(33)14-20-24-29-28-17(4)32(24)25-22(15(2)16(3)36-25)23(27-20)18-6-8-19(26)9-7-18/h5-9,20H,1,10-14H2,2-4H3/t20-/m0/s1",POWFMDMHDJBMQR-FQEVSTJZSA-N,BRD4-L,DCAF16,Q9NXF7,,,300,nM,,>90,24,1 μM,10.1021/acscentsci.4c00286
41,38,TH 1-9,C=CS(=O)(=O)N1CCN(C2=CC=C(NC3=NC=C4C=C(C(=O)N(C)C)N(C5CCCC5)C4=N3)N=C2)CC1,"InChI=1S/C25H32N8O3S/c1-4-37(35,36)32-13-11-31(12-14-32)20-9-10-22(26-17-20)28-25-27-16-18-15-21(24(34)30(2)3)33(23(18)29-25)19-7-5-6-8-19/h4,9-10,15-17,19H,1,5-8,11-14H2,2-3H3,(H,26,27,28,29)",PMOKOEHMLYSRLX-UHFFFAOYSA-N,BTK,DCAF16,Q9NXF7,,,,,,,,,10.1021/acscentsci.4c00286
42,38,ML 1-71,C=CS(=O)(=O)N1CCN(C2=CC=C(NC3=NC=C4C=C(C(=O)N(C)C)N(C5CCCC5)C4=N3)N=C2)CC1,"InChI=1S/C25H32N8O3S/c1-4-37(35,36)32-13-11-31(12-14-32)20-9-10-22(26-17-20)28-25-27-16-18-15-21(24(34)30(2)3)33(23(18)29-25)19-7-5-6-8-19/h4,9-10,15-17,19H,1,5-8,11-14H2,2-3H3,(H,26,27,28,29)",PMOKOEHMLYSRLX-UHFFFAOYSA-N,CDK4,DCAF16,Q9NXF7,,,,,,,,,10.1021/acscentsci.4c00286
42,38,ML 1-71,C=CS(=O)(=O)N1CCN(C2=CC=C(NC3=NC=C4C=C(C(=O)N(C)C)N(C5CCCC5)C4=N3)N=C2)CC1,"InChI=1S/C25H32N8O3S/c1-4-37(35,36)32-13-11-31(12-14-32)20-9-10-22(26-17-20)28-25-27-16-18-15-21(24(34)30(2)3)33(23(18)29-25)19-7-5-6-8-19/h4,9-10,15-17,19H,1,5-8,11-14H2,2-3H3,(H,26,27,28,29)",PMOKOEHMLYSRLX-UHFFFAOYSA-N,CDK6,DCAF16,Q9NXF7,,,,,,,,,10.1021/acscentsci.4c00286
489,450,ML 1-33,CCCCOC(=O)OC1=CC=C(C(=O)N2CCN(C(=O)C[C@@H]3N=C(C4=CC=C(Cl)C=C4)C4=C(SC(C)=C4C)N4C(C)=NN=C34)CC2)C=C1,"InChI=1S/C35H37ClN6O5S/c1-5-6-19-46-35(45)47-27-13-9-25(10-14-27)33(44)41-17-15-40(16-18-41)29(43)20-28-32-39-38-23(4)42(32)34-30(21(2)22(3)48-34)31(37-28)24-7-11-26(36)12-8-24/h7-14,28H,5-6,15-20H2,1-4H3/t28-/m0/s1",SBMAYRMTDNASET-NDEPHWFRSA-N,,DCAF16,Q9NXF7,,,,,,,,,10.1021/acscentsci.4c00286
538,496,ML 1-14,CCOC(=O)OC1=CC(NC(=O)C[C@@H]2N=C(C3=CC=C(Cl)C=C3)C3=C(SC(C)=C3C)N3C(C)=NN=C23)=C(Cl)C=C1Cl,"InChI=1S/C28H24Cl3N5O4S/c1-5-39-28(38)40-22-11-20(18(30)10-19(22)31)32-23(37)12-21-26-35-34-15(4)36(26)27-24(13(2)14(3)41-27)25(33-21)16-6-8-17(29)9-7-16/h6-11,21H,5,12H2,1-4H3,(H,32,37)/t21-/m0/s1",QBKZPTQQWUXYEY-NRFANRHFSA-N,,DCAF16,Q9NXF7,,,,,,,,,10.1021/acscentsci.4c00286
664,611,ML 1-55,COC(=O)OC1=CC(NC(=O)C[C@@H]2N=C(C3=CC=C(Cl)C=C3)C3=C(SC(C)=C3C)N3C(C)=NN=C23)=C(C(C)(C)C)C=C1C(C)(C)C,"InChI=1S/C35H40ClN5O4S/c1-18-19(2)46-32-29(18)30(21-11-13-22(36)14-12-21)38-26(31-40-39-20(3)41(31)32)17-28(42)37-25-16-27(45-33(43)44-10)24(35(7,8)9)15-23(25)34(4,5)6/h11-16,26H,17H2,1-10H3,(H,37,42)/t26-/m0/s1",JBEJPXQZHLEYQJ-SANMLTNESA-N,,DCAF16,Q9NXF7,,,,,,,,,10.1021/acscentsci.4c00286
674,621,ML 1-16,COC1=C(NC(=O)C[C@@H]2N=C(C3=CC=C(Cl)C=C3)C3=C(SC(C)=C3C)N3C(C)=NN=C23)C(=O)C1=O,"InChI=1S/C24H20ClN5O4S/c1-10-11(2)35-24-17(10)18(13-5-7-14(25)8-6-13)26-15(23-29-28-12(3)30(23)24)9-16(31)27-19-20(32)21(33)22(19)34-4/h5-8,15H,9H2,1-4H3,(H,27,31)/t15-/m0/s1",KERUNHBYHRLQQU-HNNXBMFYSA-N,,DCAF16,Q9NXF7,,,,,,,,,10.1021/acscentsci.4c00286
1062,926,FL6,O=C1CCC(C2=CC(OS(=O)(=O)F)=CC=C2)C(=O)N1,"InChI=1S/C11H10FNO5S/c12-19(16,17)18-8-3-1-2-7(6-8)9-4-5-10(14)13-11(9)15/h1-3,6,9H,4-5H2,(H,13,14,15)",HKTFEELTLCEILT-UHFFFAOYSA-N,,CRBN,Q96SW2,,,,,,,,,10.1021/acschembio.3c00598
1064,928,FL5,O=C1CCC(C2=CC=C(OS(=O)(=O)F)C=C2)C(=O)N1,"InChI=1S/C11H10FNO5S/c12-19(16,17)18-8-3-1-7(2-4-8)9-5-6-10(14)13-11(9)15/h1-4,9H,5-6H2,(H,13,14,15)",FOLDPMUYAKGZKU-UHFFFAOYSA-N,,CRBN,Q96SW2,,,,,,,,,10.1021/acschembio.3c00598
1156,1010,FL1,O=C1CCC(N2C(=O)C3=CC=C(NC4=CC(OS(=O)(=O)F)=CC=C4)C=C3C2=O)C(=O)N1,"InChI=1S/C19H14FN3O7S/c20-31(28,29)30-12-3-1-2-10(8-12)21-11-4-5-13-14(9-11)19(27)23(18(13)26)15-6-7-16(24)22-17(15)25/h1-5,8-9,15,21H,6-7H2,(H,22,24,25)",RSPHUWOYYSNPSA-UHFFFAOYSA-N,,CRBN,Q96SW2,,,,,,,,,10.1021/acschembio.3c00598
1157,1011,FL2,O=C1CCC(N2C(=O)C3=CC=C(NC4=CC=C(OS(=O)(=O)F)C=C4)C=C3C2=O)C(=O)N1,"InChI=1S/C19H14FN3O7S/c20-31(28,29)30-12-4-1-10(2-5-12)21-11-3-6-13-14(9-11)19(27)23(18(13)26)15-7-8-16(24)22-17(15)25/h1-6,9,15,21H,7-8H2,(H,22,24,25)",TVTRBQHZZSHTQW-UHFFFAOYSA-N,,CRBN,Q96SW2,,,,,,,,,10.1021/acschembio.3c00598
1181,1031,FL3,O=C1CCC(N2C(=O)C3=CC=CC(NC4=CC(OS(=O)(=O)F)=CC=C4)=C3C2=O)C(=O)N1,"InChI=1S/C19H14FN3O7S/c20-31(28,29)30-11-4-1-3-10(9-11)21-13-6-2-5-12-16(13)19(27)23(18(12)26)14-7-8-15(24)22-17(14)25/h1-6,9,14,21H,7-8H2,(H,22,24,25)",VFODQRZZHCBEKR-UHFFFAOYSA-N,,CRBN,Q96SW2,,,,,,,,,10.1021/acschembio.3c00598
1182,1032,FL4,O=C1CCC(N2C(=O)C3=CC=CC(NC4=CC=C(OS(=O)(=O)F)C=C4)=C3C2=O)C(=O)N1,"InChI=1S/C19H14FN3O7S/c20-31(28,29)30-11-6-4-10(5-7-11)21-13-3-1-2-12-16(13)19(27)23(18(12)26)14-8-9-15(24)22-17(14)25/h1-7,14,21H,8-9H2,(H,22,24,25)",VAPSRWQVLDMNPO-UHFFFAOYSA-N,,CRBN,Q96SW2,,,,,,,,,10.1021/acschembio.3c00598
559,517,FL2-14,CN(CC1=NC=C(C2CC2)O1)S(=O)(=O)OC1=CC=C(NC2=CC=C3C(=O)N(C4CCC(=O)NC4=O)C(=O)C3=C2)C=C1,"InChI=1S/C27H25N5O8S/c1-31(14-24-28-13-22(39-24)15-2-3-15)41(37,38)40-18-7-4-16(5-8-18)29-17-6-9-19-20(12-17)27(36)32(26(19)35)21-10-11-23(33)30-25(21)34/h4-9,12-13,15,21,29H,2-3,10-11,14H2,1H3,(H,30,33,34)",FTQLFRFHLXWLNN-UHFFFAOYSA-N,GSPT2,CRBN,Q96SW2,,,,,,,,,10.1021/acschembio.3c00598
559,517,FL2-14,CN(CC1=NC=C(C2CC2)O1)S(=O)(=O)OC1=CC=C(NC2=CC=C3C(=O)N(C4CCC(=O)NC4=O)C(=O)C3=C2)C=C1,"InChI=1S/C27H25N5O8S/c1-31(14-24-28-13-22(39-24)15-2-3-15)41(37,38)40-18-7-4-16(5-8-18)29-17-6-9-19-20(12-17)27(36)32(26(19)35)21-10-11-23(33)30-25(21)34/h4-9,12-13,15,21,29H,2-3,10-11,14H2,1H3,(H,30,33,34)",FTQLFRFHLXWLNN-UHFFFAOYSA-N,GSPT1,CRBN,Q96SW2,,,,,,,,,10.1021/acschembio.3c00598
1012,881,40,O=C(NCC1=CC=C(C2=CC=CC=N2)C=C1)C1=NNC=C1NC(=O)C1=C(Cl)C=CC=C1Cl,"InChI=1S/C23H17Cl2N5O2/c24-16-4-3-5-17(25)20(16)22(31)29-19-13-28-30-21(19)23(32)27-12-14-7-9-15(10-8-14)18-6-1-2-11-26-18/h1-11,13H,12H2,(H,27,32)(H,28,30)(H,29,31)",DCPUWHPUJFAXLO-UHFFFAOYSA-N,CDK12–CCNK,DDB1,Q16531,,,,,,,,,10.1021/acschembio.3c00616
1013,882,42,O=C(NCC1=CC=C(C2=CC=CO2)C=C1)C1=NNC=C1NC(=O)C1=C(Cl)C=CC=C1Cl,"InChI=1S/C22H16Cl2N4O3/c23-15-3-1-4-16(24)19(15)21(29)27-17-12-26-28-20(17)22(30)25-11-13-6-8-14(9-7-13)18-5-2-10-31-18/h1-10,12H,11H2,(H,25,30)(H,26,28)(H,27,29)",XCHRUOHZFSTQDC-UHFFFAOYSA-N,CDK12–CCNK,DDB1,Q16531,,,,,,,,,10.1021/acschembio.3c00616
1014,883,41,O=C(NCC1=CC=C(C2=CCOCC2)C=C1)C1=NNC=C1NC(=O)C1=C(Cl)C=CC=C1Cl,"InChI=1S/C23H20Cl2N4O3/c24-17-2-1-3-18(25)20(17)22(30)28-19-13-27-29-21(19)23(31)26-12-14-4-6-15(7-5-14)16-8-10-32-11-9-16/h1-8,13H,9-12H2,(H,26,31)(H,27,29)(H,28,30)",HFSGGKBVEYVDMS-UHFFFAOYSA-N,CDK12–CCNK,DDB1,Q16531,,,,,,,,,10.1021/acschembio.3c00616
197,191,33,CC[C@H](CO)NC1=NC(NCC2=CC=C(Br)C=C2)=C2N=CN(C(C)C)C2=N1,"InChI=1S/C19H25BrN6O/c1-4-15(10-27)23-19-24-17(21-9-13-5-7-14(20)8-6-13)16-18(25-19)26(11-22-16)12(2)3/h5-8,11-12,15,27H,4,9-10H2,1-3H3,(H2,21,23,24,25)/t15-/m1/s1",GYWZJUZWAKHTLQ-OAHLLOKOSA-N,CDK12–CCNK,DDB1,Q16531,,,,,,,,,10.1021/acschembio.3c00616
198,192,32,CC[C@H](CO)NC1=NC(NCC2=CC=C(C)C=C2)=C2N=CN(C(C)C)C2=N1,"InChI=1S/C20H28N6O/c1-5-16(11-27)23-20-24-18(21-10-15-8-6-14(4)7-9-15)17-19(25-20)26(12-22-17)13(2)3/h6-9,12-13,16,27H,5,10-11H2,1-4H3,(H2,21,23,24,25)/t16-/m1/s1",FVSKZPZOOUHRBO-MRXNPFEDSA-N,CDK12–CCNK,DDB1,Q16531,,,,,,,,,10.1021/acschembio.3c00616
199,193,19,CC[C@H](CO)NC1=NC(NCC2=CC=C(C3=C(C)C=CC=N3)C=C2)=C2N=CN(C(C)C)C2=N1,"InChI=1S/C25H31N7O/c1-5-20(14-33)29-25-30-23(22-24(31-25)32(15-28-22)16(2)3)27-13-18-8-10-19(11-9-18)21-17(4)7-6-12-26-21/h6-12,15-16,20,33H,5,13-14H2,1-4H3,(H2,27,29,30,31)/t20-/m1/s1",PUDZRMMUTXCQLZ-HXUWFJFHSA-N,CDK12–CCNK,DDB1,Q16531,,,,,,,,,10.1021/acschembio.3c00616
200,194,18,CC[C@H](CO)NC1=NC(NCC2=CC=C(C3=C(F)C=CC=N3)C=C2)=C2N=CN(C(C)C)C2=N1,"InChI=1S/C24H28FN7O/c1-4-18(13-33)29-24-30-22(21-23(31-24)32(14-28-21)15(2)3)27-12-16-7-9-17(10-8-16)20-19(25)6-5-11-26-20/h5-11,14-15,18,33H,4,12-13H2,1-3H3,(H2,27,29,30,31)/t18-/m1/s1",UMUOUBHKJVDDCF-GOSISDBHSA-N,CDK12–CCNK,DDB1,Q16531,,,,,,,,,10.1021/acschembio.3c00616
201,195,20,CC[C@H](CO)NC1=NC(NCC2=CC=C(C3=C(O)C=CC=N3)C=C2)=C2N=CN(C(C)C)C2=N1,"InChI=1S/C24H29N7O2/c1-4-18(13-32)28-24-29-22(21-23(30-24)31(14-27-21)15(2)3)26-12-16-7-9-17(10-8-16)20-19(33)6-5-11-25-20/h5-11,14-15,18,32-33H,4,12-13H2,1-3H3,(H2,26,28,29,30)/t18-/m1/s1",SFZGHPGTLXTDTA-GOSISDBHSA-N,CDK12–CCNK,DDB1,Q16531,,,,,,,,,10.1021/acschembio.3c00616
202,196,15,CC[C@H](CO)NC1=NC(NCC2=CC=C(C3=CC(=O)C=CN3)C=C2)=C2N=CN(C(C)C)C2=N1,"InChI=1S/C24H29N7O2/c1-4-18(13-32)28-24-29-22(21-23(30-24)31(14-27-21)15(2)3)26-12-16-5-7-17(8-6-16)20-11-19(33)9-10-25-20/h5-11,14-15,18,32H,4,12-13H2,1-3H3,(H,25,33)(H2,26,28,29,30)/t18-/m1/s1",FEFVVRFDRMAYTQ-GOSISDBHSA-N,CDK12–CCNK,DDB1,Q16531,,,,,,,,,10.1021/acschembio.3c00616
203,197,17,CC[C@H](CO)NC1=NC(NCC2=CC=C(C3=CC(C#N)=CC=N3)C=C2)=C2N=CN(C(C)C)C2=N1,"InChI=1S/C25H28N8O/c1-4-20(14-34)30-25-31-23(22-24(32-25)33(15-29-22)16(2)3)28-13-17-5-7-19(8-6-17)21-11-18(12-26)9-10-27-21/h5-11,15-16,20,34H,4,13-14H2,1-3H3,(H2,28,30,31,32)/t20-/m1/s1",PPEGZSVLTFQULM-HXUWFJFHSA-N,CDK12–CCNK,DDB1,Q16531,,,,,,,,,10.1021/acschembio.3c00616
204,198,14,CC[C@H](CO)NC1=NC(NCC2=CC=C(C3=CC(C)=CC=N3)C=C2)=C2N=CN(C(C)C)C2=N1,"InChI=1S/C25H31N7O/c1-5-20(14-33)29-25-30-23(22-24(31-25)32(15-28-22)16(2)3)27-13-18-6-8-19(9-7-18)21-12-17(4)10-11-26-21/h6-12,15-16,20,33H,5,13-14H2,1-4H3,(H2,27,29,30,31)/t20-/m1/s1",CFMNIHMZNBOZMD-HXUWFJFHSA-N,CDK12–CCNK,DDB1,Q16531,,,,,,,,,10.1021/acschembio.3c00616
205,199,13,CC[C@H](CO)NC1=NC(NCC2=CC=C(C3=CC(F)=CC=N3)C=C2)=C2N=CN(C(C)C)C2=N1,"InChI=1S/C24H28FN7O/c1-4-19(13-33)29-24-30-22(21-23(31-24)32(14-28-21)15(2)3)27-12-16-5-7-17(8-6-16)20-11-18(25)9-10-26-20/h5-11,14-15,19,33H,4,12-13H2,1-3H3,(H2,27,29,30,31)/t19-/m1/s1",MYZMHESPSYDNQL-LJQANCHMSA-N,CDK12–CCNK,DDB1,Q16531,,,,,,,,,10.1021/acschembio.3c00616
206,200,10,CC[C@H](CO)NC1=NC(NCC2=CC=C(C3=CC=C(C(=O)NC45C[C@H]6C[C@H](C4)C[C@@H](C5)C6)C=N3)C=C2)=C2N=CN(C(C)C)C2=N1,"InChI=1S/C35H44N8O2/c1-4-28(19-44)39-34-40-31(30-32(41-34)43(20-38-30)21(2)3)37-17-22-5-7-26(8-6-22)29-10-9-27(18-36-29)33(45)42-35-14-23-11-24(15-35)13-25(12-23)16-35/h5-10,18,20-21,23-25,28,44H,4,11-17,19H2,1-3H3,(H,42,45)(H2,37,39,40,41)/t23-,24-,25-,28-,35?/m1/s1",IEKSNRZAVYTWFY-LYNJVBHRSA-N,CDK12–CCNK,DDB1,Q16531,,,,,,,,,10.1021/acschembio.3c00616
207,201,9,CC[C@H](CO)NC1=NC(NCC2=CC=C(C3=CC=C(CC(C)C)C=C3)C=C2)=C2N=CN(C(C)C)C2=N1,"InChI=1S/C29H38N6O/c1-6-25(17-36)32-29-33-27(26-28(34-29)35(18-31-26)20(4)5)30-16-22-9-13-24(14-10-22)23-11-7-21(8-12-23)15-19(2)3/h7-14,18-20,25,36H,6,15-17H2,1-5H3,(H2,30,32,33,34)/t25-/m1/s1",TUCCBRXENVFDRS-RUZDIDTESA-N,CDK12–CCNK,DDB1,Q16531,,,,,,,,,10.1021/acschembio.3c00616
208,202,12,CC[C@H](CO)NC1=NC(NCC2=CC=C(C3=CC=CC(C)=N3)C=C2)=C2N=CN(C(C)C)C2=N1,"InChI=1S/C25H31N7O/c1-5-20(14-33)29-25-30-23(22-24(31-25)32(15-27-22)16(2)3)26-13-18-9-11-19(12-10-18)21-8-6-7-17(4)28-21/h6-12,15-16,20,33H,5,13-14H2,1-4H3,(H2,26,29,30,31)/t20-/m1/s1",CWJUYHKPITVYET-HXUWFJFHSA-N,CDK12–CCNK,DDB1,Q16531,,,,,,,,,10.1021/acschembio.3c00616
210,203,3,CC[C@H](CO)NC1=NC(NCC2=CC=C(C3=CC=CC=C3)C=C2)=C2N=CN(C(C)C)C2=N1,"InChI=1S/C25H30N6O/c1-4-21(15-32)28-25-29-23(22-24(30-25)31(16-27-22)17(2)3)26-14-18-10-12-20(13-11-18)19-8-6-5-7-9-19/h5-13,16-17,21,32H,4,14-15H2,1-3H3,(H2,26,28,29,30)/t21-/m1/s1",BRJSFOFBYVFKCP-OAQYLSRUSA-N,CDK12–CCNK,DDB1,Q16531,,,,,,,,,10.1021/acschembio.3c00616
213,204,1(CR8),CC[C@H](CO)NC1=NC(NCC2=CC=C(C3=CC=CC=N3)C=C2)=C2N=CN(C(C)C)C2=N1,"InChI=1S/C24H29N7O/c1-4-19(14-32)28-24-29-22(21-23(30-24)31(15-27-21)16(2)3)26-13-17-8-10-18(11-9-17)20-7-5-6-12-25-20/h5-12,15-16,19,32H,4,13-14H2,1-3H3,(H2,26,28,29,30)/t19-/m1/s1",HOCBJBNQIQQQGT-LJQANCHMSA-N,CDK12–CCNK,DDB1,Q16531,,,,,,,,,10.1021/acschembio.3c00616
215,206,4,CC[C@H](CO)NC1=NC(NCC2=CC=C(C3=CC=CN=C3)C=C2)=C2N=CN(C(C)C)C2=N1,"InChI=1S/C24H29N7O/c1-4-20(14-32)28-24-29-22(21-23(30-24)31(15-27-21)16(2)3)26-12-17-7-9-18(10-8-17)19-6-5-11-25-13-19/h5-11,13,15-16,20,32H,4,12,14H2,1-3H3,(H2,26,28,29,30)/t20-/m1/s1",AXLQKORZTHWACD-HXUWFJFHSA-N,CDK12–CCNK,DDB1,Q16531,,,,,,,,,10.1021/acschembio.3c00616
216,207,29,CC[C@H](CO)NC1=NC(NCC2=CC=C(C3=CC=CO3)C=C2)=C2N=CN(C(C)C)C2=N1,"InChI=1S/C23H28N6O2/c1-4-18(13-30)26-23-27-21(20-22(28-23)29(14-25-20)15(2)3)24-12-16-7-9-17(10-8-16)19-6-5-11-31-19/h5-11,14-15,18,30H,4,12-13H2,1-3H3,(H2,24,26,27,28)/t18-/m1/s1",WLRLMWBHLHSCIM-GOSISDBHSA-N,CDK12–CCNK,DDB1,Q16531,,,,,,,,,10.1021/acschembio.3c00616
217,208,5,CC[C@H](CO)NC1=NC(NCC2=CC=C(C3=CC=NC=C3)C=C2)=C2N=CN(C(C)C)C2=N1,"InChI=1S/C24H29N7O/c1-4-20(14-32)28-24-29-22(21-23(30-24)31(15-27-21)16(2)3)26-13-17-5-7-18(8-6-17)19-9-11-25-12-10-19/h5-12,15-16,20,32H,4,13-14H2,1-3H3,(H2,26,28,29,30)/t20-/m1/s1",UQRBOMYWGJFNEB-HXUWFJFHSA-N,CDK12–CCNK,DDB1,Q16531,,,,,,,,,10.1021/acschembio.3c00616
218,209,26,CC[C@H](CO)NC1=NC(NCC2=CC=C(C3=CCCC3)C=C2)=C2N=CN(C(C)C)C2=N1,"InChI=1S/C24H32N6O/c1-4-20(14-31)27-24-28-22(21-23(29-24)30(15-26-21)16(2)3)25-13-17-9-11-19(12-10-17)18-7-5-6-8-18/h7,9-12,15-16,20,31H,4-6,8,13-14H2,1-3H3,(H2,25,27,28,29)/t20-/m1/s1",BQQCKLBSVCHALF-HXUWFJFHSA-N,CDK12–CCNK,DDB1,Q16531,,,,,,,,,10.1021/acschembio.3c00616
219,210,22,CC[C@H](CO)NC1=NC(NCC2=CC=C(C3=CCCCC3)C=C2)=C2N=CN(C(C)C)C2=N1,"InChI=1S/C25H34N6O/c1-4-21(15-32)28-25-29-23(22-24(30-25)31(16-27-22)17(2)3)26-14-18-10-12-20(13-11-18)19-8-6-5-7-9-19/h8,10-13,16-17,21,32H,4-7,9,14-15H2,1-3H3,(H2,26,28,29,30)/t21-/m1/s1",AUWDNZUTYDGPFM-OAQYLSRUSA-N,CDK12–CCNK,DDB1,Q16531,,,,,,,,,10.1021/acschembio.3c00616
220,211,21,CC[C@H](CO)NC1=NC(NCC2=CC=C(C3=CCOCC3)C=C2)=C2N=CN(C(C)C)C2=N1,"InChI=1S/C24H32N6O2/c1-4-20(14-31)27-24-28-22(21-23(29-24)30(15-26-21)16(2)3)25-13-17-5-7-18(8-6-17)19-9-11-32-12-10-19/h5-9,15-16,20,31H,4,10-14H2,1-3H3,(H2,25,27,28,29)/t20-/m1/s1",TYKLAHYFUUURJU-HXUWFJFHSA-N,CDK12–CCNK,DDB1,Q16531,,,,,,,,,10.1021/acschembio.3c00616
221,212,30,CC[C@H](CO)NC1=NC(NCC2=CC=C(C3=CN(C)C=N3)C=C2)=C2N=CN(C(C)C)C2=N1,"InChI=1S/C23H30N8O/c1-5-18(12-32)27-23-28-21(20-22(29-23)31(14-26-20)15(2)3)24-10-16-6-8-17(9-7-16)19-11-30(4)13-25-19/h6-9,11,13-15,18,32H,5,10,12H2,1-4H3,(H2,24,27,28,29)/t18-/m1/s1",MEOAWMPELZDESZ-GOSISDBHSA-N,CDK12–CCNK,DDB1,Q16531,,,,,,,,,10.1021/acschembio.3c00616
222,213,31,CC[C@H](CO)NC1=NC(NCC2=CC=C(C3=CNN=C3)C=C2)=C2N=CN(C(C)C)C2=N1,"InChI=1S/C22H28N8O/c1-4-18(12-31)27-22-28-20(19-21(29-22)30(13-24-19)14(2)3)23-9-15-5-7-16(8-6-15)17-10-25-26-11-17/h5-8,10-11,13-14,18,31H,4,9,12H2,1-3H3,(H,25,26)(H2,23,27,28,29)/t18-/m1/s1",HKKCGSDYVXEOHM-GOSISDBHSA-N,CDK12–CCNK,DDB1,Q16531,,,,,,,,,10.1021/acschembio.3c00616
223,214,28,CC[C@H](CO)NC1=NC(NCC2=CC=C(C3=COC=C3)C=C2)=C2N=CN(C(C)C)C2=N1,"InChI=1S/C23H28N6O2/c1-4-19(12-30)26-23-27-21(20-22(28-23)29(14-25-20)15(2)3)24-11-16-5-7-17(8-6-16)18-9-10-31-13-18/h5-10,13-15,19,30H,4,11-12H2,1-3H3,(H2,24,26,27,28)/t19-/m1/s1",NNNGCBRKAYZWRD-LJQANCHMSA-N,CDK12–CCNK,DDB1,Q16531,,,,,,,,,10.1021/acschembio.3c00616
224,215,11,CC[C@H](CO)NC1=NC(NCC2=CC=C(C3=NC(F)=CC=C3)C=C2)=C2N=CN(C(C)C)C2=N1,"InChI=1S/C24H28FN7O/c1-4-18(13-33)28-24-30-22(21-23(31-24)32(14-27-21)15(2)3)26-12-16-8-10-17(11-9-16)19-6-5-7-20(25)29-19/h5-11,14-15,18,33H,4,12-13H2,1-3H3,(H2,26,28,30,31)/t18-/m1/s1",VOBRFZVGCJOTHM-GOSISDBHSA-N,CDK12–CCNK,DDB1,Q16531,,,,,,,,,10.1021/acschembio.3c00616
225,216,7,CC[C@H](CO)NC1=NC(NCC2=CC=C(C3=NC=C(C)C=C3)C=C2)=C2N=CN(C(C)C)C2=N1,"InChI=1S/C25H31N7O/c1-5-20(14-33)29-25-30-23(22-24(31-25)32(15-28-22)16(2)3)27-13-18-7-9-19(10-8-18)21-11-6-17(4)12-26-21/h6-12,15-16,20,33H,5,13-14H2,1-4H3,(H2,27,29,30,31)/t20-/m1/s1",XMNBYCAYIMSKFO-HXUWFJFHSA-N,CDK12–CCNK,DDB1,Q16531,,,,,,,,,10.1021/acschembio.3c00616
226,217,6,CC[C@H](CO)NC1=NC(NCC2=CC=C(C3=NC=C(F)C=C3)C=C2)=C2N=CN(C(C)C)C2=N1,"InChI=1S/C24H28FN7O/c1-4-19(13-33)29-24-30-22(21-23(31-24)32(14-28-21)15(2)3)27-11-16-5-7-17(8-6-16)20-10-9-18(25)12-26-20/h5-10,12,14-15,19,33H,4,11,13H2,1-3H3,(H2,27,29,30,31)/t19-/m1/s1",HSGZPNNDFKSLEA-LJQANCHMSA-N,CDK12–CCNK,DDB1,Q16531,,,,,,,,,10.1021/acschembio.3c00616
227,218,8,CC[C@H](CO)NC1=NC(NCC2=CC=C(C3=NC=C(O)C=C3)C=C2)=C2N=CN(C(C)C)C2=N1,"InChI=1S/C24H29N7O2/c1-4-18(13-32)28-24-29-22(21-23(30-24)31(14-27-21)15(2)3)26-11-16-5-7-17(8-6-16)20-10-9-19(33)12-25-20/h5-10,12,14-15,18,32-33H,4,11,13H2,1-3H3,(H2,26,28,29,30)/t18-/m1/s1",HMFHGGLGKHMQPW-GOSISDBHSA-N,CDK12–CCNK,DDB1,Q16531,,,,,,,,,10.1021/acschembio.3c00616
229,220,27,CC[C@H](CO)NC1=NC(NCC2=CC=C(C3CCCC3)C=C2)=C2N=CN(C(C)C)C2=N1,"InChI=1S/C24H34N6O/c1-4-20(14-31)27-24-28-22(21-23(29-24)30(15-26-21)16(2)3)25-13-17-9-11-19(12-10-17)18-7-5-6-8-18/h9-12,15-16,18,20,31H,4-8,13-14H2,1-3H3,(H2,25,27,28,29)/t20-/m1/s1",WRIMMJYLLMRSIU-HXUWFJFHSA-N,CDK12–CCNK,DDB1,Q16531,,,,,,,,,10.1021/acschembio.3c00616
230,221,23,CC[C@H](CO)NC1=NC(NCC2=CC=C(C3CCCCC3)C=C2)=C2N=CN(C(C)C)C2=N1,"InChI=1S/C25H36N6O/c1-4-21(15-32)28-25-29-23(22-24(30-25)31(16-27-22)17(2)3)26-14-18-10-12-20(13-11-18)19-8-6-5-7-9-19/h10-13,16-17,19,21,32H,4-9,14-15H2,1-3H3,(H2,26,28,29,30)/t21-/m1/s1",WAMAKAHVPJNLKF-OAQYLSRUSA-N,CDK12–CCNK,DDB1,Q16531,,,,,,,,,10.1021/acschembio.3c00616
231,222,24,CC[C@H](CO)NC1=NC(NCC2=CC=C(N3CCNCC3)C=C2)=C2N=CN(C(C)C)C2=N1,"InChI=1S/C23H34N8O/c1-4-18(14-32)27-23-28-21(20-22(29-23)31(15-26-20)16(2)3)25-13-17-5-7-19(8-6-17)30-11-9-24-10-12-30/h5-8,15-16,18,24,32H,4,9-14H2,1-3H3,(H2,25,27,28,29)/t18-/m1/s1",ITAKCBJQHUHRFE-GOSISDBHSA-N,CDK12–CCNK,DDB1,Q16531,,,,,,,,,10.1021/acschembio.3c00616
232,223,25,CC[C@H](CO)NC1=NC(NCC2=CC=C(N3CCOCC3)C=C2)=C2N=CN(C(C)C)C2=N1,"InChI=1S/C23H33N7O2/c1-4-18(14-31)26-23-27-21(20-22(28-23)30(15-25-20)16(2)3)24-13-17-5-7-19(8-6-17)29-9-11-32-12-10-29/h5-8,15-16,18,31H,4,9-14H2,1-3H3,(H2,24,26,27,28)/t18-/m1/s1",GOMSBCKJOIRMNC-GOSISDBHSA-N,CDK12–CCNK,DDB1,Q16531,,,,,,,,,10.1021/acschembio.3c00616
235,225,2,CC[C@H](CO)NC1=NC(NCC2=CC=CC=C2)=C2N=CN(C(C)C)C2=N1,"InChI=1S/C19H26N6O/c1-4-15(11-26)22-19-23-17(20-10-14-8-6-5-7-9-14)16-18(24-19)25(12-21-16)13(2)3/h5-9,12-13,15,26H,4,10-11H2,1-3H3,(H2,20,22,23,24)/t15-/m1/s1",BTIHMVBBUGXLCJ-OAHLLOKOSA-N,CDK12–CCNK,DDB1,Q16531,,,,,,,,,10.1021/acschembio.3c00616
319,301,37,OCCC1CCCCN1C1=NC2=C(Br)C=NN2C(NCC2=CC=C(C3=CCOCC3)C=C2)=C1,"InChI=1S/C25H30BrN5O2/c26-22-17-28-31-23(15-24(29-25(22)31)30-11-2-1-3-21(30)8-12-32)27-16-18-4-6-19(7-5-18)20-9-13-33-14-10-20/h4-7,9,15,17,21,27,32H,1-3,8,10-14,16H2",LSDHDKGSCDHNNX-UHFFFAOYSA-N,CDK12–CCNK,DDB1,Q16531,,,,,,,,,10.1021/acschembio.3c00616
334,315,39,OCCC1CCCCN1C1=NC2=C(Br)C=NN2C(NCC2=CC=C(C3=CC=CO3)C=C2)=C1,"InChI=1S/C24H26BrN5O2/c25-20-16-27-30-22(26-15-17-6-8-18(9-7-17)21-5-3-13-32-21)14-23(28-24(20)30)29-11-2-1-4-19(29)10-12-31/h3,5-9,13-14,16,19,26,31H,1-2,4,10-12,15H2",HXUHXGDDLUHZPJ-UHFFFAOYSA-N,CDK12–CCNK,DDB1,Q16531,,,,,,,,,10.1021/acschembio.3c00616
335,316,36,OCCC1CCCCN1C1=NC2=C(Br)C=NN2C(NCC2=CC=C(C3=CC=CC=N3)C=C2)=C1,"InChI=1S/C25H27BrN6O/c26-21-17-29-32-23(15-24(30-25(21)32)31-13-4-2-5-20(31)11-14-33)28-16-18-7-9-19(10-8-18)22-6-1-3-12-27-22/h1,3,6-10,12,15,17,20,28,33H,2,4-5,11,13-14,16H2",XOKCZFGJXVHGKO-UHFFFAOYSA-N,CDK12–CCNK,DDB1,Q16531,,,,,,,,,10.1021/acschembio.3c00616
39,36,34,C=CC1=CC=C(CNC2=C3N=CN(C(C)C)C3=NC(N[C@H](CC)CO)=N2)C=C1,"InChI=1S/C21H28N6O/c1-5-15-7-9-16(10-8-15)11-22-19-18-20(27(13-23-18)14(3)4)26-21(25-19)24-17(6-2)12-28/h5,7-10,13-14,17,28H,1,6,11-12H2,2-4H3,(H2,22,24,25,26)/t17-/m1/s1",XHIUJEMDGFAHEL-QGZVFWFLSA-N,CDK12–CCNK,DDB1,Q16531,,,,,,,,,10.1021/acschembio.3c00616
419,386,38,CC1=CC=NC(C2=CC=C(CNC3=CC(N4CCCCC4CCO)=NC4=C(Br)C=NN34)C=C2)=C1,"InChI=1S/C26H29BrN6O/c1-18-9-11-28-23(14-18)20-7-5-19(6-8-20)16-29-24-15-25(31-26-22(27)17-30-33(24)26)32-12-3-2-4-21(32)10-13-34/h5-9,11,14-15,17,21,29,34H,2-4,10,12-13,16H2,1H3",SEDURQHMOCNULV-UHFFFAOYSA-N,CDK12–CCNK,DDB1,Q16531,,,,,,,,,10.1021/acschembio.3c00616
472,433,35,CCC1=CC=C(CNC2=C3N=CN(C(C)C)C3=NC(N[C@H](CC)CO)=N2)C=C1,"InChI=1S/C21H30N6O/c1-5-15-7-9-16(10-8-15)11-22-19-18-20(27(13-23-18)14(3)4)26-21(25-19)24-17(6-2)12-28/h7-10,13-14,17,28H,5-6,11-12H2,1-4H3,(H2,22,24,25,26)/t17-/m1/s1",KHFAMHMLLKOLDL-QGZVFWFLSA-N,CDK12–CCNK,DDB1,Q16531,,,,,,,,,10.1021/acschembio.3c00616
476,437,16,CCC1=CC=NC(C2=CC=C(CNC3=C4N=CN(C(C)C)C4=NC(N[C@H](CC)CO)=N3)C=C2)=C1,"InChI=1S/C26H33N7O/c1-5-18-11-12-27-22(13-18)20-9-7-19(8-10-20)14-28-24-23-25(33(16-29-23)17(3)4)32-26(31-24)30-21(6-2)15-34/h7-13,16-17,21,34H,5-6,14-15H2,1-4H3,(H2,28,30,31,32)/t21-/m1/s1",ARNIMRXFPKLXEH-OAQYLSRUSA-N,CDK12–CCNK,DDB1,Q16531,,,,,,,,,10.1021/acschembio.3c00616
1223,1055,6,O=C1CCC(N2CC3=C(C=CC(CNC(=O)C4=CC=C(F)C=C4)=C3)C2=O)C(=O)N1,"InChI=1S/C21H18FN3O4/c22-15-4-2-13(3-5-15)19(27)23-10-12-1-6-16-14(9-12)11-25(21(16)29)17-7-8-18(26)24-20(17)28/h1-6,9,17H,7-8,10-11H2,(H,23,27)(H,24,26,28)",ZKKBMXPIWFMOKF-UHFFFAOYSA-N,IKZF1,CRBN,Q96SW2,,,80,nM,,57,24,10 μM,10.1021/acsmedchemlett.4c00250
1223,1055,6,O=C1CCC(N2CC3=C(C=CC(CNC(=O)C4=CC=C(F)C=C4)=C3)C2=O)C(=O)N1,"InChI=1S/C21H18FN3O4/c22-15-4-2-13(3-5-15)19(27)23-10-12-1-6-16-14(9-12)11-25(21(16)29)17-7-8-18(26)24-20(17)28/h1-6,9,17H,7-8,10-11H2,(H,23,27)(H,24,26,28)",ZKKBMXPIWFMOKF-UHFFFAOYSA-N,CK1α,CRBN,Q96SW2,,,> 10000,nM,,23,24,10 μM,10.1021/acsmedchemlett.4c00250
1223,1055,6,O=C1CCC(N2CC3=C(C=CC(CNC(=O)C4=CC=C(F)C=C4)=C3)C2=O)C(=O)N1,"InChI=1S/C21H18FN3O4/c22-15-4-2-13(3-5-15)19(27)23-10-12-1-6-16-14(9-12)11-25(21(16)29)17-7-8-18(26)24-20(17)28/h1-6,9,17H,7-8,10-11H2,(H,23,27)(H,24,26,28)",ZKKBMXPIWFMOKF-UHFFFAOYSA-N,CK1α,CRBN,Q96SW2,,NanoBRET,,,,,,,10.1021/acsmedchemlett.4c00250
1223,1055,6,O=C1CCC(N2CC3=C(C=CC(CNC(=O)C4=CC=C(F)C=C4)=C3)C2=O)C(=O)N1,"InChI=1S/C21H18FN3O4/c22-15-4-2-13(3-5-15)19(27)23-10-12-1-6-16-14(9-12)11-25(21(16)29)17-7-8-18(26)24-20(17)28/h1-6,9,17H,7-8,10-11H2,(H,23,27)(H,24,26,28)",ZKKBMXPIWFMOKF-UHFFFAOYSA-N,IKZF1,CRBN,Q96SW2,,NanoBRET,,,,,,,10.1021/acsmedchemlett.4c00250
1227,1058,7,O=C1CCC(N2CC3=C(C=CC(NC(=O)C4=CC=C(F)C=C4)=C3)C2=O)C(=O)N1,"InChI=1S/C20H16FN3O4/c21-13-3-1-11(2-4-13)18(26)22-14-5-6-15-12(9-14)10-24(20(15)28)16-7-8-17(25)23-19(16)27/h1-6,9,16H,7-8,10H2,(H,22,26)(H,23,25,27)",XXJDKOPXHSTEEV-UHFFFAOYSA-N,CK1α,CRBN,Q96SW2,,,10,nM,,88,24,10 μM,10.1021/acsmedchemlett.4c00250
1227,1058,7,O=C1CCC(N2CC3=C(C=CC(NC(=O)C4=CC=C(F)C=C4)=C3)C2=O)C(=O)N1,"InChI=1S/C20H16FN3O4/c21-13-3-1-11(2-4-13)18(26)22-14-5-6-15-12(9-14)10-24(20(15)28)16-7-8-17(25)23-19(16)27/h1-6,9,16H,7-8,10H2,(H,22,26)(H,23,25,27)",XXJDKOPXHSTEEV-UHFFFAOYSA-N,IKZF1,CRBN,Q96SW2,,,12,nM,,12,24,10 μM,10.1021/acsmedchemlett.4c00250
1227,1058,7,O=C1CCC(N2CC3=C(C=CC(NC(=O)C4=CC=C(F)C=C4)=C3)C2=O)C(=O)N1,"InChI=1S/C20H16FN3O4/c21-13-3-1-11(2-4-13)18(26)22-14-5-6-15-12(9-14)10-24(20(15)28)16-7-8-17(25)23-19(16)27/h1-6,9,16H,7-8,10H2,(H,22,26)(H,23,25,27)",XXJDKOPXHSTEEV-UHFFFAOYSA-N,CK1α,CRBN,Q96SW2,,NanoBRET,,,,,,,10.1021/acsmedchemlett.4c00250
1227,1058,7,O=C1CCC(N2CC3=C(C=CC(NC(=O)C4=CC=C(F)C=C4)=C3)C2=O)C(=O)N1,"InChI=1S/C20H16FN3O4/c21-13-3-1-11(2-4-13)18(26)22-14-5-6-15-12(9-14)10-24(20(15)28)16-7-8-17(25)23-19(16)27/h1-6,9,16H,7-8,10H2,(H,22,26)(H,23,25,27)",XXJDKOPXHSTEEV-UHFFFAOYSA-N,IKZF1,CRBN,Q96SW2,,NanoBRET,,,,,,,10.1021/acsmedchemlett.4c00250
1228,1059,17,O=C1CCC(N2CC3=C(C=CC(NC(=O)C4=CC=CC(C(F)(F)F)=C4)=C3)C2=O)C(=O)N1,"InChI=1S/C21H16F3N3O4/c22-21(23,24)13-3-1-2-11(8-13)18(29)25-14-4-5-15-12(9-14)10-27(20(15)31)16-6-7-17(28)26-19(16)30/h1-5,8-9,16H,6-7,10H2,(H,25,29)(H,26,28,30)",UCPCJPWMCSITTJ-UHFFFAOYSA-N,CK1α,CRBN,Q96SW2,,,5,nM,,90,24,10 μM,10.1021/acsmedchemlett.4c00250
1228,1059,17,O=C1CCC(N2CC3=C(C=CC(NC(=O)C4=CC=CC(C(F)(F)F)=C4)=C3)C2=O)C(=O)N1,"InChI=1S/C21H16F3N3O4/c22-21(23,24)13-3-1-2-11(8-13)18(29)25-14-4-5-15-12(9-14)10-27(20(15)31)16-6-7-17(28)26-19(16)30/h1-5,8-9,16H,6-7,10H2,(H,25,29)(H,26,28,30)",UCPCJPWMCSITTJ-UHFFFAOYSA-N,CK1α,CRBN,Q96SW2,,NanoBRET,,,,,,,10.1021/acsmedchemlett.4c00250
1229,1060,16,O=C1CCC(N2CC3=C(C=CC(NC(=O)C4=CC=CC(F)=C4)=C3)C2=O)C(=O)N1,"InChI=1S/C20H16FN3O4/c21-13-3-1-2-11(8-13)18(26)22-14-4-5-15-12(9-14)10-24(20(15)28)16-6-7-17(25)23-19(16)27/h1-5,8-9,16H,6-7,10H2,(H,22,26)(H,23,25,27)",IKDBDJNITQUCOU-UHFFFAOYSA-N,CK1α,CRBN,Q96SW2,,,4,nM,,88,24,10 μM,10.1021/acsmedchemlett.4c00250
1229,1060,16,O=C1CCC(N2CC3=C(C=CC(NC(=O)C4=CC=CC(F)=C4)=C3)C2=O)C(=O)N1,"InChI=1S/C20H16FN3O4/c21-13-3-1-2-11(8-13)18(26)22-14-4-5-15-12(9-14)10-24(20(15)28)16-6-7-17(25)23-19(16)27/h1-5,8-9,16H,6-7,10H2,(H,22,26)(H,23,25,27)",IKDBDJNITQUCOU-UHFFFAOYSA-N,CK1α,CRBN,Q96SW2,,NanoBRET,,,,,,,10.1021/acsmedchemlett.4c00250
1231,1061,8,O=C1CCC(N2CC3=C(C=CC(NC(=O)C4=CC=CC=C4)=C3)C2=O)C(=O)N1,"InChI=1S/C20H17N3O4/c24-17-9-8-16(19(26)22-17)23-11-13-10-14(6-7-15(13)20(23)27)21-18(25)12-4-2-1-3-5-12/h1-7,10,16H,8-9,11H2,(H,21,25)(H,22,24,26)",CIVWAWPQWLUMPF-UHFFFAOYSA-N,CK1α,CRBN,Q96SW2,,,12,nM,,87,24,10 μM,10.1021/acsmedchemlett.4c00250
1231,1061,8,O=C1CCC(N2CC3=C(C=CC(NC(=O)C4=CC=CC=C4)=C3)C2=O)C(=O)N1,"InChI=1S/C20H17N3O4/c24-17-9-8-16(19(26)22-17)23-11-13-10-14(6-7-15(13)20(23)27)21-18(25)12-4-2-1-3-5-12/h1-7,10,16H,8-9,11H2,(H,21,25)(H,22,24,26)",CIVWAWPQWLUMPF-UHFFFAOYSA-N,CK1α,CRBN,Q96SW2,,NanoBRET,,,,,,,10.1021/acsmedchemlett.4c00250
1256,1075,9,O=C1CCC(N2CC3=C(C=CC(NC(=O)C4CCCCC4)=C3)C2=O)C(=O)N1,"InChI=1S/C20H23N3O4/c24-17-9-8-16(19(26)22-17)23-11-13-10-14(6-7-15(13)20(23)27)21-18(25)12-4-2-1-3-5-12/h6-7,10,12,16H,1-5,8-9,11H2,(H,21,25)(H,22,24,26)",XOQKZQJWZWHWDF-UHFFFAOYSA-N,CK1α,CRBN,Q96SW2,,,23,nM,,80,24,10 μM,10.1021/acsmedchemlett.4c00250
1256,1075,9,O=C1CCC(N2CC3=C(C=CC(NC(=O)C4CCCCC4)=C3)C2=O)C(=O)N1,"InChI=1S/C20H23N3O4/c24-17-9-8-16(19(26)22-17)23-11-13-10-14(6-7-15(13)20(23)27)21-18(25)12-4-2-1-3-5-12/h6-7,10,12,16H,1-5,8-9,11H2,(H,21,25)(H,22,24,26)",XOQKZQJWZWHWDF-UHFFFAOYSA-N,CK1α,CRBN,Q96SW2,,NanoBRET,,,,,,,10.1021/acsmedchemlett.4c00250
1259,1078,20,O=C1CCC(N2CC3=C(C=CC(NC4=CN=C5C=CC=CN45)=C3)C2=O)C(=O)N1,"InChI=1S/C20H17N5O3/c26-18-7-6-15(19(27)23-18)25-11-12-9-13(4-5-14(12)20(25)28)22-17-10-21-16-3-1-2-8-24(16)17/h1-5,8-10,15,22H,6-7,11H2,(H,23,26,27)",BSDDYEGUSIPCLX-UHFFFAOYSA-N,CK1α,CRBN,Q96SW2,,,>10000,nM,,0,24,10 μM,10.1021/acsmedchemlett.4c00250
1260,1079,22,O=C1CCC(N2CC3=C(C=CC(NC4=NC5=CC=CC=C5O4)=C3)C2=O)C(=O)N1,"InChI=1S/C20H16N4O4/c25-17-8-7-15(18(26)23-17)24-10-11-9-12(5-6-13(11)19(24)27)21-20-22-14-3-1-2-4-16(14)28-20/h1-6,9,15H,7-8,10H2,(H,21,22)(H,23,25,26)",WZMBCEZSOXUGFF-UHFFFAOYSA-N,CK1α,CRBN,Q96SW2,,,4,nM,,0,24,10 μM,10.1021/acsmedchemlett.4c00250
1261,1080,21,O=C1CCC(N2CC3=C(C=CC(NC4=NN=C5C=CC=CC54)=C3)C2=O)C(=O)N1,"InChI=1S/C20H17N5O3/c26-17-8-7-16(19(27)22-17)25-10-11-9-12(5-6-13(11)20(25)28)21-18-14-3-1-2-4-15(14)23-24-18/h1-6,9,14,16H,7-8,10H2,(H,21,24)(H,22,26,27)",DFWFWUACKACIKL-UHFFFAOYSA-N,CK1α,CRBN,Q96SW2,,,2,nM,,89,24,10 μM,10.1021/acsmedchemlett.4c00250
1262,1081,23,O=C1CCC(N2CC3=C(C=CC(NC4=NOC5C=C(F)C=CC45)=C3)C2=O)C(=O)N1,"InChI=1S/C20H17FN4O4/c21-11-1-3-14-16(8-11)29-24-18(14)22-12-2-4-13-10(7-12)9-25(20(13)28)15-5-6-17(26)23-19(15)27/h1-4,7-8,14-16H,5-6,9H2,(H,22,24)(H,23,26,27)",MSUPGNBTTYIWAD-UHFFFAOYSA-N,CK1α,CRBN,Q96SW2,,,4,nM,,95,24,10 μM,10.1021/acsmedchemlett.4c00250
1275,1092,5,O=C1CCC(N2CC3=C(C=CC=C3CNC(=O)C3=CC=C(F)C=C3)C2=O)C(=O)N1,"InChI=1S/C21H18FN3O4/c22-14-6-4-12(5-7-14)19(27)23-10-13-2-1-3-15-16(13)11-25(21(15)29)17-8-9-18(26)24-20(17)28/h1-7,17H,8-11H2,(H,23,27)(H,24,26,28)",QYERRCYEYNDQFV-UHFFFAOYSA-N,CK1α,CRBN,Q96SW2,,,28,nM,,82,24,10 μM,10.1021/acsmedchemlett.4c00250
1275,1092,5,O=C1CCC(N2CC3=C(C=CC=C3CNC(=O)C3=CC=C(F)C=C3)C2=O)C(=O)N1,"InChI=1S/C21H18FN3O4/c22-14-6-4-12(5-7-14)19(27)23-10-13-2-1-3-15-16(13)11-25(21(15)29)17-8-9-18(26)24-20(17)28/h1-7,17H,8-11H2,(H,23,27)(H,24,26,28)",QYERRCYEYNDQFV-UHFFFAOYSA-N,IKZF1,CRBN,Q96SW2,,,53,nM,,84,24,10 μM,10.1021/acsmedchemlett.4c00250
1275,1092,5,O=C1CCC(N2CC3=C(C=CC=C3CNC(=O)C3=CC=C(F)C=C3)C2=O)C(=O)N1,"InChI=1S/C21H18FN3O4/c22-14-6-4-12(5-7-14)19(27)23-10-13-2-1-3-15-16(13)11-25(21(15)29)17-8-9-18(26)24-20(17)28/h1-7,17H,8-11H2,(H,23,27)(H,24,26,28)",QYERRCYEYNDQFV-UHFFFAOYSA-N,CK1α,CRBN,Q96SW2,,NanoBRET,,,,,,,10.1021/acsmedchemlett.4c00250
1275,1092,5,O=C1CCC(N2CC3=C(C=CC=C3CNC(=O)C3=CC=C(F)C=C3)C2=O)C(=O)N1,"InChI=1S/C21H18FN3O4/c22-14-6-4-12(5-7-14)19(27)23-10-13-2-1-3-15-16(13)11-25(21(15)29)17-8-9-18(26)24-20(17)28/h1-7,17H,8-11H2,(H,23,27)(H,24,26,28)",QYERRCYEYNDQFV-UHFFFAOYSA-N,IKZF1,CRBN,Q96SW2,,NanoBRET,,,,,,,10.1021/acsmedchemlett.4c00250
321,302,13,CC1=CC(C(=O)NC2=CC3=C(C=C2)C(=O)N(C2CCC(=O)NC2=O)C3)=CC=C1,"InChI=1S/C21H19N3O4/c1-12-3-2-4-13(9-12)19(26)22-15-5-6-16-14(10-15)11-24(21(16)28)17-7-8-18(25)23-20(17)27/h2-6,9-10,17H,7-8,11H2,1H3,(H,22,26)(H,23,25,27)",HKQXTORGXDGFIQ-UHFFFAOYSA-N,CK1α,CRBN,Q96SW2,,,8,nM,,88,24,10 μM,10.1021/acsmedchemlett.4c00250
321,302,13,CC1=CC(C(=O)NC2=CC3=C(C=C2)C(=O)N(C2CCC(=O)NC2=O)C3)=CC=C1,"InChI=1S/C21H19N3O4/c1-12-3-2-4-13(9-12)19(26)22-15-5-6-16-14(10-15)11-24(21(16)28)17-7-8-18(25)23-20(17)27/h2-6,9-10,17H,7-8,11H2,1H3,(H,22,26)(H,23,25,27)",HKQXTORGXDGFIQ-UHFFFAOYSA-N,CK1α,CRBN,Q96SW2,,NanoBRET,,,,,,,10.1021/acsmedchemlett.4c00250
339,319,14,CC1=CC=C(C(=O)NC2=CC3=C(C=C2)C(=O)N(C2CCC(=O)NC2=O)C3)C=C1,"InChI=1S/C21H19N3O4/c1-12-2-4-13(5-3-12)19(26)22-15-6-7-16-14(10-15)11-24(21(16)28)17-8-9-18(25)23-20(17)27/h2-7,10,17H,8-9,11H2,1H3,(H,22,26)(H,23,25,27)",XHFMAWKVKSEQSG-UHFFFAOYSA-N,CK1α,CRBN,Q96SW2,,,7,nM,,89,24,10 μM,10.1021/acsmedchemlett.4c00250
339,319,14,CC1=CC=C(C(=O)NC2=CC3=C(C=C2)C(=O)N(C2CCC(=O)NC2=O)C3)C=C1,"InChI=1S/C21H19N3O4/c1-12-2-4-13(5-3-12)19(26)22-15-6-7-16-14(10-15)11-24(21(16)28)17-8-9-18(25)23-20(17)27/h2-7,10,17H,8-9,11H2,1H3,(H,22,26)(H,23,25,27)",XHFMAWKVKSEQSG-UHFFFAOYSA-N,CK1α,CRBN,Q96SW2,,NanoBRET,,,,,,,10.1021/acsmedchemlett.4c00250
340,320,12,CC1=CC=C(C(=O)NC2=CC3=C(C=C2)C(=O)N(C2CCC(=O)NC2=O)C3=O)C=C1,"InChI=1S/C21H17N3O5/c1-11-2-4-12(5-3-11)18(26)22-13-6-7-14-15(10-13)21(29)24(20(14)28)16-8-9-17(25)23-19(16)27/h2-7,10,16H,8-9H2,1H3,(H,22,26)(H,23,25,27)",IVMUUHKIZMAKOC-UHFFFAOYSA-N,CK1α,CRBN,Q96SW2,,,>10000,nM,,38,24,10 μM,10.1021/acsmedchemlett.4c00250
340,320,12,CC1=CC=C(C(=O)NC2=CC3=C(C=C2)C(=O)N(C2CCC(=O)NC2=O)C3=O)C=C1,"InChI=1S/C21H17N3O5/c1-11-2-4-12(5-3-11)18(26)22-13-6-7-14-15(10-13)21(29)24(20(14)28)16-8-9-17(25)23-19(16)27/h2-7,10,16H,8-9H2,1H3,(H,22,26)(H,23,25,27)",IVMUUHKIZMAKOC-UHFFFAOYSA-N,CK1α,CRBN,Q96SW2,,NanoBRET,,,,,,,10.1021/acsmedchemlett.4c00250
341,321,11,CC1=CC=C(C(=O)NC2=CC3=C(C=C2)CN(C2CCC(=O)NC2=O)C3=O)C=C1,"InChI=1S/C21H19N3O4/c1-12-2-4-13(5-3-12)19(26)22-15-7-6-14-11-24(21(28)16(14)10-15)17-8-9-18(25)23-20(17)27/h2-7,10,17H,8-9,11H2,1H3,(H,22,26)(H,23,25,27)",PGSLSLNXMKCQFN-UHFFFAOYSA-N,CK1α,CRBN,Q96SW2,,,>10000,nM,,10,24,10 μM,10.1021/acsmedchemlett.4c00250
341,321,11,CC1=CC=C(C(=O)NC2=CC3=C(C=C2)CN(C2CCC(=O)NC2=O)C3=O)C=C1,"InChI=1S/C21H19N3O4/c1-12-2-4-13(5-3-12)19(26)22-15-7-6-14-11-24(21(28)16(14)10-15)17-8-9-18(25)23-20(17)27/h2-7,10,17H,8-9,11H2,1H3,(H,22,26)(H,23,25,27)",PGSLSLNXMKCQFN-UHFFFAOYSA-N,CK1α,CRBN,Q96SW2,,NanoBRET,,,,,,,10.1021/acsmedchemlett.4c00250
413,381,15,CC1=CC=CC=C1C(=O)NC1=CC2=C(C=C1)C(=O)N(C1CCC(=O)NC1=O)C2,"InChI=1S/C21H19N3O4/c1-12-4-2-3-5-15(12)19(26)22-14-6-7-16-13(10-14)11-24(21(16)28)17-8-9-18(25)23-20(17)27/h2-7,10,17H,8-9,11H2,1H3,(H,22,26)(H,23,25,27)",YDKGAFLLEDYAIB-UHFFFAOYSA-N,CK1α,CRBN,Q96SW2,,,28,nM,,80,24,10 μM,10.1021/acsmedchemlett.4c00250
413,381,15,CC1=CC=CC=C1C(=O)NC1=CC2=C(C=C1)C(=O)N(C1CCC(=O)NC1=O)C2,"InChI=1S/C21H19N3O4/c1-12-4-2-3-5-15(12)19(26)22-14-6-7-16-13(10-14)11-24(21(16)28)17-8-9-18(25)23-20(17)27/h2-7,10,17H,8-9,11H2,1H3,(H,22,26)(H,23,25,27)",YDKGAFLLEDYAIB-UHFFFAOYSA-N,CK1α,CRBN,Q96SW2,,NanoBRET,,,,,,,10.1021/acsmedchemlett.4c00250
420,387,24,CC1=CC2ON=C(NC3=CC4=C(C=C3)C(=O)N(C3CCC(=O)NC3=O)C4)C2C=C1,"InChI=1S/C21H20N4O4/c1-11-2-4-15-17(8-11)29-24-19(15)22-13-3-5-14-12(9-13)10-25(21(14)28)16-6-7-18(26)23-20(16)27/h2-5,8-9,15-17H,6-7,10H2,1H3,(H,22,24)(H,23,26,27)",NCGUNOWSSSLNKH-UHFFFAOYSA-N,CK1α,CRBN,Q96SW2,,,1,nM,,94,24,10 μM,10.1021/acsmedchemlett.4c00250
547,505,10,CN(C(=O)C1=CC=CC=C1)C1=CC2=C(C=C1)C(=O)N(C1CCC(=O)NC1=O)C2,"InChI=1S/C21H19N3O4/c1-23(20(27)13-5-3-2-4-6-13)15-7-8-16-14(11-15)12-24(21(16)28)17-9-10-18(25)22-19(17)26/h2-8,11,17H,9-10,12H2,1H3,(H,22,25,26)",MYMJVTWBKDUFPG-UHFFFAOYSA-N,CK1α,CRBN,Q96SW2,,,>10000,nM,,12,24,10 μM,10.1021/acsmedchemlett.4c00250
547,505,10,CN(C(=O)C1=CC=CC=C1)C1=CC2=C(C=C1)C(=O)N(C1CCC(=O)NC1=O)C2,"InChI=1S/C21H19N3O4/c1-23(20(27)13-5-3-2-4-6-13)15-7-8-16-14(11-15)12-24(21(16)28)17-9-10-18(25)22-19(17)26/h2-8,11,17H,9-10,12H2,1H3,(H,22,25,26)",MYMJVTWBKDUFPG-UHFFFAOYSA-N,CK1α,CRBN,Q96SW2,,NanoBRET,,,,,,,10.1021/acsmedchemlett.4c00250
686,633,19,COC1=CC(C(=O)NC2=CC3=C(C=C2)C(=O)N(C2CCC(=O)NC2=O)C3)=CC=C1,"InChI=1S/C21H19N3O5/c1-29-15-4-2-3-12(10-15)19(26)22-14-5-6-16-13(9-14)11-24(21(16)28)17-7-8-18(25)23-20(17)27/h2-6,9-10,17H,7-8,11H2,1H3,(H,22,26)(H,23,25,27)",MNOPHTXOYIDKKA-UHFFFAOYSA-N,CK1α,CRBN,Q96SW2,,,6,nM,,90,24,10 μM,10.1021/acsmedchemlett.4c00250
686,633,19,COC1=CC(C(=O)NC2=CC3=C(C=C2)C(=O)N(C2CCC(=O)NC2=O)C3)=CC=C1,"InChI=1S/C21H19N3O5/c1-29-15-4-2-3-12(10-15)19(26)22-14-5-6-16-13(9-14)11-24(21(16)28)17-7-8-18(25)23-20(17)27/h2-6,9-10,17H,7-8,11H2,1H3,(H,22,26)(H,23,25,27)",MNOPHTXOYIDKKA-UHFFFAOYSA-N,CK1α,CRBN,Q96SW2,,NanoBRET,,,,,,,10.1021/acsmedchemlett.4c00250
824,761,18,N#CC1=CC(C(=O)NC2=CC3=C(C=C2)C(=O)N(C2CCC(=O)NC2=O)C3)=CC=C1,"InChI=1S/C21H16N4O4/c22-10-12-2-1-3-13(8-12)19(27)23-15-4-5-16-14(9-15)11-25(21(16)29)17-6-7-18(26)24-20(17)28/h1-5,8-9,17H,6-7,11H2,(H,23,27)(H,24,26,28)",LRPSTRPEQAKYBN-UHFFFAOYSA-N,CK1α,CRBN,Q96SW2,,,15,nM,,88,24,10 μM,10.1021/acsmedchemlett.4c00250
824,761,18,N#CC1=CC(C(=O)NC2=CC3=C(C=C2)C(=O)N(C2CCC(=O)NC2=O)C3)=CC=C1,"InChI=1S/C21H16N4O4/c22-10-12-2-1-3-13(8-12)19(27)23-15-4-5-16-14(9-15)11-25(21(16)29)17-6-7-18(26)24-20(17)28/h1-5,8-9,17H,6-7,11H2,(H,23,27)(H,24,26,28)",LRPSTRPEQAKYBN-UHFFFAOYSA-N,CK1α,CRBN,Q96SW2,,NanoBRET,,,,,,,10.1021/acsmedchemlett.4c00250
1109,967,14a,O=C1CCC(N2C(=O)C3=C(C2=O)C([C@@H]2C[C@]2(C(=O)OCC(Cl)(Cl)Cl)C2=CC=C(Br)C=C2)=CC=C3)C(=O)N1,"InChI=1S/C25H18BrCl3N2O6/c26-13-6-4-12(5-7-13)24(23(36)37-11-25(27,28)29)10-16(24)14-2-1-3-15-19(14)22(35)31(21(15)34)17-8-9-18(32)30-20(17)33/h1-7,16-17H,8-11H2,(H,30,32,33)/t16-,17?,24-/m0/s1",HIWCSAGDCGSEPU-DZNFTPFFSA-N,,CRBN,Q96SW2,,,,,,,,,10.1021/acsmedchemlett.4c00297
1110,968,14b,O=C1CCC(N2C(=O)C3=C(C2=O)C([C@H]2C[C@@]2(COOCC(Cl)(Cl)Cl)C2=CC=C(Br)C=C2)=CC=C3)C(=O)N1,"InChI=1S/C25H20BrCl3N2O6/c26-14-6-4-13(5-7-14)24(11-36-37-12-25(27,28)29)10-17(24)15-2-1-3-16-20(15)23(35)31(22(16)34)18-8-9-19(32)30-21(18)33/h1-7,17-18H,8-12H2,(H,30,32,33)/t17-,18?,24-/m1/s1",UQSMDHYHGKXXAH-UOZFTJLZSA-N,,CRBN,Q96SW2,,,,,,,,,10.1021/acsmedchemlett.4c00297
1115,972,20b,O=C1CCC(N2C(=O)C3=C(C2=O)C(C2=C[C@@]2(COOCC(Cl)(Cl)Cl)C2=CC=C(Br)C=C2)=CC=C3)C(=O)N1,"InChI=1S/C25H18BrCl3N2O6/c26-14-6-4-13(5-7-14)24(11-36-37-12-25(27,28)29)10-17(24)15-2-1-3-16-20(15)23(35)31(22(16)34)18-8-9-19(32)30-21(18)33/h1-7,10,18H,8-9,11-12H2,(H,30,32,33)/t18?,24-/m1/s1",PEXVJXROJKUUCZ-VCUSLETLSA-N,IKZF3,CRBN,Q96SW2,,,,,,,,,10.1021/acsmedchemlett.4c00297
1115,972,20b,O=C1CCC(N2C(=O)C3=C(C2=O)C(C2=C[C@@]2(COOCC(Cl)(Cl)Cl)C2=CC=C(Br)C=C2)=CC=C3)C(=O)N1,"InChI=1S/C25H18BrCl3N2O6/c26-14-6-4-13(5-7-14)24(11-36-37-12-25(27,28)29)10-17(24)15-2-1-3-16-20(15)23(35)31(22(16)34)18-8-9-19(32)30-21(18)33/h1-7,10,18H,8-9,11-12H2,(H,30,32,33)/t18?,24-/m1/s1",PEXVJXROJKUUCZ-VCUSLETLSA-N,CK1α,CRBN,Q96SW2,,,,,,,,,10.1021/acsmedchemlett.4c00297
1115,972,20b,O=C1CCC(N2C(=O)C3=C(C2=O)C(C2=C[C@@]2(COOCC(Cl)(Cl)Cl)C2=CC=C(Br)C=C2)=CC=C3)C(=O)N1,"InChI=1S/C25H18BrCl3N2O6/c26-14-6-4-13(5-7-14)24(11-36-37-12-25(27,28)29)10-17(24)15-2-1-3-16-20(15)23(35)31(22(16)34)18-8-9-19(32)30-21(18)33/h1-7,10,18H,8-9,11-12H2,(H,30,32,33)/t18?,24-/m1/s1",PEXVJXROJKUUCZ-VCUSLETLSA-N,GSPT1,CRBN,Q96SW2,,,,,,,,,10.1021/acsmedchemlett.4c00297
1115,972,20b,O=C1CCC(N2C(=O)C3=C(C2=O)C(C2=C[C@@]2(COOCC(Cl)(Cl)Cl)C2=CC=C(Br)C=C2)=CC=C3)C(=O)N1,"InChI=1S/C25H18BrCl3N2O6/c26-14-6-4-13(5-7-14)24(11-36-37-12-25(27,28)29)10-17(24)15-2-1-3-16-20(15)23(35)31(22(16)34)18-8-9-19(32)30-21(18)33/h1-7,10,18H,8-9,11-12H2,(H,30,32,33)/t18?,24-/m1/s1",PEXVJXROJKUUCZ-VCUSLETLSA-N,SALL4,CRBN,Q96SW2,,,,,,,,,10.1021/acsmedchemlett.4c00297
1116,973,20a,O=C1CCC(N2C(=O)C3=C(C2=O)C(C2=C[C@]2(C(=O)OCC(Cl)(Cl)Cl)C2=CC=C(Br)C=C2)=CC=C3)C(=O)N1,"InChI=1S/C25H16BrCl3N2O6/c26-13-6-4-12(5-7-13)24(23(36)37-11-25(27,28)29)10-16(24)14-2-1-3-15-19(14)22(35)31(21(15)34)17-8-9-18(32)30-20(17)33/h1-7,10,17H,8-9,11H2,(H,30,32,33)/t17?,24-/m0/s1",GVMYAADQINSFHD-UCSBTNPJSA-N,IKZF3,CRBN,Q96SW2,,,,,,,,,10.1021/acsmedchemlett.4c00297
1116,973,20a,O=C1CCC(N2C(=O)C3=C(C2=O)C(C2=C[C@]2(C(=O)OCC(Cl)(Cl)Cl)C2=CC=C(Br)C=C2)=CC=C3)C(=O)N1,"InChI=1S/C25H16BrCl3N2O6/c26-13-6-4-12(5-7-13)24(23(36)37-11-25(27,28)29)10-16(24)14-2-1-3-15-19(14)22(35)31(21(15)34)17-8-9-18(32)30-20(17)33/h1-7,10,17H,8-9,11H2,(H,30,32,33)/t17?,24-/m0/s1",GVMYAADQINSFHD-UCSBTNPJSA-N,CK1α,CRBN,Q96SW2,,,,,,,,,10.1021/acsmedchemlett.4c00297
1116,973,20a,O=C1CCC(N2C(=O)C3=C(C2=O)C(C2=C[C@]2(C(=O)OCC(Cl)(Cl)Cl)C2=CC=C(Br)C=C2)=CC=C3)C(=O)N1,"InChI=1S/C25H16BrCl3N2O6/c26-13-6-4-12(5-7-13)24(23(36)37-11-25(27,28)29)10-16(24)14-2-1-3-15-19(14)22(35)31(21(15)34)17-8-9-18(32)30-20(17)33/h1-7,10,17H,8-9,11H2,(H,30,32,33)/t17?,24-/m0/s1",GVMYAADQINSFHD-UCSBTNPJSA-N,GSPT1,CRBN,Q96SW2,,,,,,,,,10.1021/acsmedchemlett.4c00297
1116,973,20a,O=C1CCC(N2C(=O)C3=C(C2=O)C(C2=C[C@]2(C(=O)OCC(Cl)(Cl)Cl)C2=CC=C(Br)C=C2)=CC=C3)C(=O)N1,"InChI=1S/C25H16BrCl3N2O6/c26-13-6-4-12(5-7-13)24(23(36)37-11-25(27,28)29)10-16(24)14-2-1-3-15-19(14)22(35)31(21(15)34)17-8-9-18(32)30-20(17)33/h1-7,10,17H,8-9,11H2,(H,30,32,33)/t17?,24-/m0/s1",GVMYAADQINSFHD-UCSBTNPJSA-N,SALL4,CRBN,Q96SW2,,,,,,,,,10.1021/acsmedchemlett.4c00297
1134,991,16a,O=C1CCC(N2C(=O)C3=CC=C([C@@H]4C[C@]4(C(=O)OCC(Cl)(Cl)Cl)C4=CC=C(Br)C=C4)C=C3C2=O)C(=O)N1,"InChI=1S/C25H18BrCl3N2O6/c26-14-4-2-13(3-5-14)24(23(36)37-11-25(27,28)29)10-17(24)12-1-6-15-16(9-12)22(35)31(21(15)34)18-7-8-19(32)30-20(18)33/h1-6,9,17-18H,7-8,10-11H2,(H,30,32,33)/t17-,18?,24-/m0/s1",UNLJYDQMMAMQCI-UAYVXKRGSA-N,,CRBN,Q96SW2,,,,,,,,,10.1021/acsmedchemlett.4c00297
1135,992,16b,O=C1CCC(N2C(=O)C3=CC=C([C@H]4C[C@@]4(COOCC(Cl)(Cl)Cl)C4=CC=C(Br)C=C4)C=C3C2=O)C(=O)N1,"InChI=1S/C25H20BrCl3N2O6/c26-15-4-2-14(3-5-15)24(11-36-37-12-25(27,28)29)10-18(24)13-1-6-16-17(9-13)23(35)31(22(16)34)19-7-8-20(32)30-21(19)33/h1-6,9,18-19H,7-8,10-12H2,(H,30,32,33)/t18-,19?,24-/m1/s1",WKHKNDFNVKBFEM-WEYXIGNSSA-N,SALL4,CRBN,Q96SW2,,,,,,,,,10.1021/acsmedchemlett.4c00297
1138,995,22b,O=C1CCC(N2C(=O)C3=CC=C(C4=C[C@@]4(COOCC(Cl)(Cl)Cl)C4=CC=C(Br)C=C4)C=C3C2=O)C(=O)N1,"InChI=1S/C25H18BrCl3N2O6/c26-15-4-2-14(3-5-15)24(11-36-37-12-25(27,28)29)10-18(24)13-1-6-16-17(9-13)23(35)31(22(16)34)19-7-8-20(32)30-21(19)33/h1-6,9-10,19H,7-8,11-12H2,(H,30,32,33)/t19?,24-/m1/s1",OGUXFJJARYZJDB-JKSFWZLDSA-N,IKZF3,CRBN,Q96SW2,,,,,,,,,10.1021/acsmedchemlett.4c00297
1138,995,22b,O=C1CCC(N2C(=O)C3=CC=C(C4=C[C@@]4(COOCC(Cl)(Cl)Cl)C4=CC=C(Br)C=C4)C=C3C2=O)C(=O)N1,"InChI=1S/C25H18BrCl3N2O6/c26-15-4-2-14(3-5-15)24(11-36-37-12-25(27,28)29)10-18(24)13-1-6-16-17(9-13)23(35)31(22(16)34)19-7-8-20(32)30-21(19)33/h1-6,9-10,19H,7-8,11-12H2,(H,30,32,33)/t19?,24-/m1/s1",OGUXFJJARYZJDB-JKSFWZLDSA-N,CK1α,CRBN,Q96SW2,,,,,,,,,10.1021/acsmedchemlett.4c00297
1138,995,22b,O=C1CCC(N2C(=O)C3=CC=C(C4=C[C@@]4(COOCC(Cl)(Cl)Cl)C4=CC=C(Br)C=C4)C=C3C2=O)C(=O)N1,"InChI=1S/C25H18BrCl3N2O6/c26-15-4-2-14(3-5-15)24(11-36-37-12-25(27,28)29)10-18(24)13-1-6-16-17(9-13)23(35)31(22(16)34)19-7-8-20(32)30-21(19)33/h1-6,9-10,19H,7-8,11-12H2,(H,30,32,33)/t19?,24-/m1/s1",OGUXFJJARYZJDB-JKSFWZLDSA-N,GSPT1,CRBN,Q96SW2,,,,,,,,,10.1021/acsmedchemlett.4c00297
1138,995,22b,O=C1CCC(N2C(=O)C3=CC=C(C4=C[C@@]4(COOCC(Cl)(Cl)Cl)C4=CC=C(Br)C=C4)C=C3C2=O)C(=O)N1,"InChI=1S/C25H18BrCl3N2O6/c26-15-4-2-14(3-5-15)24(11-36-37-12-25(27,28)29)10-18(24)13-1-6-16-17(9-13)23(35)31(22(16)34)19-7-8-20(32)30-21(19)33/h1-6,9-10,19H,7-8,11-12H2,(H,30,32,33)/t19?,24-/m1/s1",OGUXFJJARYZJDB-JKSFWZLDSA-N,SALL4,CRBN,Q96SW2,,,,,,,,,10.1021/acsmedchemlett.4c00297
1139,996,22a,O=C1CCC(N2C(=O)C3=CC=C(C4=C[C@]4(C(=O)OCC(Cl)(Cl)Cl)C4=CC=C(Br)C=C4)C=C3C2=O)C(=O)N1,"InChI=1S/C25H16BrCl3N2O6/c26-14-4-2-13(3-5-14)24(23(36)37-11-25(27,28)29)10-17(24)12-1-6-15-16(9-12)22(35)31(21(15)34)18-7-8-19(32)30-20(18)33/h1-6,9-10,18H,7-8,11H2,(H,30,32,33)/t18?,24-/m0/s1",ITKMEHIIJSOLLY-LUTIACGYSA-N,IKZF3,CRBN,Q96SW2,,,,,,,,,10.1021/acsmedchemlett.4c00297
1139,996,22a,O=C1CCC(N2C(=O)C3=CC=C(C4=C[C@]4(C(=O)OCC(Cl)(Cl)Cl)C4=CC=C(Br)C=C4)C=C3C2=O)C(=O)N1,"InChI=1S/C25H16BrCl3N2O6/c26-14-4-2-13(3-5-14)24(23(36)37-11-25(27,28)29)10-17(24)12-1-6-15-16(9-12)22(35)31(21(15)34)18-7-8-19(32)30-20(18)33/h1-6,9-10,18H,7-8,11H2,(H,30,32,33)/t18?,24-/m0/s1",ITKMEHIIJSOLLY-LUTIACGYSA-N,CK1α,CRBN,Q96SW2,,,,,,,,,10.1021/acsmedchemlett.4c00297
1139,996,22a,O=C1CCC(N2C(=O)C3=CC=C(C4=C[C@]4(C(=O)OCC(Cl)(Cl)Cl)C4=CC=C(Br)C=C4)C=C3C2=O)C(=O)N1,"InChI=1S/C25H16BrCl3N2O6/c26-14-4-2-13(3-5-14)24(23(36)37-11-25(27,28)29)10-17(24)12-1-6-15-16(9-12)22(35)31(21(15)34)18-7-8-19(32)30-20(18)33/h1-6,9-10,18H,7-8,11H2,(H,30,32,33)/t18?,24-/m0/s1",ITKMEHIIJSOLLY-LUTIACGYSA-N,GSPT1,CRBN,Q96SW2,,,,,,,,,10.1021/acsmedchemlett.4c00297
1139,996,22a,O=C1CCC(N2C(=O)C3=CC=C(C4=C[C@]4(C(=O)OCC(Cl)(Cl)Cl)C4=CC=C(Br)C=C4)C=C3C2=O)C(=O)N1,"InChI=1S/C25H16BrCl3N2O6/c26-14-4-2-13(3-5-14)24(23(36)37-11-25(27,28)29)10-17(24)12-1-6-15-16(9-12)22(35)31(21(15)34)18-7-8-19(32)30-20(18)33/h1-6,9-10,18H,7-8,11H2,(H,30,32,33)/t18?,24-/m0/s1",ITKMEHIIJSOLLY-LUTIACGYSA-N,SALL4,CRBN,Q96SW2,,,,,,,,,10.1021/acsmedchemlett.4c00297
1266,1085,13a,O=C1CCC(N2CC3=C(C=CC=C3[C@@H]3C[C@]3(COOCC(Cl)(Cl)Cl)C3=CC=C(Br)C=C3)C2=O)C(=O)N1,"InChI=1S/C25H22BrCl3N2O5/c26-15-6-4-14(5-7-15)24(12-35-36-13-25(27,28)29)10-19(24)16-2-1-3-17-18(16)11-31(23(17)34)20-8-9-21(32)30-22(20)33/h1-7,19-20H,8-13H2,(H,30,32,33)/t19-,20?,24-/m0/s1",CEEMGCFBQZJMGE-DHFSANGXSA-N,,CRBN,Q96SW2,,,,,,,,,10.1021/acsmedchemlett.4c00297
1267,1086,13b,O=C1CCC(N2CC3=C(C=CC=C3[C@H]3C[C@@]3(COOCC(Cl)(Cl)Cl)C3=CC=C(Br)C=C3)C2=O)C(=O)N1,"InChI=1S/C25H22BrCl3N2O5/c26-15-6-4-14(5-7-15)24(12-35-36-13-25(27,28)29)10-19(24)16-2-1-3-17-18(16)11-31(23(17)34)20-8-9-21(32)30-22(20)33/h1-7,19-20H,8-13H2,(H,30,32,33)/t19-,20?,24-/m1/s1",CEEMGCFBQZJMGE-XARDSYGASA-N,,CRBN,Q96SW2,,,,,,,,,10.1021/acsmedchemlett.4c00297
1268,1087,19b,O=C1CCC(N2CC3=C(C=CC=C3C3=C[C@@]3(COOCC(Cl)(Cl)Cl)C3=CC=C(Br)C=C3)C2=O)C(=O)N1,"InChI=1S/C25H20BrCl3N2O5/c26-15-6-4-14(5-7-15)24(12-35-36-13-25(27,28)29)10-19(24)16-2-1-3-17-18(16)11-31(23(17)34)20-8-9-21(32)30-22(20)33/h1-7,10,20H,8-9,11-13H2,(H,30,32,33)/t20?,24-/m1/s1",JODTWQPBVOMTQI-PIFIWZBESA-N,IKZF3,CRBN,Q96SW2,,,,,,,,,10.1021/acsmedchemlett.4c00297
1268,1087,19b,O=C1CCC(N2CC3=C(C=CC=C3C3=C[C@@]3(COOCC(Cl)(Cl)Cl)C3=CC=C(Br)C=C3)C2=O)C(=O)N1,"InChI=1S/C25H20BrCl3N2O5/c26-15-6-4-14(5-7-15)24(12-35-36-13-25(27,28)29)10-19(24)16-2-1-3-17-18(16)11-31(23(17)34)20-8-9-21(32)30-22(20)33/h1-7,10,20H,8-9,11-13H2,(H,30,32,33)/t20?,24-/m1/s1",JODTWQPBVOMTQI-PIFIWZBESA-N,CK1α,CRBN,Q96SW2,,,,,,,,,10.1021/acsmedchemlett.4c00297
1268,1087,19b,O=C1CCC(N2CC3=C(C=CC=C3C3=C[C@@]3(COOCC(Cl)(Cl)Cl)C3=CC=C(Br)C=C3)C2=O)C(=O)N1,"InChI=1S/C25H20BrCl3N2O5/c26-15-6-4-14(5-7-15)24(12-35-36-13-25(27,28)29)10-19(24)16-2-1-3-17-18(16)11-31(23(17)34)20-8-9-21(32)30-22(20)33/h1-7,10,20H,8-9,11-13H2,(H,30,32,33)/t20?,24-/m1/s1",JODTWQPBVOMTQI-PIFIWZBESA-N,GSPT1,CRBN,Q96SW2,,,,,,,,,10.1021/acsmedchemlett.4c00297
1268,1087,19b,O=C1CCC(N2CC3=C(C=CC=C3C3=C[C@@]3(COOCC(Cl)(Cl)Cl)C3=CC=C(Br)C=C3)C2=O)C(=O)N1,"InChI=1S/C25H20BrCl3N2O5/c26-15-6-4-14(5-7-15)24(12-35-36-13-25(27,28)29)10-19(24)16-2-1-3-17-18(16)11-31(23(17)34)20-8-9-21(32)30-22(20)33/h1-7,10,20H,8-9,11-13H2,(H,30,32,33)/t20?,24-/m1/s1",JODTWQPBVOMTQI-PIFIWZBESA-N,SALL4,CRBN,Q96SW2,,,,,,,,,10.1021/acsmedchemlett.4c00297
1269,1088,19a,O=C1CCC(N2CC3=C(C=CC=C3C3=C[C@]3(C(=O)OCC(Cl)(Cl)Cl)C3=CC=C(Br)C=C3)C2=O)C(=O)N1,"InChI=1S/C25H18BrCl3N2O5/c26-14-6-4-13(5-7-14)24(23(35)36-12-25(27,28)29)10-18(24)15-2-1-3-16-17(15)11-31(22(16)34)19-8-9-20(32)30-21(19)33/h1-7,10,19H,8-9,11-12H2,(H,30,32,33)/t19?,24-/m0/s1",QJPRNMFEJIIKQS-WIIYFNMSSA-N,IKZF3,CRBN,Q96SW2,,,,,,,,,10.1021/acsmedchemlett.4c00297
1269,1088,19a,O=C1CCC(N2CC3=C(C=CC=C3C3=C[C@]3(C(=O)OCC(Cl)(Cl)Cl)C3=CC=C(Br)C=C3)C2=O)C(=O)N1,"InChI=1S/C25H18BrCl3N2O5/c26-14-6-4-13(5-7-14)24(23(35)36-12-25(27,28)29)10-18(24)15-2-1-3-16-17(15)11-31(22(16)34)19-8-9-20(32)30-21(19)33/h1-7,10,19H,8-9,11-12H2,(H,30,32,33)/t19?,24-/m0/s1",QJPRNMFEJIIKQS-WIIYFNMSSA-N,SALL4,CRBN,Q96SW2,,,,,,,,,10.1021/acsmedchemlett.4c00297
1269,1088,19a,O=C1CCC(N2CC3=C(C=CC=C3C3=C[C@]3(C(=O)OCC(Cl)(Cl)Cl)C3=CC=C(Br)C=C3)C2=O)C(=O)N1,"InChI=1S/C25H18BrCl3N2O5/c26-14-6-4-13(5-7-14)24(23(35)36-12-25(27,28)29)10-18(24)15-2-1-3-16-17(15)11-31(22(16)34)19-8-9-20(32)30-21(19)33/h1-7,10,19H,8-9,11-12H2,(H,30,32,33)/t19?,24-/m0/s1",QJPRNMFEJIIKQS-WIIYFNMSSA-N,CK1α,CRBN,Q96SW2,,,,,,,,,10.1021/acsmedchemlett.4c00297
1269,1088,19a,O=C1CCC(N2CC3=C(C=CC=C3C3=C[C@]3(C(=O)OCC(Cl)(Cl)Cl)C3=CC=C(Br)C=C3)C2=O)C(=O)N1,"InChI=1S/C25H18BrCl3N2O5/c26-14-6-4-13(5-7-14)24(23(35)36-12-25(27,28)29)10-18(24)15-2-1-3-16-17(15)11-31(22(16)34)19-8-9-20(32)30-21(19)33/h1-7,10,19H,8-9,11-12H2,(H,30,32,33)/t19?,24-/m0/s1",QJPRNMFEJIIKQS-WIIYFNMSSA-N,GSPT1,CRBN,Q96SW2,,,,,,,,,10.1021/acsmedchemlett.4c00297
1301,1117,18a,O=C1CCC(N2CC3=C(C2=O)C([C@@H]2C[C@]2(C(=O)OCC(Cl)(Cl)Cl)C2=CC=C(Br)C=C2)=CC=C3)C(=O)N1,"InChI=1S/C25H20BrCl3N2O5/c26-15-6-4-14(5-7-15)24(23(35)36-12-25(27,28)29)10-17(24)16-3-1-2-13-11-31(22(34)20(13)16)18-8-9-19(32)30-21(18)33/h1-7,17-18H,8-12H2,(H,30,32,33)/t17-,18?,24-/m0/s1",YEKKEZIYLYXSAP-UAYVXKRGSA-N,,CRBN,Q96SW2,,,,,,,,,10.1021/acsmedchemlett.4c00297
1302,1118,18b,O=C1CCC(N2CC3=C(C2=O)C([C@H]2C[C@@]2(COOCC(Cl)(Cl)Cl)C2=CC=C(Br)C=C2)=CC=C3)C(=O)N1,"InChI=1S/C25H22BrCl3N2O5/c26-16-6-4-15(5-7-16)24(12-35-36-13-25(27,28)29)10-18(24)17-3-1-2-14-11-31(23(34)21(14)17)19-8-9-20(32)30-22(19)33/h1-7,18-19H,8-13H2,(H,30,32,33)/t18-,19?,24-/m1/s1",ORLMJROGYCPTEU-WEYXIGNSSA-N,,CRBN,Q96SW2,,,,,,,,,10.1021/acsmedchemlett.4c00297
1303,1119,24b,O=C1CCC(N2CC3=C(C2=O)C(C2=C[C@@]2(COOCC(Cl)(Cl)Cl)C2=CC=C(Br)C=C2)=CC=C3)C(=O)N1,"InChI=1S/C25H20BrCl3N2O5/c26-16-6-4-15(5-7-16)24(12-35-36-13-25(27,28)29)10-18(24)17-3-1-2-14-11-31(23(34)21(14)17)19-8-9-20(32)30-22(19)33/h1-7,10,19H,8-9,11-13H2,(H,30,32,33)/t19?,24-/m1/s1",BHYRVUOCKMMHBK-JKSFWZLDSA-N,,CRBN,Q96SW2,,,,,,,,,10.1021/acsmedchemlett.4c00297
1304,1120,24a,O=C1CCC(N2CC3=C(C2=O)C(C2=C[C@]2(C(=O)OCC(Cl)(Cl)Cl)C2=CC=C(Br)C=C2)=CC=C3)C(=O)N1,"InChI=1S/C25H18BrCl3N2O5/c26-15-6-4-14(5-7-15)24(23(35)36-12-25(27,28)29)10-17(24)16-3-1-2-13-11-31(22(34)20(13)16)18-8-9-19(32)30-21(18)33/h1-7,10,18H,8-9,11-12H2,(H,30,32,33)/t18?,24-/m0/s1",STQBVRVNAOULKH-LUTIACGYSA-N,,CRBN,Q96SW2,,,,,,,,,10.1021/acsmedchemlett.4c00297
1347,1159,15a,O=C1CCC(N2CC3=CC([C@@H]4C[C@]4(C(=O)OCC(Cl)(Cl)Cl)C4=CC=C(Br)C=C4)=CC=C3C2=O)C(=O)N1,"InChI=1S/C25H20BrCl3N2O5/c26-16-4-2-15(3-5-16)24(23(35)36-12-25(27,28)29)10-18(24)13-1-6-17-14(9-13)11-31(22(17)34)19-7-8-20(32)30-21(19)33/h1-6,9,18-19H,7-8,10-12H2,(H,30,32,33)/t18-,19?,24-/m0/s1",PFPPFUYFOLLWSU-GZODMWGESA-N,,CRBN,Q96SW2,,,,,,,,,10.1021/acsmedchemlett.4c00297
1348,1160,15b,O=C1CCC(N2CC3=CC([C@H]4C[C@@]4(COOCC(Cl)(Cl)Cl)C4=CC=C(Br)C=C4)=CC=C3C2=O)C(=O)N1,"InChI=1S/C25H22BrCl3N2O5/c26-17-4-2-16(3-5-17)24(12-35-36-13-25(27,28)29)10-19(24)14-1-6-18-15(9-14)11-31(23(18)34)20-7-8-21(32)30-22(20)33/h1-6,9,19-20H,7-8,10-13H2,(H,30,32,33)/t19-,20?,24-/m1/s1",DKLBYSSOZRYYMK-XARDSYGASA-N,CK1α,CRBN,Q96SW2,,,,,,,,,10.1021/acsmedchemlett.4c00297
1348,1160,15b,O=C1CCC(N2CC3=CC([C@H]4C[C@@]4(COOCC(Cl)(Cl)Cl)C4=CC=C(Br)C=C4)=CC=C3C2=O)C(=O)N1,"InChI=1S/C25H22BrCl3N2O5/c26-17-4-2-16(3-5-17)24(12-35-36-13-25(27,28)29)10-19(24)14-1-6-18-15(9-14)11-31(23(18)34)20-7-8-21(32)30-22(20)33/h1-6,9,19-20H,7-8,10-13H2,(H,30,32,33)/t19-,20?,24-/m1/s1",DKLBYSSOZRYYMK-XARDSYGASA-N,SALL4,CRBN,Q96SW2,,,,,,,,,10.1021/acsmedchemlett.4c00297
1353,1165,21b,O=C1CCC(N2CC3=CC(C4=C[C@@]4(COOCC(Cl)(Cl)Cl)C4=CC=C(Br)C=C4)=CC=C3C2=O)C(=O)N1,"InChI=1S/C25H20BrCl3N2O5/c26-17-4-2-16(3-5-17)24(12-35-36-13-25(27,28)29)10-19(24)14-1-6-18-15(9-14)11-31(23(18)34)20-7-8-21(32)30-22(20)33/h1-6,9-10,20H,7-8,11-13H2,(H,30,32,33)/t20?,24-/m1/s1",HNNUQHAIWLOKQD-PIFIWZBESA-N,SALL4,CRBN,Q96SW2,,,,,,,,,10.1021/acsmedchemlett.4c00297
1353,1165,21b,O=C1CCC(N2CC3=CC(C4=C[C@@]4(COOCC(Cl)(Cl)Cl)C4=CC=C(Br)C=C4)=CC=C3C2=O)C(=O)N1,"InChI=1S/C25H20BrCl3N2O5/c26-17-4-2-16(3-5-17)24(12-35-36-13-25(27,28)29)10-19(24)14-1-6-18-15(9-14)11-31(23(18)34)20-7-8-21(32)30-22(20)33/h1-6,9-10,20H,7-8,11-13H2,(H,30,32,33)/t20?,24-/m1/s1",HNNUQHAIWLOKQD-PIFIWZBESA-N,IKZF3,CRBN,Q96SW2,,,,,,,,,10.1021/acsmedchemlett.4c00297
1353,1165,21b,O=C1CCC(N2CC3=CC(C4=C[C@@]4(COOCC(Cl)(Cl)Cl)C4=CC=C(Br)C=C4)=CC=C3C2=O)C(=O)N1,"InChI=1S/C25H20BrCl3N2O5/c26-17-4-2-16(3-5-17)24(12-35-36-13-25(27,28)29)10-19(24)14-1-6-18-15(9-14)11-31(23(18)34)20-7-8-21(32)30-22(20)33/h1-6,9-10,20H,7-8,11-13H2,(H,30,32,33)/t20?,24-/m1/s1",HNNUQHAIWLOKQD-PIFIWZBESA-N,CK1α,CRBN,Q96SW2,,,,,,,,,10.1021/acsmedchemlett.4c00297
1353,1165,21b,O=C1CCC(N2CC3=CC(C4=C[C@@]4(COOCC(Cl)(Cl)Cl)C4=CC=C(Br)C=C4)=CC=C3C2=O)C(=O)N1,"InChI=1S/C25H20BrCl3N2O5/c26-17-4-2-16(3-5-17)24(12-35-36-13-25(27,28)29)10-19(24)14-1-6-18-15(9-14)11-31(23(18)34)20-7-8-21(32)30-22(20)33/h1-6,9-10,20H,7-8,11-13H2,(H,30,32,33)/t20?,24-/m1/s1",HNNUQHAIWLOKQD-PIFIWZBESA-N,GSPT1,CRBN,Q96SW2,,,,,,,,,10.1021/acsmedchemlett.4c00297
1354,1166,21a,O=C1CCC(N2CC3=CC(C4=C[C@]4(C(=O)OCC(Cl)(Cl)Cl)C4=CC=C(Br)C=C4)=CC=C3C2=O)C(=O)N1,"InChI=1S/C25H18BrCl3N2O5/c26-16-4-2-15(3-5-16)24(23(35)36-12-25(27,28)29)10-18(24)13-1-6-17-14(9-13)11-31(22(17)34)19-7-8-20(32)30-21(19)33/h1-6,9-10,19H,7-8,11-12H2,(H,30,32,33)/t19?,24-/m0/s1",MFIRTWGENGZXDW-WIIYFNMSSA-N,,CRBN,Q96SW2,,,,,,,,,10.1021/acsmedchemlett.4c00297
1435,1236,17a,O=C1CCC(N2CC3=CC=C([C@@H]4C[C@]4(C(=O)OCC(Cl)(Cl)Cl)C4=CC=C(Br)C=C4)C=C3C2=O)C(=O)N1,"InChI=1S/C25H20BrCl3N2O5/c26-16-5-3-15(4-6-16)24(23(35)36-12-25(27,28)29)10-18(24)13-1-2-14-11-31(22(34)17(14)9-13)19-7-8-20(32)30-21(19)33/h1-6,9,18-19H,7-8,10-12H2,(H,30,32,33)/t18-,19?,24-/m0/s1",HEHYLGHDIMBWTB-GZODMWGESA-N,,CRBN,Q96SW2,,,,,,,,,10.1021/acsmedchemlett.4c00297
1436,1237,17b,O=C1CCC(N2CC3=CC=C([C@H]4C[C@@]4(COOCC(Cl)(Cl)Cl)C4=CC=C(Br)C=C4)C=C3C2=O)C(=O)N1,"InChI=1S/C25H22BrCl3N2O5/c26-17-5-3-16(4-6-17)24(12-35-36-13-25(27,28)29)10-19(24)14-1-2-15-11-31(23(34)18(15)9-14)20-7-8-21(32)30-22(20)33/h1-6,9,19-20H,7-8,10-13H2,(H,30,32,33)/t19-,20?,24-/m1/s1",QAPXKPNRTVQPCZ-XARDSYGASA-N,,CRBN,Q96SW2,,,,,,,,,10.1021/acsmedchemlett.4c00297
1437,1238,23b,O=C1CCC(N2CC3=CC=C(C4=C[C@@]4(COOCC(Cl)(Cl)Cl)C4=CC=C(Br)C=C4)C=C3C2=O)C(=O)N1,"InChI=1S/C25H20BrCl3N2O5/c26-17-5-3-16(4-6-17)24(12-35-36-13-25(27,28)29)10-19(24)14-1-2-15-11-31(23(34)18(15)9-14)20-7-8-21(32)30-22(20)33/h1-6,9-10,20H,7-8,11-13H2,(H,30,32,33)/t20?,24-/m1/s1",TWEXZHMHUWLYIW-PIFIWZBESA-N,,CRBN,Q96SW2,,,,,,,,,10.1021/acsmedchemlett.4c00297
1438,1239,23a,O=C1CCC(N2CC3=CC=C(C4=C[C@]4(C(=O)OCC(Cl)(Cl)Cl)C4=CC=C(Br)C=C4)C=C3C2=O)C(=O)N1,"InChI=1S/C25H18BrCl3N2O5/c26-16-5-3-15(4-6-16)24(23(35)36-12-25(27,28)29)10-18(24)13-1-2-14-11-31(22(34)17(14)9-13)19-7-8-20(32)30-21(19)33/h1-6,9-10,19H,7-8,11-12H2,(H,30,32,33)/t19?,24-/m0/s1",NUDMYJFNODNYCD-WIIYFNMSSA-N,,CRBN,Q96SW2,,,,,,,,,10.1021/acsmedchemlett.4c00297
396,365,dRRM-1,CC1=CC=C(S(=O)(=O)NC2=CC=C3N=CC=CC3=C2)C=C1,"InChI=1S/C16H14N2O2S/c1-12-4-7-15(8-5-12)21(19,20)18-14-6-9-16-13(11-14)3-2-10-17-16/h2-11,18H,1H3",OAKHDXJUOUHIBP-UHFFFAOYSA-N,RBM39,DCAF15,Q66K64,HEK293T,,,,,,,,10.1021/jacs.2c10784
396,365,dRRM-1,CC1=CC=C(S(=O)(=O)NC2=CC=C3N=CC=CC3=C2)C=C1,"InChI=1S/C16H14N2O2S/c1-12-4-7-15(8-5-12)21(19,20)18-14-6-9-16-13(11-14)3-2-10-17-16/h2-11,18H,1H3",OAKHDXJUOUHIBP-UHFFFAOYSA-N,RBM23,DCAF15,Q66K64,HEK293T,,,,,,,,10.1021/jacs.2c10784
1655,1452,13-7,CC(=O)NCCN(C1=NC(N2CC(OC3=NC=CS3)C2)=NC(N2CC3C(CCOC4=CC(C5=C(C)N=CS5)=CC=C4CNC(=O)[C@@H]4C[C@@H](O)CN4C(=O)[C@@H](NC(=O)C4(F)CC4)C(C)(C)C)C3C2)=N1)C(C)C,"InChI=1S/C49H65FN12O7S2/c1-27(2)61(15-13-51-29(4)63)46-57-44(59-22-33(23-59)69-47-52-14-17-70-47)56-45(58-46)60-24-35-34(36(35)25-60)10-16-68-38-18-30(39-28(3)54-26-71-39)8-9-31(38)20-53-41(65)37-19-32(64)21-62(37)42(66)40(48(5,6)7)55-43(67)49(50)11-12-49/h8-9,14,17-18,26-27,32-37,40,64H,10-13,15-16,19-25H2,1-7H3,(H,51,63)(H,53,65)(H,55,67)/t32-,34?,35?,36?,37+,40-/m1/s1",MCHONAYJGRIMOE-GUQIOIHDSA-N,BRD9,VHL,P40337,,,108,nM,,,,,10.1021/jacs.3c08307
1655,1452,13-7,CC(=O)NCCN(C1=NC(N2CC(OC3=NC=CS3)C2)=NC(N2CC3C(CCOC4=CC(C5=C(C)N=CS5)=CC=C4CNC(=O)[C@@H]4C[C@@H](O)CN4C(=O)[C@@H](NC(=O)C4(F)CC4)C(C)(C)C)C3C2)=N1)C(C)C,"InChI=1S/C49H65FN12O7S2/c1-27(2)61(15-13-51-29(4)63)46-57-44(59-22-33(23-59)69-47-52-14-17-70-47)56-45(58-46)60-24-35-34(36(35)25-60)10-16-68-38-18-30(39-28(3)54-26-71-39)8-9-31(38)20-53-41(65)37-19-32(64)21-62(37)42(66)40(48(5,6)7)55-43(67)49(50)11-12-49/h8-9,14,17-18,26-27,32-37,40,64H,10-13,15-16,19-25H2,1-7H3,(H,51,63)(H,53,65)(H,55,67)/t32-,34?,35?,36?,37+,40-/m1/s1",MCHONAYJGRIMOE-GUQIOIHDSA-N,BRD9,VHL,P40337,,NanoBiT,,,,,,,10.1021/jacs.3c08307
1053,917,LC-02-047-P2,O=C1CC[C@H](N2CC3=CC(C4=C5N=C(Cl)C=CN5N=C4)=CC=C3C2=O)C(=O)N1,"InChI=1S/C19H14ClN5O3/c20-15-5-6-25-17(22-15)13(8-21-25)10-1-2-12-11(7-10)9-24(19(12)28)14-3-4-16(26)23-18(14)27/h1-2,5-8,14H,3-4,9H2,(H,23,26,27)/t14-/m0/s1",DMUSJBLCTPEHPQ-AWEZNQCLSA-N,CK1α,CRBN,Q96SW2,,Western Blot,>100,nM,,50,,,10.1021/jacsau.4c00762
1054,918,LC-02-104,O=C1CC[C@H](N2CC3=CC(C4=C5N=C(NC6=CC=C7OCOC7=C6)C=CN5N=C4)=CC=C3C2=O)C(=O)N1,"InChI=1S/C26H20N6O5/c33-23-6-4-19(25(34)30-23)31-12-15-9-14(1-3-17(15)26(31)35)18-11-27-32-8-7-22(29-24(18)32)28-16-2-5-20-21(10-16)37-13-36-20/h1-3,5,7-11,19H,4,6,12-13H2,(H,28,29)(H,30,33,34)/t19-/m0/s1",BIRKQAVFJFRNPQ-IBGZPJMESA-N,CK1α,CRBN,Q96SW2,,Western Blot,>100,nM,,0,,,10.1021/jacsau.4c00762
1055,919,LC-02-135,O=C1CC[C@H](N2CC3=CC(C4=C5N=C(NC6CCC(F)(F)CC6)C=CN5N=C4)=CC=C3C2=O)C(=O)N1,"InChI=1S/C25H24F2N6O3/c26-25(27)8-5-16(6-9-25)29-20-7-10-33-22(30-20)18(12-28-33)14-1-2-17-15(11-14)13-32(24(17)36)19-3-4-21(34)31-23(19)35/h1-2,7,10-12,16,19H,3-6,8-9,13H2,(H,29,30)(H,31,34,35)/t19-/m0/s1",KOYRQYHKBOGVHK-IBGZPJMESA-N,CK1α,CRBN,Q96SW2,,Western Blot,>100,nM,,0,,,10.1021/jacsau.4c00762
1056,920,LC-02-119,O=C1CC[C@H](N2CC3=CC(C4=C5N=C(NC6CCCCC6)C=CN5N=C4)=CC=C3C2=O)C(=O)N1,"InChI=1S/C25H26N6O3/c32-22-9-8-20(24(33)29-22)30-14-16-12-15(6-7-18(16)25(30)34)19-13-26-31-11-10-21(28-23(19)31)27-17-4-2-1-3-5-17/h6-7,10-13,17,20H,1-5,8-9,14H2,(H,27,28)(H,29,32,33)/t20-/m0/s1",UYDLBNIXPOLYLS-FQEVSTJZSA-N,CK1α,CRBN,Q96SW2,,Western Blot,>100,nM,,9,,,10.1021/jacsau.4c00762
1057,921,LC-02-120,O=C1CC[C@H](N2CC3=CC(C4=C5N=C(NC6CCOCC6)C=CN5N=C4)=CC=C3C2=O)C(=O)N1,"InChI=1S/C24H24N6O4/c31-21-4-3-19(23(32)28-21)29-13-15-11-14(1-2-17(15)24(29)33)18-12-25-30-8-5-20(27-22(18)30)26-16-6-9-34-10-7-16/h1-2,5,8,11-12,16,19H,3-4,6-7,9-10,13H2,(H,26,27)(H,28,31,32)/t19-/m0/s1",GCUFXMIQFJJOPR-IBGZPJMESA-N,CK1α,CRBN,Q96SW2,,Western Blot,>100,nM,,14,,,10.1021/jacsau.4c00762
1058,922,LC-02-116,O=C1CC[C@H](N2CC3=CC(C4=C5N=C(NCC6=CC=CC=C6)C=CN5N=C4)=CC=C3C2=O)C(=O)N1,"InChI=1S/C26H22N6O3/c33-23-9-8-21(25(34)30-23)31-15-18-12-17(6-7-19(18)26(31)35)20-14-28-32-11-10-22(29-24(20)32)27-13-16-4-2-1-3-5-16/h1-7,10-12,14,21H,8-9,13,15H2,(H,27,29)(H,30,33,34)/t21-/m0/s1",YGLDMGSRTJAXRL-NRFANRHFSA-N,CK1α,CRBN,Q96SW2,,Western Blot,>100,nM,,30,,,10.1021/jacsau.4c00762
1059,923,LC-02-117,O=C1CC[C@H](N2CC3=CC(C4=C5N=C(NCCC6=CC=CC=C6)C=CN5N=C4)=CC=C3C2=O)C(=O)N1,"InChI=1S/C27H24N6O3/c34-24-9-8-22(26(35)31-24)32-16-19-14-18(6-7-20(19)27(32)36)21-15-29-33-13-11-23(30-25(21)33)28-12-10-17-4-2-1-3-5-17/h1-7,11,13-15,22H,8-10,12,16H2,(H,28,30)(H,31,34,35)/t22-/m0/s1",IWELENJZEKXIMC-QFIPXVFZSA-N,CK1α,CRBN,Q96SW2,,Western Blot,>100,nM,,0,,,10.1021/jacsau.4c00762
1060,924,LC-02-148,O=C1CC[C@H](N2CC3=CC(C4=C5N=C(NCCN6CCOCC6)C=CN5N=C4)=CC=C3C2=O)C(=O)N1,"InChI=1S/C25H27N7O4/c33-22-4-3-20(24(34)29-22)31-15-17-13-16(1-2-18(17)25(31)35)19-14-27-32-7-5-21(28-23(19)32)26-6-8-30-9-11-36-12-10-30/h1-2,5,7,13-14,20H,3-4,6,8-12,15H2,(H,26,28)(H,29,33,34)/t20-/m0/s1",XMQLJWPGJYURGC-FQEVSTJZSA-N,CK1α,CRBN,Q96SW2,,Western Blot,>100,nM,,0,,,10.1021/jacsau.4c00762
1361,1170,LC-02-047-P1,O=C1CCC(N2CC3=CC(C4=NC5=C(Br)C=NN5C=C4)=CC=C3C2=O)C(=O)N1,"InChI=1S/C19H14BrN5O3/c20-13-8-21-25-6-5-14(22-17(13)25)10-1-2-12-11(7-10)9-24(19(12)28)15-3-4-16(26)23-18(15)27/h1-2,5-8,15H,3-4,9H2,(H,23,26,27)",YEFAKXFTUMESCG-UHFFFAOYSA-N,CK1α,CRBN,Q96SW2,,Western Blot,14,nM,,86,,,10.1021/jacsau.4c00762
1362,1171,dCK1α-2,O=C1CCC(N2CC3=CC(C4=NC5=C(Cl)C(CN6CCOCC6)=NN5C=C4)=CC=C3C2=O)C(=O)N1,"InChI=1S/C24H23ClN6O4/c25-21-18(13-29-7-9-35-10-8-29)28-31-6-5-17(26-22(21)31)14-1-2-16-15(11-14)12-30(24(16)34)19-3-4-20(32)27-23(19)33/h1-2,5-6,11,19H,3-4,7-10,12-13H2,(H,27,32,33)",XIQNTJXNMQHUHV-UHFFFAOYSA-N,CK1α,CRBN,Q96SW2,,Western Blot,146,nM,,84,,,10.1021/jacsau.4c00762
1363,1172,LC-04-087,O=C1CCC(N2CC3=CC(C4=NC5=C(Cl)C=NN5C=C4)=CC=C3C2=O)C(=O)N1,"InChI=1S/C19H14ClN5O3/c20-13-8-21-25-6-5-14(22-17(13)25)10-1-2-12-11(7-10)9-24(19(12)28)15-3-4-16(26)23-18(15)27/h1-2,5-8,15H,3-4,9H2,(H,23,26,27)",VLQCOELYHBYNNI-UHFFFAOYSA-N,CK1α,CRBN,Q96SW2,,Western Blot,12,nM,,90,,,10.1021/jacsau.4c00762
1364,1173,LC-04-075,O=C1CCC(N2CC3=CC(C4=NC5=CC=NN5C=C4)=CC=C3C2=O)C(=O)N1,"InChI=1S/C19H15N5O3/c25-17-4-3-15(18(26)22-17)23-10-12-9-11(1-2-13(12)19(23)27)14-6-8-24-16(21-14)5-7-20-24/h1-2,5-9,15H,3-4,10H2,(H,22,25,26)",JFGCAFRJJYPKRT-UHFFFAOYSA-N,CK1α,CRBN,Q96SW2,,Western Blot,141,nM,,79,,,10.1021/jacsau.4c00762
318,300,LC-04-113,CC1=C2N=C(C3=CC=C4C(=O)N(C5CCC(=O)NC5=O)CC4=C3)C=CN2N=C1,"InChI=1S/C20H17N5O3/c1-11-9-21-25-7-6-15(22-18(11)25)12-2-3-14-13(8-12)10-24(20(14)28)16-4-5-17(26)23-19(16)27/h2-3,6-9,16H,4-5,10H2,1H3,(H,23,26,27)",ZYTXPWPQWMJJJR-UHFFFAOYSA-N,CK1α,CRBN,Q96SW2,,Western Blot,10,nM,,91,,,10.1021/jacsau.4c00762
387,358,LC-02-105,CC1=CC=C(NC2=NC3=C(C4=CC=C5C(=O)N([C@H]6CCC(=O)NC6=O)CC5=C4)C=NN3C=C2)C=C1Cl,"InChI=1S/C26H21ClN6O3/c1-14-2-4-17(11-20(14)27)29-22-8-9-33-24(30-22)19(12-28-33)15-3-5-18-16(10-15)13-32(26(18)36)21-6-7-23(34)31-25(21)35/h2-5,8-12,21H,6-7,13H2,1H3,(H,29,30)(H,31,34,35)/t21-/m0/s1",FVQQKZPSORNQPE-NRFANRHFSA-N,CK1α,CRBN,Q96SW2,,Western Blot,>100,nM,,68,,,10.1021/jacsau.4c00762
458,419,LC-04-155,CC1=NN2C=CC(C3=CC=C4C(=O)N(C5CCC(=O)NC5=O)CC4=C3)=NC2=C1,"InChI=1S/C20H17N5O3/c1-11-8-17-21-15(6-7-25(17)23-11)12-2-3-14-13(9-12)10-24(20(14)28)16-4-5-18(26)22-19(16)27/h2-3,6-9,16H,4-5,10H2,1H3,(H,22,26,27)",DLUKFEPFIRIULR-UHFFFAOYSA-N,CK1α,CRBN,Q96SW2,,Western Blot,90,nM,,83,,,10.1021/jacsau.4c00762
459,420,LC-04-162,CC1=NN2C=CC(C3=CC=C4C(=O)N(C5CCC(=O)NC5=O)CC4=C3)=NC2=C1Cl,"InChI=1S/C20H16ClN5O3/c1-10-17(21)18-22-14(6-7-26(18)24-10)11-2-3-13-12(8-11)9-25(20(13)29)15-4-5-16(27)23-19(15)28/h2-3,6-8,15H,4-5,9H2,1H3,(H,23,27,28)",KXNAVMGMZGFFGH-UHFFFAOYSA-N,CK1α,CRBN,Q96SW2,,Western Blot,12,nM,,89,,,10.1021/jacsau.4c00762
737,684,LC-02-121,COC1=CC=C(NC2=NC3=C(C4=CC=C5C(=O)N([C@H]6CCC(=O)NC6=O)CC5=C4)C=NN3C=C2)C=C1C,"InChI=1S/C27H24N6O4/c1-15-11-18(4-7-22(15)37-2)29-23-9-10-33-25(30-23)20(13-28-33)16-3-5-19-17(12-16)14-32(27(19)36)21-6-8-24(34)31-26(21)35/h3-5,7,9-13,21H,6,8,14H2,1-2H3,(H,29,30)(H,31,34,35)/t21-/m0/s1",LIRALDJVEGMUCK-NRFANRHFSA-N,CK1α,CRBN,Q96SW2,,Western Blot,>100,nM,,1,,,10.1021/jacsau.4c00762
823,760,LC-04-077,N#CC1=C2N=C(C3=CC=C4C(=O)N(C5CCC(=O)NC5=O)CC4=C3)C=CN2N=C1,"InChI=1S/C20H14N6O3/c21-8-13-9-22-26-6-5-15(23-18(13)26)11-1-2-14-12(7-11)10-25(20(14)29)16-3-4-17(27)24-19(16)28/h1-2,5-7,9,16H,3-4,10H2,(H,24,27,28)",NMJBTMAEPJCFSH-UHFFFAOYSA-N,CK1α,CRBN,Q96SW2,,Western Blot,406,nM,,93,,,10.1021/jacsau.4c00762
854,787,LC-04-081,NC1=C2N=C(C3=CC=C4C(=O)N(C5CCC(=O)NC5=O)CC4=C3)C=CN2N=C1,"InChI=1S/C19H16N6O3/c20-13-8-21-25-6-5-14(22-17(13)25)10-1-2-12-11(7-10)9-24(19(12)28)15-3-4-16(26)23-18(15)27/h1-2,5-8,15H,3-4,9,20H2,(H,23,26,27)",APQSXHQOFJECJP-UHFFFAOYSA-N,CK1α,CRBN,Q96SW2,,Western Blot,>1000,nM,,31,,,10.1021/jacsau.4c00762
1836,1629,Coronatine,CC[C@H]1C=C(C(=O)N[C@@]2(C(=O)O)C[C@H]2CC)[C@H]2CCC(=O)[C@H]2C1,"InChI=1S/C18H25NO4/c1-3-10-7-13-12(5-6-15(13)20)14(8-10)16(21)19-18(17(22)23)9-11(18)4-2/h8,10-13H,3-7,9H2,1-2H3,(H,19,21)(H,22,23)/t10-,11-,12+,13+,18+/m1/s1",FMGBNISRFNDECK-OQXSLNJDSA-N,JAZ degron,COl1,O50055,,,,,,,,,10.1038/nature09430
2,2,"(3R,7S)-JA-L-Ile",CC/C=C\C[C@@H]1C(=O)CC[C@@H]1CC(=O)N[C@H](C(=O)O)[C@@H](C)CC,"InChI=1S/C18H29NO4/c1-4-6-7-8-14-13(9-10-15(14)20)11-16(21)19-17(18(22)23)12(3)5-2/h6-7,12-14,17H,4-5,8-11H2,1-3H3,(H,19,21)(H,22,23)/b7-6-/t12-,13+,14-,17-/m0/s1",IBZYPBGPOGJMBF-QPERPISQSA-N,JAZ degron,COl1,O50055,,,,,,,,,10.1038/nature09430
1200,1041,Thalidomide,O=C1CCC(N2C(=O)C3=CC=CC=C3C2=O)C(=O)N1,"InChI=1S/C13H10N2O4/c16-10-6-5-9(11(17)14-10)15-12(18)7-3-1-2-4-8(7)13(15)19/h1-4,9H,5-6H2,(H,14,16,17)",UEJJHQNACJXSKW-UHFFFAOYSA-N,,CRBN,Q96SW2,,,,,,,,,10.1038/nature13527
911,825,Pomalidomide,NC1=CC=CC2=C1C(=O)N(C1CCC(=O)NC1=O)C2=O,"InChI=1S/C13H11N3O4/c14-7-3-1-2-6-10(7)13(20)16(12(6)19)8-4-5-9(17)15-11(8)18/h1-3,8H,4-5,14H2,(H,15,17,18)",UVSMNLNDYGZFPF-UHFFFAOYSA-N,,CRBN,Q96SW2,,,,,,,,,10.1038/nature13527
942,828,Lenalidomide,NC1=CC=CC2=C1CN(C1CCC(=O)NC1=O)C2=O,"InChI=1S/C13H13N3O3/c14-9-3-1-2-7-8(9)6-16(13(7)19)10-4-5-11(17)15-12(10)18/h1-3,10H,4-6,14H2,(H,15,17,18)",GOTYRUGSSMKFNF-UHFFFAOYSA-N,,CRBN,Q96SW2,,,,,,,,,10.1038/nature13527
447,412,CC-122,CC1=NC2=CC=CC(N)=C2C(=O)N1C1CCC(=O)NC1=O,"InChI=1S/C14H14N4O3/c1-7-16-9-4-2-3-8(15)12(9)14(21)18(7)10-5-6-11(19)17-13(10)20/h2-4,10H,5-6,15H2,1H3,(H,17,19,20)",RSNPAKAFCAAMBH-UHFFFAOYSA-N,IKZF1,CRBN,Q96SW2,,,,,,,,,10.1038/nature14610
447,412,CC-122,CC1=NC2=CC=CC(N)=C2C(=O)N1C1CCC(=O)NC1=O,"InChI=1S/C14H14N4O3/c1-7-16-9-4-2-3-8(15)12(9)14(21)18(7)10-5-6-11(19)17-13(10)20/h2-4,10H,5-6,15H2,1H3,(H,17,19,20)",RSNPAKAFCAAMBH-UHFFFAOYSA-N,IKZF3,CRBN,Q96SW2,,,,,,,,,10.1038/nature14610
935,828,Lenalidomide,NC1=CC=CC2=C1CN(C1CCC(=O)NC1=O)C2=O,"InChI=1S/C13H13N3O3/c14-9-3-1-2-7-8(9)6-16(13(7)19)10-4-5-11(17)15-12(10)18/h1-3,10H,4-6,14H2,(H,15,17,18)",GOTYRUGSSMKFNF-UHFFFAOYSA-N,CK1α,CRBN,Q96SW2,,,,,,,,,10.1038/nature14610
935,828,Lenalidomide,NC1=CC=CC2=C1CN(C1CCC(=O)NC1=O)C2=O,"InChI=1S/C13H13N3O3/c14-9-3-1-2-7-8(9)6-16(13(7)19)10-4-5-11(17)15-12(10)18/h1-3,10H,4-6,14H2,(H,15,17,18)",GOTYRUGSSMKFNF-UHFFFAOYSA-N,IKZF1,CRBN,Q96SW2,,,,,,,,,10.1038/nature14610
935,828,Lenalidomide,NC1=CC=CC2=C1CN(C1CCC(=O)NC1=O)C2=O,"InChI=1S/C13H13N3O3/c14-9-3-1-2-7-8(9)6-16(13(7)19)10-4-5-11(17)15-12(10)18/h1-3,10H,4-6,14H2,(H,15,17,18)",GOTYRUGSSMKFNF-UHFFFAOYSA-N,IKZF3,CRBN,Q96SW2,,,,,,,,,10.1038/nature14610
934,828,Lenalidomide,NC1=CC=CC2=C1CN(C1CCC(=O)NC1=O)C2=O,"InChI=1S/C13H13N3O3/c14-9-3-1-2-7-8(9)6-16(13(7)19)10-4-5-11(17)15-12(10)18/h1-3,10H,4-6,14H2,(H,15,17,18)",GOTYRUGSSMKFNF-UHFFFAOYSA-N,ZFP91,CRBN,Q96SW2,,,,,,,,,10.1038/ncomms15398
602,555,SR-4835,CN1C=C(N2C=NC3=C(NCC4=NC5=CC(Cl)=C(Cl)C=C5N4)N=C(N4CCOCC4)N=C32)C=N1,"InChI=1S/C21H20Cl2N10O/c1-31-10-12(8-26-31)33-11-25-18-19(29-21(30-20(18)33)32-2-4-34-5-3-32)24-9-17-27-15-6-13(22)14(23)7-16(15)28-17/h6-8,10-11H,2-5,9H2,1H3,(H,27,28)(H,24,29,30)",FSELUFUYNUNZKD-UHFFFAOYSA-N,CDK12-CCNK,DDB1,Q16531,A375,,,,,,,,10.1038/s41420-023-01754-x
603,556,CU-0904,CN1C=C(N2C=NC3=C(NCC4=NC5=CC(F)=C(F)C=C5N4)N=C(N4CCOCC4)N=C32)C=N1,"InChI=1S/C21H20F2N10O/c1-31-10-12(8-26-31)33-11-25-18-19(29-21(30-20(18)33)32-2-4-34-5-3-32)24-9-17-27-15-6-13(22)14(23)7-16(15)28-17/h6-8,10-11H,2-5,9H2,1H3,(H,27,28)(H,24,29,30)",JVTYTNXXRWZBHG-UHFFFAOYSA-N,CDK12-CCNK,DDB1,Q16531,A375,,,,,,,,10.1038/s41420-023-01754-x
604,557,CU-0905,CN1C=C(N2C=NC3=C(NCC4=NC5=CC=C(F)C(F)=C5N4)N=C(N4CCOCC4)N=C32)C=N1,"InChI=1S/C21H20F2N10O/c1-31-10-12(8-26-31)33-11-25-18-19(29-21(30-20(18)33)32-4-6-34-7-5-32)24-9-15-27-14-3-2-13(22)16(23)17(14)28-15/h2-3,8,10-11H,4-7,9H2,1H3,(H,27,28)(H,24,29,30)",YEKKFBQFUXNWHX-UHFFFAOYSA-N,CDK12-CCNK,DDB1,Q16531,A375,,,,,,,,10.1038/s41420-023-01754-x
671,618,CU-0906,COC1=C(Cl)C=C2N=C(CNC3=C4N=CN(C5=CN(C)N=C5)C4=NC(N4CCOCC4)=N3)NC2=C1,"InChI=1S/C22H23ClN10O2/c1-31-11-13(9-26-31)33-12-25-19-20(29-22(30-21(19)33)32-3-5-35-6-4-32)24-10-18-27-15-7-14(23)17(34-2)8-16(15)28-18/h7-9,11-12H,3-6,10H2,1-2H3,(H,27,28)(H,24,29,30)",PFLWENDTYLYORX-UHFFFAOYSA-N,CDK12-CCNK,DDB1,Q16531,A375,,,,,,,,10.1038/s41420-023-01754-x
1010,879,NRX-1532,O=C(NC1=CC=CC(C2=CC=NN2)=C1)C1=CC=C(C(F)(F)F)NC1=O,"InChI=1S/C16H11F3N4O2/c17-16(18,19)13-5-4-11(15(25)22-13)14(24)21-10-3-1-2-9(8-10)12-6-7-20-23-12/h1-8H,(H,20,23)(H,21,24)(H,22,25)",KRFAUNDDLPKBNF-UHFFFAOYSA-N,,β-TrCP,,,,,,,,,,10.1038/s41467-019-09358-9
1011,880,NRX-1933,O=C(NC1=CC=CC(C2=NN=NN2)=C1)C1=CC=C(C(F)(F)F)NC1=O,"InChI=1S/C14H9F3N6O2/c15-14(16,17)10-5-4-9(13(25)19-10)12(24)18-8-3-1-2-7(6-8)11-20-22-23-21-11/h1-6H,(H,18,24)(H,19,25)(H,20,21,22,23)",IAVMZDPIQIVLOG-UHFFFAOYSA-N,,β-TrCP,Q9Y297,,,,,,,,,10.1038/s41467-019-09358-9
1019,885,NRX-2663,O=C(O)C1=CC=CC(NC(=O)C2=C(OC3=CC=CC=C3)C=C(C(F)(F)F)NC2=O)=C1,"InChI=1S/C20H13F3N2O5/c21-20(22,23)15-10-14(30-13-7-2-1-3-8-13)16(18(27)25-15)17(26)24-12-6-4-5-11(9-12)19(28)29/h1-10H,(H,24,26)(H,25,27)(H,28,29)",QMARDTCIJVODCK-UHFFFAOYSA-N,β-catenin,β-TrCP,Q9Y297,,TR-FRET,,,,,,,10.1038/s41467-019-09358-9
1020,886,NRX-103094,O=C(O)C1=CC=CC(NC(=O)C2=C(SC3=C(Cl)C=CC=C3Cl)C=C(C(F)(F)F)NC2=O)=C1,"InChI=1S/C20H11Cl2F3N2O4S/c21-11-5-2-6-12(22)16(11)32-13-8-14(20(23,24)25)27-18(29)15(13)17(28)26-10-4-1-3-9(7-10)19(30)31/h1-8H,(H,26,28)(H,27,29)(H,30,31)",HFBGFWJURBVNFD-UHFFFAOYSA-N,β-catenin,β-TrCP,Q9Y297,,TR-FRET,,,,,,,10.1038/s41467-019-09358-9
548,506,NRX-103095,CN(C)C(=O)C1=CC(NC(=O)C2=C(SC3=C(Cl)C=CC=C3Cl)C=C(C(F)(F)F)NC2=O)=CC=C1,"InChI=1S/C22H16Cl2F3N3O3S/c1-30(2)21(33)11-5-3-6-12(9-11)28-19(31)17-15(10-16(22(25,26)27)29-20(17)32)34-18-13(23)7-4-8-14(18)24/h3-10H,1-2H3,(H,28,31)(H,29,32)",BGEHEUAOZPAMKC-UHFFFAOYSA-N,β-catenin,β-TrCP,,,TR-FRET,,,,,,,10.1038/s41467-019-09358-9
679,626,NRX-252262,COC1=C(OC)C=C2CN(C(=O)C3=C(SC4=C(Cl)C=CC=C4Cl)C=C(C(F)(F)F)NC3=O)CC2=C1,"InChI=1S/C23H17Cl2F3N2O4S/c1-33-15-6-11-9-30(10-12(11)7-16(15)34-2)22(32)19-17(8-18(23(26,27)28)29-21(19)31)35-20-13(24)4-3-5-14(20)25/h3-8H,9-10H2,1-2H3,(H,29,31)",SPAYLOCXFWJEBL-UHFFFAOYSA-N,β-catenin,β-TrCP,,,TR-FRET,,,,,,,10.1038/s41467-019-09358-9
837,770,NRX-252114,N#CC1=CC=CC2=C1CN(C(=O)C1=C(SC3=C(Cl)C=CC=C3Cl)C=C(C(F)(F)F)NC1=O)C2,"InChI=1S/C22H12Cl2F3N3O2S/c23-14-5-2-6-15(24)19(14)33-16-7-17(22(25,26)27)29-20(31)18(16)21(32)30-9-12-4-1-3-11(8-28)13(12)10-30/h1-7H,9-10H2,(H,29,31)",BMQXGPBUQGPLOV-UHFFFAOYSA-N,β-catenin,β-TrCP,,,TR-FRET,,,,,,,10.1038/s41467-019-09358-9
1519,1317,(S)-Thalidomide,O=C1CC[C@H](N2C(=O)C3=CC=CC=C3C2=O)C(=O)N1,"InChI=1S/C13H10N2O4/c16-10-6-5-9(11(17)14-10)15-12(18)7-3-1-2-4-8(7)13(15)19/h1-4,9H,5-6H2,(H,14,16,17)/t9-/m0/s1",UEJJHQNACJXSKW-VIFPVBQESA-N,,CRBN,Q96SW2,,,,,,,,,10.1038/s41467-020-18488-4
1162,1016,5-Hydroxythalidomide,O=C1CCC(N2C(=O)C3=CC=C(O)C=C3C2=O)C(=O)N1,"InChI=1S/C13H10N2O5/c16-6-1-2-7-8(5-6)13(20)15(12(7)19)9-3-4-10(17)14-11(9)18/h1-2,5,9,16H,3-4H2,(H,14,17,18)",LJBQRRQTZUJWRC-UHFFFAOYSA-N,,CRBN,Q96SW2,,,,,,,,,10.1038/s41467-021-27818-z
1194,1041,Thalidomide,O=C1CCC(N2C(=O)C3=CC=CC=C3C2=O)C(=O)N1,"InChI=1S/C13H10N2O4/c16-10-6-5-9(11(17)14-10)15-12(18)7-3-1-2-4-8(7)13(15)19/h1-4,9H,5-6H2,(H,14,16,17)",UEJJHQNACJXSKW-UHFFFAOYSA-N,,CRBN,Q96SW2,,,,,,,,,10.1038/s41467-021-27818-z
903,825,Pomalidomide,NC1=CC=CC2=C1C(=O)N(C1CCC(=O)NC1=O)C2=O,"InChI=1S/C13H11N3O4/c14-7-3-1-2-6-10(7)13(20)16(12(6)19)8-4-5-9(17)15-11(8)18/h1-3,8H,4-5,14H2,(H,15,17,18)",UVSMNLNDYGZFPF-UHFFFAOYSA-N,,CRBN,Q96SW2,,,,,,,,,10.1038/s41467-021-27818-z
930,828,Lenalidomide,NC1=CC=CC2=C1CN(C1CCC(=O)NC1=O)C2=O,"InChI=1S/C13H13N3O3/c14-9-3-1-2-7-8(9)6-16(13(7)19)10-4-5-11(17)15-12(10)18/h1-3,10H,4-6,14H2,(H,15,17,18)",GOTYRUGSSMKFNF-UHFFFAOYSA-N,,CRBN,Q96SW2,,,,,,,,,10.1038/s41467-021-27818-z
900,825,Pomalidomide,NC1=CC=CC2=C1C(=O)N(C1CCC(=O)NC1=O)C2=O,"InChI=1S/C13H11N3O4/c14-7-3-1-2-6-10(7)13(20)16(12(6)19)8-4-5-9(17)15-11(8)18/h1-3,8H,4-5,14H2,(H,15,17,18)",UVSMNLNDYGZFPF-UHFFFAOYSA-N,,CRBN,Q96SW2,,,,,,,,,10.1038/s41467-022-28507-1
927,828,lenalidomide,NC1=CC=CC2=C1CN(C1CCC(=O)NC1=O)C2=O,"InChI=1S/C13H13N3O3/c14-9-3-1-2-7-8(9)6-16(13(7)19)10-4-5-11(17)15-12(10)18/h1-3,10H,4-6,14H2,(H,15,17,18)",GOTYRUGSSMKFNF-UHFFFAOYSA-N,,CRBN,Q96SW2,,,,,,,,,10.1038/s41467-022-28507-1
974,849,indisulam,NS(=O)(=O)C1=CC=C(S(=O)(=O)NC2=CC=CC3=C2NC=C3Cl)C=C1,"InChI=1S/C14H12ClN3O4S2/c15-12-8-17-14-11(12)2-1-3-13(14)18-24(21,22)10-6-4-9(5-7-10)23(16,19)20/h1-8,17-18H,(H2,16,19,20)",SETFNECMODOHTO-UHFFFAOYSA-N,RBM39,DCAF15,Q66K64,,,,,,,,,10.1038/s41467-022-28907-3
1131,988,NE-002,O=C1CCC(N2C(=O)C3=C(F)C=CC(F)=C3C2=O)C(=O)N1,"InChI=1S/C13H8F2N2O4/c14-5-1-2-6(15)10-9(5)12(20)17(13(10)21)7-3-4-8(18)16-11(7)19/h1-2,7H,3-4H2,(H,16,18,19)",UFGXUQNEFLIIMO-UHFFFAOYSA-N,,CRBN,Q96SW2,,,,,,,,,10.1038/s41467-023-40385-9
1145,1001,NE-001,O=C1CCC(N2C(=O)C3=CC=C(F)C(F)=C3C2=O)C(=O)N1,"InChI=1S/C13H8F2N2O4/c14-6-2-1-5-9(10(6)15)13(21)17(12(5)20)7-3-4-8(18)16-11(7)19/h1-2,7H,3-4H2,(H,16,18,19)",CYJVVHVIPKRSGH-UHFFFAOYSA-N,,CRBN,Q96SW2,,,,,,,,,10.1038/s41467-023-40385-9
1146,1002,C6,O=C1CCC(N2C(=O)C3=CC=C(F)C=C3C2=O)C(=O)N1,"InChI=1S/C13H9FN2O4/c14-6-1-2-7-8(5-6)13(20)16(12(7)19)9-3-4-10(17)15-11(9)18/h1-2,5,9H,3-4H2,(H,15,17,18)",MPQLCQKBYRSPNA-UHFFFAOYSA-N,,CRBN,Q96SW2,,,,,,,,,10.1038/s41467-023-40385-9
1161,1015,NE-O10,O=C1CCC(N2C(=O)C3=CC=C(O)C(F)=C3C2=O)C(=O)N1,"InChI=1S/C13H9FN2O5/c14-10-7(17)3-1-5-9(10)13(21)16(12(5)20)6-2-4-8(18)15-11(6)19/h1,3,6,17H,2,4H2,(H,15,18,19)",BLMXKFYGBWWVJK-UHFFFAOYSA-N,,CRBN,Q96SW2,SALL4,AlphaScreen,,,,,,,10.1038/s41467-023-40385-9
1161,1015,NE-O10,O=C1CCC(N2C(=O)C3=CC=C(O)C(F)=C3C2=O)C(=O)N1,"InChI=1S/C13H9FN2O5/c14-10-7(17)3-1-5-9(10)13(21)16(12(5)20)6-2-4-8(18)15-11(6)19/h1,3,6,17H,2,4H2,(H,15,18,19)",BLMXKFYGBWWVJK-UHFFFAOYSA-N,,CRBN,Q96SW2,PLZF,AlphaScreen,,,,,,,10.1038/s41467-023-40385-9
846,779,NE-008,NC1=C(F)C=CC2=C1CN(C1CCC(=O)NC1=O)C2=O,"InChI=1S/C13H12FN3O3/c14-8-2-1-6-7(11(8)15)5-17(13(6)20)9-3-4-10(18)16-12(9)19/h1-2,9H,3-5,15H2,(H,16,18,19)",BKBJVPCYJMWQCT-UHFFFAOYSA-N,,CRBN,Q96SW2,,,,,,,,,10.1038/s41467-023-40385-9
851,784,F3C-Le,NC1=C2CN(C3CCC(=O)NC3=O)C(=O)C2=CC(C(F)(F)F)=C1,"InChI=1S/C14H12F3N3O3/c15-14(16,17)6-3-7-8(9(18)4-6)5-20(13(7)23)10-1-2-11(21)19-12(10)22/h3-4,10H,1-2,5,18H2,(H,19,21,22)",NSKZOWZDLMSORX-UHFFFAOYSA-N,CK1α,CRBN,Q96SW2,,HiBit,,,,94.57,,,10.1038/s41467-023-40385-9
851,784,F3C-Le,NC1=C2CN(C3CCC(=O)NC3=O)C(=O)C2=CC(C(F)(F)F)=C1,"InChI=1S/C14H12F3N3O3/c15-14(16,17)6-3-7-8(9(18)4-6)5-20(13(7)23)10-1-2-11(21)19-12(10)22/h3-4,10H,1-2,5,18H2,(H,19,21,22)",NSKZOWZDLMSORX-UHFFFAOYSA-N,IKZF1,CRBN,Q96SW2,,HiBit,,,,87.72,,,10.1038/s41467-023-40385-9
852,785,F3CO-Le,NC1=C2CN(C3CCC(=O)NC3=O)C(=O)C2=CC(OC(F)(F)F)=C1,"InChI=1S/C14H12F3N3O4/c15-14(16,17)24-6-3-7-8(9(18)4-6)5-20(13(7)23)10-1-2-11(21)19-12(10)22/h3-4,10H,1-2,5,18H2,(H,19,21,22)",CFLQOYFUGDVTBH-UHFFFAOYSA-N,CK1α,CRBN,Q96SW2,,,945,nM,,76.63,,,10.1038/s41467-023-40385-9
852,785,F3CO-Le,NC1=C2CN(C3CCC(=O)NC3=O)C(=O)C2=CC(OC(F)(F)F)=C1,"InChI=1S/C14H12F3N3O4/c15-14(16,17)24-6-3-7-8(9(18)4-6)5-20(13(7)23)10-1-2-11(21)19-12(10)22/h3-4,10H,1-2,5,18H2,(H,19,21,22)",CFLQOYFUGDVTBH-UHFFFAOYSA-N,IKZF1,CRBN,Q96SW2,,,,,,108.6,,,10.1038/s41467-023-40385-9
852,785,F3CO-Le,NC1=C2CN(C3CCC(=O)NC3=O)C(=O)C2=CC(OC(F)(F)F)=C1,"InChI=1S/C14H12F3N3O4/c15-14(16,17)24-6-3-7-8(9(18)4-6)5-20(13(7)23)10-1-2-11(21)19-12(10)22/h3-4,10H,1-2,5,18H2,(H,19,21,22)",CFLQOYFUGDVTBH-UHFFFAOYSA-N,SALL4,CRBN,Q96SW2,,,,,,93.23,,,10.1038/s41467-023-40385-9
855,788,NE-012,NC1=CC(Br)=CC2=C1C(=O)N(C1CCC(=O)NC1=O)C2=O,"InChI=1S/C13H10BrN3O4/c14-5-3-6-10(7(15)4-5)13(21)17(12(6)20)8-1-2-9(18)16-11(8)19/h3-4,8H,1-2,15H2,(H,16,18,19)",SHUCEHSJKBFZEO-UHFFFAOYSA-N,,CRBN,Q96SW2,,,,,,,,,10.1038/s41467-023-40385-9
856,789,Br-Le,NC1=CC(Br)=CC2=C1CN(C1CCC(=O)NC1=O)C2=O,"InChI=1S/C13H12BrN3O3/c14-6-3-7-8(9(15)4-6)5-17(13(7)20)10-1-2-11(18)16-12(10)19/h3-4,10H,1-2,5,15H2,(H,16,18,19)",IIAHEYPYLVKWSS-UHFFFAOYSA-N,CK1α,CRBN,Q96SW2,,,,,,83.51,,,10.1038/s41467-023-40385-9
856,789,Br-Le,NC1=CC(Br)=CC2=C1CN(C1CCC(=O)NC1=O)C2=O,"InChI=1S/C13H12BrN3O3/c14-6-3-7-8(9(15)4-6)5-17(13(7)20)10-1-2-11(18)16-12(10)19/h3-4,10H,1-2,5,15H2,(H,16,18,19)",IIAHEYPYLVKWSS-UHFFFAOYSA-N,IKZF1,CRBN,Q96SW2,,,,,,97.72,,,10.1038/s41467-023-40385-9
857,790,NE-011,NC1=CC(Cl)=CC2=C1C(=O)N(C1CCC(=O)NC1=O)C2=O,"InChI=1S/C13H10ClN3O4/c14-5-3-6-10(7(15)4-5)13(21)17(12(6)20)8-1-2-9(18)16-11(8)19/h3-4,8H,1-2,15H2,(H,16,18,19)",GLGXKSMMLMERPI-UHFFFAOYSA-N,,CRBN,Q96SW2,,,,,,,,,10.1038/s41467-023-40385-9
859,791,Cl-Le,NC1=CC(Cl)=CC2=C1CN(C1CCC(=O)NC1=O)C2=O,"InChI=1S/C13H12ClN3O3/c14-6-3-7-8(9(15)4-6)5-17(13(7)20)10-1-2-11(18)16-12(10)19/h3-4,10H,1-2,5,15H2,(H,16,18,19)",UKKIIMSPHWNLNC-UHFFFAOYSA-N,IKZF1,CRBN,Q96SW2,,HiBit,190.5,nM,,71.96,,,10.1038/s41467-023-40385-9
859,791,Cl-Le,NC1=CC(Cl)=CC2=C1CN(C1CCC(=O)NC1=O)C2=O,"InChI=1S/C13H12ClN3O3/c14-6-3-7-8(9(15)4-6)5-17(13(7)20)10-1-2-11(18)16-12(10)19/h3-4,10H,1-2,5,15H2,(H,16,18,19)",UKKIIMSPHWNLNC-UHFFFAOYSA-N,CK1α,CRBN,Q96SW2,,HiBit,230.1,nM,,71.38,,,10.1038/s41467-023-40385-9
861,793,NE-003,NC1=CC(F)=CC2=C1C(=O)N(C1CCC(=O)NC1=O)C2=O,"InChI=1S/C13H10FN3O4/c14-5-3-6-10(7(15)4-5)13(21)17(12(6)20)8-1-2-9(18)16-11(8)19/h3-4,8H,1-2,15H2,(H,16,18,19)",RZUUDCOJNPMCIR-UHFFFAOYSA-N,,CRBN,Q96SW2,IKZF1,AlphaScreen,,,,,,,10.1038/s41467-023-40385-9
861,793,NE-003,NC1=CC(F)=CC2=C1C(=O)N(C1CCC(=O)NC1=O)C2=O,"InChI=1S/C13H10FN3O4/c14-5-3-6-10(7(15)4-5)13(21)17(12(6)20)8-1-2-9(18)16-11(8)19/h3-4,8H,1-2,15H2,(H,16,18,19)",RZUUDCOJNPMCIR-UHFFFAOYSA-N,,CRBN,Q96SW2,SALL4,AlphaScreen,,,,,,,10.1038/s41467-023-40385-9
861,793,NE-003,NC1=CC(F)=CC2=C1C(=O)N(C1CCC(=O)NC1=O)C2=O,"InChI=1S/C13H10FN3O4/c14-5-3-6-10(7(15)4-5)13(21)17(12(6)20)8-1-2-9(18)16-11(8)19/h3-4,8H,1-2,15H2,(H,16,18,19)",RZUUDCOJNPMCIR-UHFFFAOYSA-N,,CRBN,Q96SW2,PLZF,AlphaScreen,,,,,,,10.1038/s41467-023-40385-9
863,794,F-Le,NC1=CC(F)=CC2=C1CN(C1CCC(=O)NC1=O)C2=O,"InChI=1S/C13H12FN3O3/c14-6-3-7-8(9(15)4-6)5-17(13(7)20)10-1-2-11(18)16-12(10)19/h3-4,10H,1-2,5,15H2,(H,16,18,19)",ZLSXUIDRXBLOLG-UHFFFAOYSA-N,CK1α,CRBN,Q96SW2,,HiBit,121.5,nM,,47.35,,,10.1038/s41467-023-40385-9
863,794,F-Le,NC1=CC(F)=CC2=C1CN(C1CCC(=O)NC1=O)C2=O,"InChI=1S/C13H12FN3O3/c14-6-3-7-8(9(15)4-6)5-17(13(7)20)10-1-2-11(18)16-12(10)19/h3-4,10H,1-2,5,15H2,(H,16,18,19)",ZLSXUIDRXBLOLG-UHFFFAOYSA-N,IKZF1,CRBN,Q96SW2,,HiBit,21.54,nM,,41.54,,,10.1038/s41467-023-40385-9
864,795,NE-009,NC1=CC(O)=CC2=C1CN(C1CCC(=O)NC1=O)C2=O,"InChI=1S/C13H13N3O4/c14-9-4-6(17)3-7-8(9)5-16(13(7)20)10-1-2-11(18)15-12(10)19/h3-4,10,17H,1-2,5,14H2,(H,15,18,19)",MBLVEZIEUGIOFJ-UHFFFAOYSA-N,,CRBN,Q96SW2,,,,,,,,,10.1038/s41467-023-40385-9
874,803,NE-004,NC1=CC=C(F)C2=C1C(=O)N(C1CCC(=O)NC1=O)C2=O,"InChI=1S/C13H10FN3O4/c14-5-1-2-6(15)10-9(5)12(20)17(13(10)21)7-3-4-8(18)16-11(7)19/h1-2,7H,3-4,15H2,(H,16,18,19)",NWIVTWYAHKCWPH-UHFFFAOYSA-N,,CRBN,Q96SW2,,,,,,,,,10.1038/s41467-023-40385-9
876,804,NE-006,NC1=CC=C(F)C2=C1CN(C1CCC(=O)NC1=O)C2=O,"InChI=1S/C13H12FN3O3/c14-7-1-2-8(15)6-5-17(13(20)11(6)7)9-3-4-10(18)16-12(9)19/h1-2,9H,3-5,15H2,(H,16,18,19)",GXZGESNBBBAQLB-UHFFFAOYSA-N,,CRBN,Q96SW2,,,,,,,,,10.1038/s41467-023-40385-9
926,828,Lenalidomide,NC1=CC=CC2=C1CN(C1CCC(=O)NC1=O)C2=O,"InChI=1S/C13H13N3O3/c14-9-3-1-2-7-8(9)6-16(13(7)19)10-4-5-11(17)15-12(10)18/h1-3,10H,4-6,14H2,(H,15,17,18)",GOTYRUGSSMKFNF-UHFFFAOYSA-N,PLZF,CRBN,Q96SW2,,HiBit,547.1,nM,,81.34,,,10.1038/s41467-023-40385-9
926,828,Lenalidomide,NC1=CC=CC2=C1CN(C1CCC(=O)NC1=O)C2=O,"InChI=1S/C13H13N3O3/c14-9-3-1-2-7-8(9)6-16(13(7)19)10-4-5-11(17)15-12(10)18/h1-3,10H,4-6,14H2,(H,15,17,18)",GOTYRUGSSMKFNF-UHFFFAOYSA-N,IKZF1,CRBN,Q96SW2,,HiBit,87.55,nM,,50.39,,,10.1038/s41467-023-40385-9
926,828,Lenalidomide,NC1=CC=CC2=C1CN(C1CCC(=O)NC1=O)C2=O,"InChI=1S/C13H13N3O3/c14-9-3-1-2-7-8(9)6-16(13(7)19)10-4-5-11(17)15-12(10)18/h1-3,10H,4-6,14H2,(H,15,17,18)",GOTYRUGSSMKFNF-UHFFFAOYSA-N,CK1α,CRBN,Q96SW2,,HiBit,575,nM,,70.44,,,10.1038/s41467-023-40385-9
926,828,Lenalidomide,NC1=CC=CC2=C1CN(C1CCC(=O)NC1=O)C2=O,"InChI=1S/C13H13N3O3/c14-9-3-1-2-7-8(9)6-16(13(7)19)10-4-5-11(17)15-12(10)18/h1-3,10H,4-6,14H2,(H,15,17,18)",GOTYRUGSSMKFNF-UHFFFAOYSA-N,SALL4,CRBN,Q96SW2,,HiBit,,,,59.37,,,10.1038/s41467-023-40385-9
1263,1082,SJ3149,O=C1CCC(N2CC3=C(C=CC(NC4=NOC5C=CC=CC45)=C3)C2=O)C(=O)N1,"InChI=1S/C20H18N4O4/c25-17-8-7-15(19(26)22-17)24-10-11-9-12(5-6-13(11)20(24)27)21-18-14-3-1-2-4-16(14)28-23-18/h1-6,9,14-16H,7-8,10H2,(H,21,23)(H,22,25,26)",QEPOWTIIZZQQBU-UHFFFAOYSA-N,CK1α,CRBN,Q96SW2,,,2,nM,,95,24,10 μM,10.1038/s41467-024-44698-1
1263,1082,SJ3149,O=C1CCC(N2CC3=C(C=CC(NC4=NOC5C=CC=CC45)=C3)C2=O)C(=O)N1,"InChI=1S/C20H18N4O4/c25-17-8-7-15(19(26)22-17)24-10-11-9-12(5-6-13(11)20(24)27)21-18-14-3-1-2-4-16(14)28-23-18/h1-6,9,14-16H,7-8,10H2,(H,21,23)(H,22,25,26)",QEPOWTIIZZQQBU-UHFFFAOYSA-N,CK1α,CRBN,Q96SW2,,NanoBRET,,,,,,,10.1038/s41467-024-44698-1
1274,1092,SJ7095,O=C1CCC(N2CC3=C(C=CC=C3CNC(=O)C3=CC=C(F)C=C3)C2=O)C(=O)N1,"InChI=1S/C21H18FN3O4/c22-14-6-4-12(5-7-14)19(27)23-10-13-2-1-3-15-16(13)11-25(21(15)29)17-8-9-18(26)24-20(17)28/h1-7,17H,8-11H2,(H,23,27)(H,24,26,28)",QYERRCYEYNDQFV-UHFFFAOYSA-N,IKZF1,CRBN,Q96SW2,Jurkat,HiBiT,33,nM,4,83.7,,10 μM,10.1038/s41467-024-44698-1
1274,1092,SJ7095,O=C1CCC(N2CC3=C(C=CC=C3CNC(=O)C3=CC=C(F)C=C3)C2=O)C(=O)N1,"InChI=1S/C21H18FN3O4/c22-14-6-4-12(5-7-14)19(27)23-10-13-2-1-3-15-16(13)11-25(21(15)29)17-8-9-18(26)24-20(17)28/h1-7,17H,8-11H2,(H,23,27)(H,24,26,28)",QYERRCYEYNDQFV-UHFFFAOYSA-N,CK1α,CRBN,Q96SW2,HEK293,HiBiT,69,nM,4,82.2,,10 μM,10.1038/s41467-024-44698-1
1274,1092,SJ7095,O=C1CCC(N2CC3=C(C=CC=C3CNC(=O)C3=CC=C(F)C=C3)C2=O)C(=O)N1,"InChI=1S/C21H18FN3O4/c22-14-6-4-12(5-7-14)19(27)23-10-13-2-1-3-15-16(13)11-25(21(15)29)17-8-9-18(26)24-20(17)28/h1-7,17H,8-11H2,(H,23,27)(H,24,26,28)",QYERRCYEYNDQFV-UHFFFAOYSA-N,CK1α,CRBN,Q96SW2,,NanoBRET,,,,,,,10.1038/s41467-024-44698-1
320,302,SJ0040,CC1=CC(C(=O)NC2=CC3=C(C=C2)C(=O)N(C2CCC(=O)NC2=O)C3)=CC=C1,"InChI=1S/C21H19N3O4/c1-12-3-2-4-13(9-12)19(26)22-15-5-6-16-14(10-15)11-24(21(16)28)17-7-8-18(25)23-20(17)27/h2-6,9-10,17H,7-8,11H2,1H3,(H,22,26)(H,23,25,27)",HKQXTORGXDGFIQ-UHFFFAOYSA-N,CK1α,CRBN,Q96SW2,,,20,nM,,88.3,24,10 μM,10.1038/s41467-024-44698-1
320,302,SJ0040,CC1=CC(C(=O)NC2=CC3=C(C=C2)C(=O)N(C2CCC(=O)NC2=O)C3)=CC=C1,"InChI=1S/C21H19N3O4/c1-12-3-2-4-13(9-12)19(26)22-15-5-6-16-14(10-15)11-24(21(16)28)17-7-8-18(25)23-20(17)27/h2-6,9-10,17H,7-8,11H2,1H3,(H,22,26)(H,23,25,27)",HKQXTORGXDGFIQ-UHFFFAOYSA-N,CK1α,CRBN,Q96SW2,,NanoBRET,,,,,,,10.1038/s41467-024-44698-1
493,454,LL-K12-8,CCCCOC1=NC(NCC2=NC3=C(C=C(Cl)C(Cl)=C3)N2)=C2N=CN(CC)C2=N1,"InChI=1S/C19H21Cl2N7O/c1-3-5-6-29-19-26-17(16-18(27-19)28(4-2)10-23-16)22-9-15-24-13-7-11(20)12(21)8-14(13)25-15/h7-8,10H,3-6,9H2,1-2H3,(H,24,25)(H,22,26,27)",NHLSBEFLITXPDM-UHFFFAOYSA-N,CDK12–CCNK,DDB1,Q16531,,,,,,,,,10.1038/s41467-024-50642-0
496,457,LL-K12-18,CCN(CC)CC(=O)N1CCN(C2=NC(NCC3=NC4=C(C=C(Cl)C(Cl)=C4)N3)=C3N=CN(CC)C3=N2)CC1,"InChI=1S/C25H32Cl2N10O/c1-4-34(5-2)14-21(38)36-7-9-37(10-8-36)25-32-23(22-24(33-25)35(6-3)15-29-22)28-13-20-30-18-11-16(26)17(27)12-19(18)31-20/h11-12,15H,4-10,13-14H2,1-3H3,(H,30,31)(H,28,32,33)",OTSBHVNFWKVPMY-UHFFFAOYSA-N,,DDB1,Q16531,,,,,,,,,10.1038/s41467-024-50642-0
504,465,LL-K12-7,CCN1C=NC2=C(NCC3=NC4=C(C=C(Cl)C(Cl)=C4)N3)N=C(N3CCC(NC(C)=O)CC3)N=C21,"InChI=1S/C22H25Cl2N9O/c1-3-32-11-26-19-20(25-10-18-28-16-8-14(23)15(24)9-17(16)29-18)30-22(31-21(19)32)33-6-4-13(5-7-33)27-12(2)34/h8-9,11,13H,3-7,10H2,1-2H3,(H,27,34)(H,28,29)(H,25,30,31)",ZOOFMENFTSCQCU-UHFFFAOYSA-N,CDK12–CCNK,DDB1,Q16531,,,,,,,,,10.1038/s41467-024-50642-0
505,466,LL-K12-17,CCN1C=NC2=C(NCC3=NC4=C(C=C(Cl)C(Cl)=C4)N3)N=C(N3CCN(C(=O)[C@H](C)NC(C)=O)CC3)N=C21,"InChI=1S/C24H28Cl2N10O2/c1-4-34-12-28-20-21(27-11-19-30-17-9-15(25)16(26)10-18(17)31-19)32-24(33-22(20)34)36-7-5-35(6-8-36)23(38)13(2)29-14(3)37/h9-10,12-13H,4-8,11H2,1-3H3,(H,29,37)(H,30,31)(H,27,32,33)/t13-/m0/s1",BULCSZAPIUXBHD-ZDUSSCGKSA-N,CDK12–CCNK,DDB1,Q16531,,,,,,,,,10.1038/s41467-024-50642-0
506,467,LL-K12-13,CCN1C=NC2=C(NCC3=NC4=C(C=C(Cl)C(Cl)=C4)N3)N=C(N3CCN(C(=O)C4=CC=CC=C4)CC3)N=C21,"InChI=1S/C26H25Cl2N9O/c1-2-35-15-30-22-23(29-14-21-31-19-12-17(27)18(28)13-20(19)32-21)33-26(34-24(22)35)37-10-8-36(9-11-37)25(38)16-6-4-3-5-7-16/h3-7,12-13,15H,2,8-11,14H2,1H3,(H,31,32)(H,29,33,34)",YBLMOVNFRXJLNG-UHFFFAOYSA-N,CDK12–CCNK,DDB1,Q16531,,,,,,,,,10.1038/s41467-024-50642-0
507,468,LL-K12-10,CCN1C=NC2=C(NCC3=NC4=C(C=C(Cl)C(Cl)=C4)N3)N=C(N3CCN(C(=O)C4=CC=NC=C4)CC3)N=C21,"InChI=1S/C25H24Cl2N10O/c1-2-35-14-30-21-22(29-13-20-31-18-11-16(26)17(27)12-19(18)32-20)33-25(34-23(21)35)37-9-7-36(8-10-37)24(38)15-3-5-28-6-4-15/h3-6,11-12,14H,2,7-10,13H2,1H3,(H,31,32)(H,29,33,34)",HNNHEQRZNFLUHK-UHFFFAOYSA-N,CDK12–CCNK,DDB1,Q16531,,,,,,,,,10.1038/s41467-024-50642-0
508,469,LL-K12-11,CCN1C=NC2=C(NCC3=NC4=C(C=C(Cl)C(Cl)=C4)N3)N=C(N3CCN(C(=O)C4=CN=CC=C4)CC3)N=C21,"InChI=1S/C25H24Cl2N10O/c1-2-35-14-30-21-22(29-13-20-31-18-10-16(26)17(27)11-19(18)32-20)33-25(34-23(21)35)37-8-6-36(7-9-37)24(38)15-4-3-5-28-12-15/h3-5,10-12,14H,2,6-9,13H2,1H3,(H,31,32)(H,29,33,34)",FYMBNQWNWKQCTI-UHFFFAOYSA-N,CDK12–CCNK,DDB1,Q16531,,,,,,,,,10.1038/s41467-024-50642-0
509,470,LL-K12-12,CCN1C=NC2=C(NCC3=NC4=C(C=C(Cl)C(Cl)=C4)N3)N=C(N3CCN(C(=O)C4=NC=CC=C4)CC3)N=C21,"InChI=1S/C25H24Cl2N10O/c1-2-35-14-30-21-22(29-13-20-31-18-11-15(26)16(27)12-19(18)32-20)33-25(34-23(21)35)37-9-7-36(8-10-37)24(38)17-5-3-4-6-28-17/h3-6,11-12,14H,2,7-10,13H2,1H3,(H,31,32)(H,29,33,34)",DOKAPKZMYDLVOE-UHFFFAOYSA-N,CDK12–CCNK,DDB1,Q16531,,,,,,,,,10.1038/s41467-024-50642-0
510,471,LL-K12-16,CCN1C=NC2=C(NCC3=NC4=C(C=C(Cl)C(Cl)=C4)N3)N=C(N3CCN(C(=O)CNC(C)=O)CC3)N=C21,"InChI=1S/C23H26Cl2N10O2/c1-3-33-12-28-20-21(27-10-18-29-16-8-14(24)15(25)9-17(16)30-18)31-23(32-22(20)33)35-6-4-34(5-7-35)19(37)11-26-13(2)36/h8-9,12H,3-7,10-11H2,1-2H3,(H,26,36)(H,29,30)(H,27,31,32)",VXKPZKMODQZJQW-UHFFFAOYSA-N,CDK12–CCNK,DDB1,Q16531,,,,,,,,,10.1038/s41467-024-50642-0
511,472,LL-K12-4,CCN1C=NC2=C(NCC3=NC4=C(C=C(Cl)C(Cl)=C4)N3)N=C(N3CCN(C(C)=O)CC3)N=C21,"InChI=1S/C21H23Cl2N9O/c1-3-30-11-25-18-19(24-10-17-26-15-8-13(22)14(23)9-16(15)27-17)28-21(29-20(18)30)32-6-4-31(5-7-32)12(2)33/h8-9,11H,3-7,10H2,1-2H3,(H,26,27)(H,24,28,29)",RKNNPLKDFGDCAJ-UHFFFAOYSA-N,CDK12–CCNK,DDB1,Q16531,,,,,,,,,10.1038/s41467-024-50642-0
512,473,LL-K12-14,CCN1C=NC2=C(NCC3=NC4=C(C=C(Cl)C(Cl)=C4)N3)N=C(N3CCN(C4=CC=CC=N4)CC3)N=C21,"InChI=1S/C24H24Cl2N10/c1-2-34-14-29-21-22(28-13-19-30-17-11-15(25)16(26)12-18(17)31-19)32-24(33-23(21)34)36-9-7-35(8-10-36)20-5-3-4-6-27-20/h3-6,11-12,14H,2,7-10,13H2,1H3,(H,30,31)(H,28,32,33)",WCFYBRFBSQVDAJ-UHFFFAOYSA-N,CDK12–CCNK,DDB1,Q16531,,,,,,,,,10.1038/s41467-024-50642-0
513,474,LL-K12-15,CCN1C=NC2=C(NCC3=NC4=C(C=C(Cl)C(Cl)=C4)N3)N=C(N3CCN(CC4=CC=NC=C4)CC3)N=C21,"InChI=1S/C25H26Cl2N10/c1-2-36-15-30-22-23(29-13-21-31-19-11-17(26)18(27)12-20(19)32-21)33-25(34-24(22)36)37-9-7-35(8-10-37)14-16-3-5-28-6-4-16/h3-6,11-12,15H,2,7-10,13-14H2,1H3,(H,31,32)(H,29,33,34)",BYVSCKPDCFRSML-UHFFFAOYSA-N,CDK12–CCNK,DDB1,Q16531,,,,,,,,,10.1038/s41467-024-50642-0
514,475,LL-K12-6,CCN1C=NC2=C(NCC3=NC4=C(C=C(Cl)C(Cl)=C4)N3)N=C(N3CCN(S(C)(=O)=O)CC3)N=C21,"InChI=1S/C20H23Cl2N9O2S/c1-3-29-11-24-17-18(23-10-16-25-14-8-12(21)13(22)9-15(14)26-16)27-20(28-19(17)29)30-4-6-31(7-5-30)34(2,32)33/h8-9,11H,3-7,10H2,1-2H3,(H,25,26)(H,23,27,28)",MEVXFXVDOZPDAP-UHFFFAOYSA-N,CDK12–CCNK,DDB1,Q16531,,,,,,,,,10.1038/s41467-024-50642-0
515,476,LL-K12-9,CCN1C=NC2=C(NCC3=NC4=C(C=C(Cl)C(Cl)=C4)N3)N=C(N3CCN4N=CN=C4C3)N=C21,"InChI=1S/C20H19Cl2N11/c1-2-31-10-25-17-18(23-7-15-27-13-5-11(21)12(22)6-14(13)28-15)29-20(30-19(17)31)32-3-4-33-16(8-32)24-9-26-33/h5-6,9-10H,2-4,7-8H2,1H3,(H,27,28)(H,23,29,30)",WPXBBDDWRXMCMP-UHFFFAOYSA-N,CDK12–CCNK,DDB1,Q16531,,,,,,,,,10.1038/s41467-024-50642-0
598,553,LL-K12-1,CN1C=C(N2C=NC3=C(NCC4=NC5=C(C=C(Cl)C(Cl)=C5)N4)N=C(N4CCNCC4)N=C32)C=N1,"InChI=1S/C21H21Cl2N11/c1-32-10-12(8-27-32)34-11-26-18-19(30-21(31-20(18)34)33-4-2-24-3-5-33)25-9-17-28-15-6-13(22)14(23)7-16(15)29-17/h6-8,10-11,24H,2-5,9H2,1H3,(H,28,29)(H,25,30,31)",MTDUZFHXWZPOIU-UHFFFAOYSA-N,CDK12–CCNK,DDB1,Q16531,,,,,,,,,10.1038/s41467-024-50642-0
601,555,SR-4835,CN1C=C(N2C=NC3=C(NCC4=NC5=CC(Cl)=C(Cl)C=C5N4)N=C(N4CCOCC4)N=C32)C=N1,"InChI=1S/C21H20Cl2N10O/c1-31-10-12(8-26-31)33-11-25-18-19(29-21(30-20(18)33)32-2-4-34-5-3-32)24-9-17-27-15-6-13(22)14(23)7-16(15)28-17/h6-8,10-11H,2-5,9H2,1H3,(H,27,28)(H,24,29,30)",FSELUFUYNUNZKD-UHFFFAOYSA-N,CDK12–CCNK,DDB1,Q16531,,,,,,,,,10.1038/s41467-024-50642-0
70,65,LL-K12-5,CC(=O)N1CCN(C2=NC(NCC3=NC4=C(C=C(Cl)C(Cl)=C4)N3)=C3N=CN(C(C)C)C3=N2)CC1,"InChI=1S/C22H25Cl2N9O/c1-12(2)33-11-26-19-20(25-10-18-27-16-8-14(23)15(24)9-17(16)28-18)29-22(30-21(19)33)32-6-4-31(5-7-32)13(3)34/h8-9,11-12H,4-7,10H2,1-3H3,(H,27,28)(H,25,29,30)",YHAKJTLQZMUPCS-UHFFFAOYSA-N,CDK12–CCNK,DDB1,Q16531,,,,,,,,,10.1038/s41467-024-50642-0
71,66,LL-K12-3,CC(=O)N1CCN(C2=NC(NCC3=NC4=C(C=C(Cl)C(Cl)=C4)N3)=C3N=CN(C)C3=N2)CC1,"InChI=1S/C20H21Cl2N9O/c1-11(32)30-3-5-31(6-4-30)20-27-18(17-19(28-20)29(2)10-24-17)23-9-16-25-14-7-12(21)13(22)8-15(14)26-16/h7-8,10H,3-6,9H2,1-2H3,(H,25,26)(H,23,27,28)",ZGDCDYWFGPFMSO-UHFFFAOYSA-N,CDK12–CCNK,DDB1,Q16531,,,,,,,,,10.1038/s41467-024-50642-0
72,67,LL-K12-2,CC(=O)N1CCN(C2=NC(NCC3=NC4=C(C=C(Cl)C(Cl)=C4)N3)=C3N=CN(C4=CN(C)N=C4)C3=N2)CC1,"InChI=1S/C23H23Cl2N11O/c1-13(37)34-3-5-35(6-4-34)23-31-21(20-22(32-23)36(12-27-20)14-9-28-33(2)11-14)26-10-19-29-17-7-15(24)16(25)8-18(17)30-19/h7-9,11-12H,3-6,10H2,1-2H3,(H,29,30)(H,26,31,32)",OJIOEOIKVMRCPR-UHFFFAOYSA-N,CDK12–CCNK,DDB1,Q16531,,,,,,,,,10.1038/s41467-024-50642-0
65,60,BIO-1975900 Parkin,CC(=O)N1CC2=C(C3=CC=C(C(=O)N4CCCC5=CC=CC=C54)C=C3)C=NN2C[C@@H]1CC1=CC=CC=C1,"InChI=1S/C31H30N4O2/c1-22(36)34-21-30-28(19-32-35(30)20-27(34)18-23-8-3-2-4-9-23)24-13-15-26(16-14-24)31(37)33-17-7-11-25-10-5-6-12-29(25)33/h2-6,8-10,12-16,19,27H,7,11,17-18,20-21H2,1H3/t27-/m0/s1",ZYSMPORNWLASGT-MHZLTWQESA-N,,parkin,Q9JK66,,,,,,,,,10.1038/s41467-024-51889-3
651,599,BIO-20070818 Parkin,CO[C@@H](C(=O)N1CC2=C(C3=CC=C(C(=O)N4CCCC5=CC=CC=C54)C=C3)C=NN2C[C@H]1C(C)C)C1=CN(C)N=C1,"InChI=1S/C32H36N6O3/c1-21(2)28-20-38-29(19-37(28)32(40)30(41-4)25-16-33-35(3)18-25)26(17-34-38)22-11-13-24(14-12-22)31(39)36-15-7-9-23-8-5-6-10-27(23)36/h5-6,8,10-14,16-18,21,28,30H,7,9,15,19-20H2,1-4H3/t28-,30+/m0/s1",FFUVDKANSJZSAK-MFMCTBQISA-N,,parkin,O60260,,,,,,,,,10.1038/s41467-024-51889-3
652,600,BIO-2007817 parkin,CO[C@H](C(=O)N1CC2=C(C3=CC=C(C(=O)N4CCCC5=CC=CC=C54)C=C3)C=NN2C[C@H]1C(C)C)C1=CN(C)N=C1,"InChI=1S/C32H36N6O3/c1-21(2)28-20-38-29(19-37(28)32(40)30(41-4)25-16-33-35(3)18-25)26(17-34-38)22-11-13-24(14-12-22)31(39)36-15-7-9-23-8-5-6-10-27(23)36/h5-6,8,10-14,16-18,21,28,30H,7,9,15,19-20H2,1-4H3/t28-,30-/m0/s1",FFUVDKANSJZSAK-JDXGNMNLSA-N,,parkin,O60260,,,,,,,,,10.1038/s41467-024-51889-3
137,131,Boc-VcN,CC(C)[C@H](NC(=O)OC(C)(C)C)C(=O)NC1CC(=O)NC1=O,"InChI=1S/C14H23N3O5/c1-7(2)10(17-13(21)22-14(3,4)5)12(20)15-8-6-9(18)16-11(8)19/h7-8,10H,6H2,1-5H3,(H,15,20)(H,17,21)(H,16,18,19)/t8?,10-/m0/s1",WBNWFNOAYZFHSC-HTLJXXAVSA-N,,CRBN,Q96SW2,,,,,,,,,10.1038/s41467-024-52871-9
24,23,Boc-AcQ,C[C@H](NC(=O)OC(C)(C)C)C(=O)N[C@H]1CCC(=O)NC1=O,"InChI=1S/C13H21N3O5/c1-7(14-12(20)21-13(2,3)4)10(18)15-8-5-6-9(17)16-11(8)19/h7-8H,5-6H2,1-4H3,(H,14,20)(H,15,18)(H,16,17,19)/t7-,8-/m0/s1",XFMVRERIAUFQPH-YUMQZZPRSA-N,,CRBN,Q96SW2,,,,,,,,,10.1038/s41467-024-52871-9
1613,1410,2,CN1C=C(C2=CC=C3C(=C2)NC2=NC(CC4=CC=CC=C4)=NC(N[C@H]4CC[C@H](N)CC4)=C23)C=N1,"InChI=1S/C27H29N7/c1-34-16-19(15-29-34)18-7-12-22-23(14-18)31-27-25(22)26(30-21-10-8-20(28)9-11-21)32-24(33-27)13-17-5-3-2-4-6-17/h2-7,12,14-16,20-21H,8-11,13,28H2,1H3,(H2,30,31,32,33)/t20-,21-",RKABSGYFBJREIG-MEMLXQNLSA-N,LSD1,KBTBD4,Q9NVX7,HEK293,,,,,,,,10.1038/s41467-025-58350-z
1613,1410,2,CN1C=C(C2=CC=C3C(=C2)NC2=NC(CC4=CC=CC=C4)=NC(N[C@H]4CC[C@H](N)CC4)=C23)C=N1,"InChI=1S/C27H29N7/c1-34-16-19(15-29-34)18-7-12-22-23(14-18)31-27-25(22)26(30-21-10-8-20(28)9-11-21)32-24(33-27)13-17-5-3-2-4-6-17/h2-7,12,14-16,20-21H,8-11,13,28H2,1H3,(H2,30,31,32,33)/t20-,21-",RKABSGYFBJREIG-MEMLXQNLSA-N,CoREST1,KBTBD4,Q9NVX7,HEK293,,,,,,,,10.1038/s41467-025-58350-z
1614,1411,3,CC1=NOC(C)=C1C1=CC=C2C(=C1)NC1=NC(CC3=CC=CC=C3)=NC(N[C@H]3CC[C@H](N)CC3)=C12,"InChI=1S/C28H30N6O/c1-16-25(17(2)35-34-16)19-8-13-22-23(15-19)31-28-26(22)27(30-21-11-9-20(29)10-12-21)32-24(33-28)14-18-6-4-3-5-7-18/h3-8,13,15,20-21H,9-12,14,29H2,1-2H3,(H2,30,31,32,33)/t20-,21-",FVSVMMQIGCWHHO-MEMLXQNLSA-N,LSD1,KBTBD4,Q9NVX7,HEK293,,,,,,,,10.1038/s41467-025-58350-z
1614,1411,3,CC1=NOC(C)=C1C1=CC=C2C(=C1)NC1=NC(CC3=CC=CC=C3)=NC(N[C@H]3CC[C@H](N)CC3)=C12,"InChI=1S/C28H30N6O/c1-16-25(17(2)35-34-16)19-8-13-22-23(15-19)31-28-26(22)27(30-21-11-9-20(29)10-12-21)32-24(33-28)14-18-6-4-3-5-7-18/h3-8,13,15,20-21H,9-12,14,29H2,1-2H3,(H2,30,31,32,33)/t20-,21-",FVSVMMQIGCWHHO-MEMLXQNLSA-N,CoREST1,KBTBD4,Q9NVX7,HEK293,,,,,,,,10.1038/s41467-025-58350-z
1615,1412,4,COC(=O)C1=CC=C2C(=C1)NC1=NC(CC3=CC=CC=C3)=NC(N[C@H]3CC[C@H](N(C)C)CC3)=C12,"InChI=1S/C27H31N5O2/c1-32(2)20-12-10-19(11-13-20)28-25-24-21-14-9-18(27(33)34-3)16-22(21)29-26(24)31-23(30-25)15-17-7-5-4-6-8-17/h4-9,14,16,19-20H,10-13,15H2,1-3H3,(H2,28,29,30,31)/t19-,20-",IKEJMWQWQFLJOV-MXVIHJGJSA-N,LSD1,KBTBD4,Q9NVX7,HEK293,,,,,,,,10.1038/s41467-025-58350-z
1615,1412,4,COC(=O)C1=CC=C2C(=C1)NC1=NC(CC3=CC=CC=C3)=NC(N[C@H]3CC[C@H](N(C)C)CC3)=C12,"InChI=1S/C27H31N5O2/c1-32(2)20-12-10-19(11-13-20)28-25-24-21-14-9-18(27(33)34-3)16-22(21)29-26(24)31-23(30-25)15-17-7-5-4-6-8-17/h4-9,14,16,19-20H,10-13,15H2,1-3H3,(H2,28,29,30,31)/t19-,20-",IKEJMWQWQFLJOV-MXVIHJGJSA-N,CoREST1,KBTBD4,Q9NVX7,HEK293,,,,,,,,10.1038/s41467-025-58350-z
1616,1413,5,CN(C)[C@H]1CC[C@H](NC2=NC(CC3=CC=CC=C3)=NC3=C2C2=CC=C(C(=O)O)C=C2N3)CC1,"InChI=1S/C26H29N5O2/c1-31(2)19-11-9-18(10-12-19)27-24-23-20-13-8-17(26(32)33)15-21(20)28-25(23)30-22(29-24)14-16-6-4-3-5-7-16/h3-8,13,15,18-19H,9-12,14H2,1-2H3,(H,32,33)(H2,27,28,29,30)/t18-,19-",AIIOPEUOBAYYJE-WGSAOQKQSA-N,LSD1,KBTBD4,Q9NVX7,HEK293,,,,,,,,10.1038/s41467-025-58350-z
1616,1413,5,CN(C)[C@H]1CC[C@H](NC2=NC(CC3=CC=CC=C3)=NC3=C2C2=CC=C(C(=O)O)C=C2N3)CC1,"InChI=1S/C26H29N5O2/c1-31(2)19-11-9-18(10-12-19)27-24-23-20-13-8-17(26(32)33)15-21(20)28-25(23)30-22(29-24)14-16-6-4-3-5-7-16/h3-8,13,15,18-19H,9-12,14H2,1-2H3,(H,32,33)(H2,27,28,29,30)/t18-,19-",AIIOPEUOBAYYJE-WGSAOQKQSA-N,CoREST1,KBTBD4,Q9NVX7,HEK293,,,,,,,,10.1038/s41467-025-58350-z
1617,1414,6,N#CC1=CC=C2C(=C1)NC1=NC(CC3=CC=CC=C3)=NC(NCCCN3CCCCC3)=C12,"InChI=1S/C26H28N6/c27-18-20-10-11-21-22(16-20)29-26-24(21)25(28-12-7-15-32-13-5-2-6-14-32)30-23(31-26)17-19-8-3-1-4-9-19/h1,3-4,8-11,16H,2,5-7,12-15,17H2,(H2,28,29,30,31)",WTTASVYTYJJGKD-UHFFFAOYSA-N,LSD1,KBTBD4,Q9NVX7,HEK293,,,,,,,,10.1038/s41467-025-58350-z
1617,1414,6,N#CC1=CC=C2C(=C1)NC1=NC(CC3=CC=CC=C3)=NC(NCCCN3CCCCC3)=C12,"InChI=1S/C26H28N6/c27-18-20-10-11-21-22(16-20)29-26-24(21)25(28-12-7-15-32-13-5-2-6-14-32)30-23(31-26)17-19-8-3-1-4-9-19/h1,3-4,8-11,16H,2,5-7,12-15,17H2,(H2,28,29,30,31)",WTTASVYTYJJGKD-UHFFFAOYSA-N,CoREST1,KBTBD4,Q9NVX7,HEK293,,,,,,,,10.1038/s41467-025-58350-z
1618,1415,7,COC(=O)C1=CC=C2NC3=NC(CC4=CC=CC=C4)=NC(N[C@H]4CC[C@H](N)CC4)=C3C2=C1,"InChI=1S/C25H27N5O2/c1-32-25(31)16-7-12-20-19(14-16)22-23(27-18-10-8-17(26)9-11-18)29-21(30-24(22)28-20)13-15-5-3-2-4-6-15/h2-7,12,14,17-18H,8-11,13,26H2,1H3,(H2,27,28,29,30)/t17-,18-",GLGRMKZNWFEZMS-IYARVYRRSA-N,LSD1,KBTBD4,Q9NVX7,HEK293,,,,,,,,10.1038/s41467-025-58350-z
1618,1415,7,COC(=O)C1=CC=C2NC3=NC(CC4=CC=CC=C4)=NC(N[C@H]4CC[C@H](N)CC4)=C3C2=C1,"InChI=1S/C25H27N5O2/c1-32-25(31)16-7-12-20-19(14-16)22-23(27-18-10-8-17(26)9-11-18)29-21(30-24(22)28-20)13-15-5-3-2-4-6-15/h2-7,12,14,17-18H,8-11,13,26H2,1H3,(H2,27,28,29,30)/t17-,18-",GLGRMKZNWFEZMS-IYARVYRRSA-N,CoREST1,KBTBD4,Q9NVX7,HEK293,,,,,,,,10.1038/s41467-025-58350-z
1619,1416,8,CN1N=NC(C2=CC=C3C(=C2)NC2=NC=NC(N[C@H]4CC[C@H](N(C)C)CC4)=C23)=N1,"InChI=1S/C20H25N9/c1-28(2)14-7-5-13(6-8-14)23-19-17-15-9-4-12(18-25-27-29(3)26-18)10-16(15)24-20(17)22-11-21-19/h4,9-11,13-14H,5-8H2,1-3H3,(H2,21,22,23,24)/t13-,14-",QHRKOXZUTFZMCS-HDJSIYSDSA-N,LSD1,KBTBD4,Q9NVX7,HEK293,,,,,,,,10.1038/s41467-025-58350-z
1619,1416,8,CN1N=NC(C2=CC=C3C(=C2)NC2=NC=NC(N[C@H]4CC[C@H](N(C)C)CC4)=C23)=N1,"InChI=1S/C20H25N9/c1-28(2)14-7-5-13(6-8-14)23-19-17-15-9-4-12(18-25-27-29(3)26-18)10-16(15)24-20(17)22-11-21-19/h4,9-11,13-14H,5-8H2,1-3H3,(H2,21,22,23,24)/t13-,14-",QHRKOXZUTFZMCS-HDJSIYSDSA-N,CoREST1,KBTBD4,Q9NVX7,HEK293,,,,,,,,10.1038/s41467-025-58350-z
1620,1417,9,CN1N=NC(C2=CC=C3C(=C2)NC2=NC(CC4=CC=CC=C4)=NC(N[C@H]4CC[C@H](N(C)C)CC4)=C23)=N1,"InChI=1S/C27H31N9/c1-35(2)20-12-10-19(11-13-20)28-26-24-21-14-9-18(25-32-34-36(3)33-25)16-22(21)29-27(24)31-23(30-26)15-17-7-5-4-6-8-17/h4-9,14,16,19-20H,10-13,15H2,1-3H3,(H2,28,29,30,31)/t19-,20-",OLWQMWKXQQMRPU-MXVIHJGJSA-N,LSD1,KBTBD4,Q9NVX7,HEK293,,,,,,,,10.1038/s41467-025-58350-z
1620,1417,9,CN1N=NC(C2=CC=C3C(=C2)NC2=NC(CC4=CC=CC=C4)=NC(N[C@H]4CC[C@H](N(C)C)CC4)=C23)=N1,"InChI=1S/C27H31N9/c1-35(2)20-12-10-19(11-13-20)28-26-24-21-14-9-18(25-32-34-36(3)33-25)16-22(21)29-27(24)31-23(30-26)15-17-7-5-4-6-8-17/h4-9,14,16,19-20H,10-13,15H2,1-3H3,(H2,28,29,30,31)/t19-,20-",OLWQMWKXQQMRPU-MXVIHJGJSA-N,CoREST1,KBTBD4,Q9NVX7,HEK293,,,,,,,,10.1038/s41467-025-58350-z
1621,1418,10,CN(C)C1=NC(CC2=CC=CC=C2)=NC2=C1C1=CC=C(C3=NN(C)N=N3)C=C1N2,"InChI=1S/C21H20N8/c1-28(2)21-18-15-10-9-14(19-25-27-29(3)26-19)12-16(15)22-20(18)23-17(24-21)11-13-7-5-4-6-8-13/h4-10,12H,11H2,1-3H3,(H,22,23,24)",PCORHTJEYKGPDA-UHFFFAOYSA-N,LSD1,KBTBD4,Q9NVX7,HEK293,,,,,,,,10.1038/s41467-025-58350-z
1621,1418,10,CN(C)C1=NC(CC2=CC=CC=C2)=NC2=C1C1=CC=C(C3=NN(C)N=N3)C=C1N2,"InChI=1S/C21H20N8/c1-28(2)21-18-15-10-9-14(19-25-27-29(3)26-19)12-16(15)22-20(18)23-17(24-21)11-13-7-5-4-6-8-13/h4-10,12H,11H2,1-3H3,(H,22,23,24)",PCORHTJEYKGPDA-UHFFFAOYSA-N,CoREST1,KBTBD4,Q9NVX7,HEK293,,,,,,,,10.1038/s41467-025-58350-z
1622,1419,11,CN1N=NC(C2=CC=C3C(=C2)NC2=NC(CC4=CC=CC=C4)=NC(NCCCN4CCCC4)=C23)=N1,"InChI=1S/C26H29N9/c1-34-32-24(31-33-34)19-10-11-20-21(17-19)28-26-23(20)25(27-12-7-15-35-13-5-6-14-35)29-22(30-26)16-18-8-3-2-4-9-18/h2-4,8-11,17H,5-7,12-16H2,1H3,(H2,27,28,29,30)",XIQSCRVUMBIFIQ-UHFFFAOYSA-N,LSD1,KBTBD4,Q9NVX7,HEK293,,,,,,,,10.1038/s41467-025-58350-z
1622,1419,11,CN1N=NC(C2=CC=C3C(=C2)NC2=NC(CC4=CC=CC=C4)=NC(NCCCN4CCCC4)=C23)=N1,"InChI=1S/C26H29N9/c1-34-32-24(31-33-34)19-10-11-20-21(17-19)28-26-23(20)25(27-12-7-15-35-13-5-6-14-35)29-22(30-26)16-18-8-3-2-4-9-18/h2-4,8-11,17H,5-7,12-16H2,1H3,(H2,27,28,29,30)",XIQSCRVUMBIFIQ-UHFFFAOYSA-N,CoREST1,KBTBD4,Q9NVX7,HEK293,,,,,,,,10.1038/s41467-025-58350-z
1623,1420,12,CN1N=NC(C2=CC=C3C(=C2)NC2=NC(CC4=CC=CC=C4)=NC(NCCCN4CCCCC4)=C23)=N1,"InChI=1S/C27H31N9/c1-35-33-25(32-34-35)20-11-12-21-22(18-20)29-27-24(21)26(28-13-8-16-36-14-6-3-7-15-36)30-23(31-27)17-19-9-4-2-5-10-19/h2,4-5,9-12,18H,3,6-8,13-17H2,1H3,(H2,28,29,30,31)",FRMLSHLBOPEXSM-UHFFFAOYSA-N,LSD1,KBTBD4,Q9NVX7,HEK293,,,,,,,,10.1038/s41467-025-58350-z
1623,1420,12,CN1N=NC(C2=CC=C3C(=C2)NC2=NC(CC4=CC=CC=C4)=NC(NCCCN4CCCCC4)=C23)=N1,"InChI=1S/C27H31N9/c1-35-33-25(32-34-35)20-11-12-21-22(18-20)29-27-24(21)26(28-13-8-16-36-14-6-3-7-15-36)30-23(31-27)17-19-9-4-2-5-10-19/h2,4-5,9-12,18H,3,6-8,13-17H2,1H3,(H2,28,29,30,31)",FRMLSHLBOPEXSM-UHFFFAOYSA-N,CoREST1,KBTBD4,Q9NVX7,HEK293,,,,,,,,10.1038/s41467-025-58350-z
1624,1421,13(S234984),COC(=O)C1=CC=C2C(=C1)NC1=NC(CC3=CC=CC=C3)=NC(NCCCN3CCCC3)=C12,"InChI=1S/C26H29N5O2/c1-33-26(32)19-10-11-20-21(17-19)28-25-23(20)24(27-12-7-15-31-13-5-6-14-31)29-22(30-25)16-18-8-3-2-4-9-18/h2-4,8-11,17H,5-7,12-16H2,1H3,(H2,27,28,29,30)",BMAILVODSXBNIA-UHFFFAOYSA-N,LSD1,KBTBD4,Q9NVX7,HEK293,,,,,,,,10.1038/s41467-025-58350-z
1624,1421,13(S234984),COC(=O)C1=CC=C2C(=C1)NC1=NC(CC3=CC=CC=C3)=NC(NCCCN3CCCC3)=C12,"InChI=1S/C26H29N5O2/c1-33-26(32)19-10-11-20-21(17-19)28-25-23(20)24(27-12-7-15-31-13-5-6-14-31)29-22(30-25)16-18-8-3-2-4-9-18/h2-4,8-11,17H,5-7,12-16H2,1H3,(H2,27,28,29,30)",BMAILVODSXBNIA-UHFFFAOYSA-N,CoREST1,KBTBD4,Q9NVX7,HEK293,,,,,,,,10.1038/s41467-025-58350-z
1625,1422,14,COC(=O)C1=CC=C2C(=C1)NC1=NC(CC3=CC=CC=C3)=NC(NCCCN3CCCCC3)=C12,"InChI=1S/C27H31N5O2/c1-34-27(33)20-11-12-21-22(18-20)29-26-24(21)25(28-13-8-16-32-14-6-3-7-15-32)30-23(31-26)17-19-9-4-2-5-10-19/h2,4-5,9-12,18H,3,6-8,13-17H2,1H3,(H2,28,29,30,31)",NZXSJTNWADUPSE-UHFFFAOYSA-N,LSD1,KBTBD4,Q9NVX7,HEK293,,,,,,,,10.1038/s41467-025-58350-z
1625,1422,14,COC(=O)C1=CC=C2C(=C1)NC1=NC(CC3=CC=CC=C3)=NC(NCCCN3CCCCC3)=C12,"InChI=1S/C27H31N5O2/c1-34-27(33)20-11-12-21-22(18-20)29-26-24(21)25(28-13-8-16-32-14-6-3-7-15-32)30-23(31-26)17-19-9-4-2-5-10-19/h2,4-5,9-12,18H,3,6-8,13-17H2,1H3,(H2,28,29,30,31)",NZXSJTNWADUPSE-UHFFFAOYSA-N,CoREST1,KBTBD4,Q9NVX7,HEK293,,,,,,,,10.1038/s41467-025-58350-z
1626,1423,15,CN1N=NC(C2=CC=CC(NC3=CC(N[C@H]4CC[C@H](N)CC4)=NC(CC4=CC=CC=C4)=N3)=C2)=N1,"InChI=1S/C25H29N9/c1-34-32-25(31-33-34)18-8-5-9-21(15-18)28-24-16-23(27-20-12-10-19(26)11-13-20)29-22(30-24)14-17-6-3-2-4-7-17/h2-9,15-16,19-20H,10-14,26H2,1H3,(H2,27,28,29,30)/t19-,20-",FDLDUMHPLZJCAJ-MXVIHJGJSA-N,LSD1,KBTBD4,Q9NVX7,HEK293,,,,,,,,10.1038/s41467-025-58350-z
1626,1423,15,CN1N=NC(C2=CC=CC(NC3=CC(N[C@H]4CC[C@H](N)CC4)=NC(CC4=CC=CC=C4)=N3)=C2)=N1,"InChI=1S/C25H29N9/c1-34-32-25(31-33-34)18-8-5-9-21(15-18)28-24-16-23(27-20-12-10-19(26)11-13-20)29-22(30-24)14-17-6-3-2-4-7-17/h2-9,15-16,19-20H,10-14,26H2,1H3,(H2,27,28,29,30)/t19-,20-",FDLDUMHPLZJCAJ-MXVIHJGJSA-N,CoREST1,KBTBD4,Q9NVX7,HEK293,,,,,,,,10.1038/s41467-025-58350-z
645,595,UM171,CN1N=NC(C2=CC=C3C(=C2)NC2=NC(CC4=CC=CC=C4)=NC(NC4CCC(N)CC4)=C23)=N1,"InChI=1S/C25H27N9/c1-34-32-23(31-33-34)16-7-12-19-20(14-16)28-25-22(19)24(27-18-10-8-17(26)9-11-18)29-21(30-25)13-15-5-3-2-4-6-15/h2-7,12,14,17-18H,8-11,13,26H2,1H3,(H2,27,28,29,30)",AZXXGVPWWKWGAE-UHFFFAOYSA-N,LSD1,KBTBD4,Q9NVX7,HEK293,,,,,,,,10.1038/s41467-025-58350-z
645,595,UM171,CN1N=NC(C2=CC=C3C(=C2)NC2=NC(CC4=CC=CC=C4)=NC(NC4CCC(N)CC4)=C23)=N1,"InChI=1S/C25H27N9/c1-34-32-23(31-33-34)16-7-12-19-20(14-16)28-25-22(19)24(27-18-10-8-17(26)9-11-18)29-21(30-25)13-15-5-3-2-4-6-15/h2-7,12,14,17-18H,8-11,13,26H2,1H3,(H2,27,28,29,30)",AZXXGVPWWKWGAE-UHFFFAOYSA-N,CoREST1,KBTBD4,Q9NVX7,HEK293,,,,,,,,10.1038/s41467-025-58350-z
1659,1456,5,O=C1CCC(N2CC3=C(C=CC4=C3OCC43CCN(CC4=CC=CC=C4)CC3)C2=O)C(=O)N1,"InChI=1S/C26H27N3O4/c30-22-9-8-21(24(31)27-22)29-15-19-18(25(29)32)6-7-20-23(19)33-16-26(20)10-12-28(13-11-26)14-17-4-2-1-3-5-17/h1-7,21H,8-16H2,(H,27,30,31)",HZXUBAMXBADXJI-UHFFFAOYSA-N,IKZF2,CRBN,Q96SW2,,HiBiT,9.7,nM,,,,,10.1038/s41467-025-58431-z
1660,1457,6,O=C1CCC(N2CC3=C(C=CC4=C3OCC43CCC(CC4=CC=CC=C4)CC3)C2=O)C(=O)N1,"InChI=1S/C27H28N2O4/c30-23-9-8-22(25(31)28-23)29-15-20-19(26(29)32)6-7-21-24(20)33-16-27(21)12-10-18(11-13-27)14-17-4-2-1-3-5-17/h1-7,18,22H,8-16H2,(H,28,30,31)",WAQOILQUJGEOQX-UHFFFAOYSA-N,,CRBN,Q96SW2,,,,,,,,,10.1038/s41467-025-58431-z
1661,1458,7,O=C1CCC(N2CC3=C(C=CC4=C3OCC43CCC(OC4=CC=CC=C4)CC3)C2=O)C(=O)N1,"InChI=1S/C26H26N2O5/c29-22-9-8-21(24(30)27-22)28-14-19-18(25(28)31)6-7-20-23(19)32-15-26(20)12-10-17(11-13-26)33-16-4-2-1-3-5-16/h1-7,17,21H,8-15H2,(H,27,29,30)",ITFRCOVKUZIAMR-UHFFFAOYSA-N,,CRBN,Q96SW2,,,,,,,,,10.1038/s41467-025-58431-z
1662,1459,8,O=C1CCC(N2CC3=C(C=CC4=C3OCC43CCN(CC4=CC=CC=C4)C3)C2=O)C(=O)N1,"InChI=1S/C25H25N3O4/c29-21-9-8-20(23(30)26-21)28-13-18-17(24(28)31)6-7-19-22(18)32-15-25(19)10-11-27(14-25)12-16-4-2-1-3-5-16/h1-7,20H,8-15H2,(H,26,29,30)",BEOFMHXYIMYEEF-UHFFFAOYSA-N,,CRBN,Q96SW2,,,,,,,,,10.1038/s41467-025-58431-z
1663,1460,9,O=C1CCC(N2CC3=C(C=CC4=C3OCC43CCCN(CC4=CC=CC=C4)CC3)C2=O)C(=O)N1,"InChI=1S/C27H29N3O4/c31-23-10-9-22(25(32)28-23)30-16-20-19(26(30)33)7-8-21-24(20)34-17-27(21)11-4-13-29(14-12-27)15-18-5-2-1-3-6-18/h1-3,5-8,22H,4,9-17H2,(H,28,31,32)",MGLPMJGCWIFUII-UHFFFAOYSA-N,,CRBN,Q96SW2,,,,,,,,,10.1038/s41467-025-58431-z
1664,1461,10,O=C1CCC(N2CC3=C(C=CC4=C3OCC3(CCN(CC5=CC=CC=C5)CC3)C4)C2=O)C(=O)N1,"InChI=1S/C27H29N3O4/c31-23-9-8-22(25(32)28-23)30-16-21-20(26(30)33)7-6-19-14-27(17-34-24(19)21)10-12-29(13-11-27)15-18-4-2-1-3-5-18/h1-7,22H,8-17H2,(H,28,31,32)",LQILLXSRZUHAOR-UHFFFAOYSA-N,,CRBN,Q96SW2,,,,,,,,,10.1038/s41467-025-58431-z
1665,1462,11,O=C1CCC(N2CC3=C(C=CC4=C3OCC43CCN(CC4=CC=CC=C4)CC3O)C2=O)C(=O)N1,"InChI=1S/C26H27N3O5/c30-21-14-28(12-16-4-2-1-3-5-16)11-10-26(21)15-34-23-18-13-29(20-8-9-22(31)27-24(20)32)25(33)17(18)6-7-19(23)26/h1-7,20-21,30H,8-15H2,(H,27,31,32)",SKXWODBULYQGBD-UHFFFAOYSA-N,,CRBN,Q96SW2,,,,,,,,,10.1038/s41467-025-58431-z
1666,1463,12,O=C1CCC(N2CC3=C(C=CC4=C3OCC43CCN(CC4=CC=CC=C4)CC3(F)F)C2=O)C(=O)N1,"InChI=1S/C26H25F2N3O4/c27-26(28)14-30(12-16-4-2-1-3-5-16)11-10-25(26)15-35-22-18-13-31(20-8-9-21(32)29-23(20)33)24(34)17(18)6-7-19(22)25/h1-7,20H,8-15H2,(H,29,32,33)",CHGKZAOCSPXMAR-UHFFFAOYSA-N,IKZF2,CRBN,Q96SW2,,HiBiT,5.7,nM,,,,,10.1038/s41467-025-58431-z
1667,1464,13,O=C1CCC(N2CC3=C(C=CC4=C3OCC43CCN(CC4CCCCC4)CC3)C2=O)C(=O)N1,"InChI=1S/C26H33N3O4/c30-22-9-8-21(24(31)27-22)29-15-19-18(25(29)32)6-7-20-23(19)33-16-26(20)10-12-28(13-11-26)14-17-4-2-1-3-5-17/h6-7,17,21H,1-5,8-16H2,(H,27,30,31)",OJSPFOUZDGKFOA-UHFFFAOYSA-N,IKZF2,CRBN,Q96SW2,,HiBiT,16,nM,,,,,10.1038/s41467-025-58431-z
1668,1465,14,O=C1CCC(N2CC3=C(C=CC4=C3OCC43CCN(CC4=CC=CC=N4)CC3)C2=O)C(=O)N1,"InChI=1S/C25H26N4O4/c30-21-7-6-20(23(31)27-21)29-14-18-17(24(29)32)4-5-19-22(18)33-15-25(19)8-11-28(12-9-25)13-16-3-1-2-10-26-16/h1-5,10,20H,6-9,11-15H2,(H,27,30,31)",YZHAQINEPFJCRZ-UHFFFAOYSA-N,IKZF2,CRBN,Q96SW2,,HiBiT,18,nM,,,,,10.1038/s41467-025-58431-z
1669,1466,15,O=C1CCC(N2CC3=C(C=CC4=C3OCC43CCN(CC4=CSC=C4)CC3)C2=O)C(=O)N1,"InChI=1S/C24H25N3O4S/c28-20-4-3-19(22(29)25-20)27-12-17-16(23(27)30)1-2-18-21(17)31-14-24(18)6-8-26(9-7-24)11-15-5-10-32-13-15/h1-2,5,10,13,19H,3-4,6-9,11-12,14H2,(H,25,28,29)",NOQRUWPFICADHE-UHFFFAOYSA-N,IKZF2,CRBN,Q96SW2,,HiBiT,5.9,nM,,,,,10.1038/s41467-025-58431-z
1670,1467,16,CN1C=C(C2=CC=CC(CN3CCC4(CC3)COC3=C4C=CC4=C3CN(C3CCC(=O)NC3=O)C4=O)=C2)C=N1,"InChI=1S/C30H31N5O4/c1-33-16-21(14-31-33)20-4-2-3-19(13-20)15-34-11-9-30(10-12-34)18-39-27-23-17-35(25-7-8-26(36)32-28(25)37)29(38)22(23)5-6-24(27)30/h2-6,13-14,16,25H,7-12,15,17-18H2,1H3,(H,32,36,37)",SITNTOVOBBQZJQ-UHFFFAOYSA-N,IKZF2,CRBN,Q96SW2,,HiBiT,0.8,nM,,,,,10.1038/s41467-025-58431-z
1671,1468,PVTX-405(16a),CN1C=C(C2=CC=CC(CN3CCC4(CC3)COC3=C4C=CC4=C3CN([C@@H]3CCC(=O)NC3=O)C4=O)=C2)C=N1,"InChI=1S/C30H31N5O4/c1-33-16-21(14-31-33)20-4-2-3-19(13-20)15-34-11-9-30(10-12-34)18-39-27-23-17-35(25-7-8-26(36)32-28(25)37)29(38)22(23)5-6-24(27)30/h2-6,13-14,16,25H,7-12,15,17-18H2,1H3,(H,32,36,37)/t25-/m1/s1",SITNTOVOBBQZJQ-RUZDIDTESA-N,IKZF2,CRBN,Q96SW2,,HiBiT,0.7,nM,,,,,10.1038/s41467-025-58431-z
1672,1469,16b,CN1C=C(C2=CC=CC(CN3CCC4(CC3)COC3=C4C=CC4=C3CN([C@H]3CCC(=O)NC3=O)C4=O)=C2)C=N1,"InChI=1S/C30H31N5O4/c1-33-16-21(14-31-33)20-4-2-3-19(13-20)15-34-11-9-30(10-12-34)18-39-27-23-17-35(25-7-8-26(36)32-28(25)37)29(38)22(23)5-6-24(27)30/h2-6,13-14,16,25H,7-12,15,17-18H2,1H3,(H,32,36,37)/t25-/m0/s1",SITNTOVOBBQZJQ-VWLOTQADSA-N,IKZF2,CRBN,Q96SW2,,HiBiT,4.1,nM,,,,,10.1038/s41467-025-58431-z
1832,1628,Flavopiridol,CN1CC[C@H](C2=C(O)C=C(O)C3=C2OC(C2=CC=CC=C2Cl)=CC3=O)C(O)C1,"InChI=1S/C21H20ClNO5/c1-23-7-6-12(17(27)10-23)19-14(24)8-15(25)20-16(26)9-18(28-21(19)20)11-4-2-3-5-13(11)22/h2-5,8-9,12,17,24-25,27H,6-7,10H2,1H3/t12-,17?/m0/s1",BIIVYFLTOXDAOV-WHUIICBVSA-N,CDK12-CCNK,DDB1,Q16531,,TR-FRET,,,,,,,10.1038/s41586-020-2374-x
1833,1608,(R)-DRF053,CC[C@@H](NC1=NC(NC2=CC=C(C=C2)C3=CC=CC=N3)=C4N=CN(C4=N1)C(C)C)CO,"InChI=1S/C23H27N7O/c1-4-17(13-31)27-23-28-21(20-22(29-23)30(14-25-20)15(2)3)26-18-10-8-16(9-11-18)19-7-5-6-12-24-19/h5-12,14-15,17,31H,4,13H2,1-3H3,(H2,26,27,28,29)/t17-/m1/s1",CWYPIRLIVVXCBY-QGZVFWFLSA-N,CDK12-CCNK,DDB1,Q16531,,TR-FRET,,,,,,,10.1038/s41586-020-2374-x
1834,225,(R)-roscovitine,CC[C@H](CO)NC1=NC(NCC2=CC=CC=C2)=C2N=CN(C(C)C)C2=N1,"InChI=1S/C19H26N6O/c1-4-15(11-26)22-19-23-17(20-10-14-8-6-5-7-9-14)16-18(24-19)25(12-21-16)13(2)3/h5-9,12-13,15,26H,4,10-11H2,1-3H3,(H2,20,22,23,24)/t15-/m1/s1",BTIHMVBBUGXLCJ-OAHLLOKOSA-N,CDK12-CCNK,DDB1,Q16531,,TR-FRET,,,,,,,10.1038/s41586-020-2374-x
212,204,CR8,CC[C@H](CO)NC1=NC(NCC2=CC=C(C3=CC=CC=N3)C=C2)=C2N=CN(C(C)C)C2=N1,"InChI=1S/C24H29N7O/c1-4-19(14-32)28-24-29-22(21-23(30-24)31(15-27-21)16(2)3)26-13-17-8-10-18(11-9-17)20-7-5-6-12-25-20/h5-12,15-16,19,32H,4,13-14H2,1-3H3,(H2,26,28,29,30)/t19-/m1/s1",HOCBJBNQIQQQGT-LJQANCHMSA-N,CDK12–CCNK,DDB1,Q16531,,,,,,,,,10.1038/s41586-020-2374-x
1495,1290,BI-3802,CNC(=O)COC1=CC2=CC(NC3=NC(N4C[C@H](C)C[C@H](C)C4)=NC=C3Cl)=CC=C2N(C)C1=O,"InChI=1S/C24H29ClN6O3/c1-14-7-15(2)12-31(11-14)24-27-10-18(25)22(29-24)28-17-5-6-19-16(8-17)9-20(23(33)30(19)4)34-13-21(32)26-3/h5-6,8-10,14-15H,7,11-13H2,1-4H3,(H,26,32)(H,27,28,29)/t14-,15+",GXTJETQFYHZHNB-GASCZTMLSA-N,BCL6,SIAH1,Q8IUQ4,,,,,,,,,10.1038/s41586-020-2925-1
256,245,IBG4,CC1=C(C)C2=C(S1)N1C(C)=NN=C1[C@H](CC(=O)N(C)C)N=C2C1=CC=C(C2=CC=C(F)C(NC(=O)C3=C4N=CC=CN4N=C3)=C2)C=C1,"InChI=1S/C34H30FN9O2S/c1-18-19(2)47-34-29(18)30(38-27(16-28(45)42(4)5)32-41-40-20(3)44(32)34)22-9-7-21(8-10-22)23-11-12-25(35)26(15-23)39-33(46)24-17-37-43-14-6-13-36-31(24)43/h6-15,17,27H,16H2,1-5H3,(H,39,46)/t27-/m0/s1",GNAZHLWOOVUAFO-MHZLTWQESA-N,BRD4,DCAF16,Q9NXF7,,,,,,,,,10.1038/s41586-024-07089-6
288,270,IBG3,CC1=C(C)C2=C(S1)N1C(C)=NN=C1[C@H](CC(=O)OC(C)(C)C)N=C2C1=CC=C(CNC(=O)C2=CC=C(C3=CC=C(C4=N[C@@H](CC(=O)OC(C)(C)C)C5=NN=C(C)N5C5=C4C(C)=C(C)S5)C=C3)C=C2)C=C1,"InChI=1S/C54H57N9O5S2/c1-28-30(3)69-51-44(28)46(56-40(25-42(64)67-53(7,8)9)48-60-58-32(5)62(48)51)37-15-13-34(14-16-37)27-55-50(66)39-23-19-36(20-24-39)35-17-21-38(22-18-35)47-45-29(2)31(4)70-52(45)63-33(6)59-61-49(63)41(57-47)26-43(65)68-54(10,11)12/h13-24,40-41H,25-27H2,1-12H3,(H,55,66)/t40-,41-/m0/s1",MRIUQCAXSFYTQZ-YATWDLPUSA-N,BRD4,DCAF16,Q9NXF7,,TR-FRET,,,,,,,10.1038/s41586-024-07089-6
654,602,IBG1,COC(=O)C[C@@H]1N=C(C2=CC=C(C3=CC=C(C(=O)NCC4=CC=C(S(=O)(=O)NC5=CC=C(C)C6=C5NC=C6C#N)C=C4)C=C3)C=C2)C2=C(SC(C)=C2C)N2C(C)=NN=C12,"InChI=1S/C44H38N8O5S2/c1-24-6-19-35(41-38(24)33(21-45)23-46-41)51-59(55,56)34-17-7-28(8-18-34)22-47-43(54)32-15-11-30(12-16-32)29-9-13-31(14-10-29)40-39-25(2)26(3)58-44(39)52-27(4)49-50-42(52)36(48-40)20-37(53)57-5/h6-19,23,36,46,51H,20,22H2,1-5H3,(H,47,54)/t36-/m0/s1",HHSZFSOLNUHGMP-BHVANESWSA-N,BRD4,DCAF16,Q9NXF7,,,,,,,,,10.1038/s41586-024-07089-6
642,595,UM171,CN1N=NC(C2=CC=C3C(=C2)NC2=NC(CC4=CC=CC=C4)=NC(NC4CCC(N)CC4)=C23)=N1,"InChI=1S/C25H27N9/c1-34-32-23(31-33-34)16-7-12-19-20(14-16)28-25-22(19)24(27-18-10-8-17(26)9-11-18)29-21(30-25)13-15-5-3-2-4-6-15/h2-7,12,14,17-18H,8-11,13,26H2,1H3,(H2,27,28,29,30)",AZXXGVPWWKWGAE-UHFFFAOYSA-N,HDAC2–CoREST,KBTBD4,Q9NVX7,,TR-FRET,,,,,,,10.1038/s41586-024-08532-4
642,595,UM171,CN1N=NC(C2=CC=C3C(=C2)NC2=NC(CC4=CC=CC=C4)=NC(NC4CCC(N)CC4)=C23)=N1,"InChI=1S/C25H27N9/c1-34-32-23(31-33-34)16-7-12-19-20(14-16)28-25-22(19)24(27-18-10-8-17(26)9-11-18)29-21(30-25)13-15-5-3-2-4-6-15/h2-7,12,14,17-18H,8-11,13,26H2,1H3,(H2,27,28,29,30)",AZXXGVPWWKWGAE-UHFFFAOYSA-N,HDAC1–CoREST,KBTBD4,Q9NVX7,,TR-FRET,,,,,,,10.1038/s41586-024-08532-4
1835,1294,InsP6,O(C1C(OP(=O)(O)O)C(OP(=O)(O)O)C(OP(=O)(O)O)C(OP(=O)(O)O)C1OP(=O)(O)O)P(=O)(O)O,"InChI=1S/C6H18O24P6/c7-31(8,9)25-1-2(26-32(10,11)12)4(28-34(16,17)18)6(30-36(22,23)24)5(29-35(19,20)21)3(1)27-33(13,14)15/h1-6H,(H2,7,8,9)(H2,10,11,12)(H2,13,14,15)(H2,16,17,18)(H2,19,20,21)(H2,22,23,24)",IMQLKJBTEOYOSI-UHFFFAOYSA-N,HDAC2–CoREST,KBTBD4,Q9NVX7,,,,,,,,,10.1038/s41586-024-08533-3
1835,1294,InsP6,O(C1C(OP(=O)(O)O)C(OP(=O)(O)O)C(OP(=O)(O)O)C(OP(=O)(O)O)C1OP(=O)(O)O)P(=O)(O)O,"InChI=1S/C6H18O24P6/c7-31(8,9)25-1-2(26-32(10,11)12)4(28-34(16,17)18)6(30-36(22,23)24)5(29-35(19,20)21)3(1)27-33(13,14)15/h1-6H,(H2,7,8,9)(H2,10,11,12)(H2,13,14,15)(H2,16,17,18)(H2,19,20,21)(H2,22,23,24)",IMQLKJBTEOYOSI-UHFFFAOYSA-N,HDAC1–CoREST,KBTBD4,Q9NVX7,,,,,,,,,10.1038/s41586-024-08533-3
646,595,UM171,CN1N=NC(C2=CC=C3C(=C2)NC2=NC(CC4=CC=CC=C4)=NC(NC4CCC(N)CC4)=C23)=N1,"InChI=1S/C25H27N9/c1-34-32-23(31-33-34)16-7-12-19-20(14-16)28-25-22(19)24(27-18-10-8-17(26)9-11-18)29-21(30-25)13-15-5-3-2-4-6-15/h2-7,12,14,17-18H,8-11,13,26H2,1H3,(H2,27,28,29,30)",AZXXGVPWWKWGAE-UHFFFAOYSA-N,HDAC2–CoREST,KBTBD4,Q9NVX7,,,,,,,,,10.1038/s41586-024-08533-3
646,595,UM171,CN1N=NC(C2=CC=C3C(=C2)NC2=NC(CC4=CC=CC=C4)=NC(NC4CCC(N)CC4)=C23)=N1,"InChI=1S/C25H27N9/c1-34-32-23(31-33-34)16-7-12-19-20(14-16)28-25-22(19)24(27-18-10-8-17(26)9-11-18)29-21(30-25)13-15-5-3-2-4-6-15/h2-7,12,14,17-18H,8-11,13,26H2,1H3,(H2,27,28,29,30)",AZXXGVPWWKWGAE-UHFFFAOYSA-N,HDAC1–CoREST,KBTBD4,Q9NVX7,,,,,,,,,10.1038/s41586-024-08533-3
1017,884,Tasisulam,O=C(NS(=O)(=O)C1=CC=C(Br)S1)C1=CC=C(Cl)C=C1Cl,"InChI=1S/C11H6BrCl2NO3S2/c12-9-3-4-10(19-9)20(17,18)15-11(16)7-2-1-6(13)5-8(7)14/h1-5H,(H,15,16)",WWONFUQGBVOKOF-UHFFFAOYSA-N,RBM39,DCAF15,Q66K64,,,,,,,,,10.1038/s41589-019-0378-3
389,360,E7820,CC1=CC=C(NS(=O)(=O)C2=CC(C#N)=CC=C2)C2=C1C(C#N)=CN2,"InChI=1S/C17H12N4O2S/c1-11-5-6-15(17-16(11)13(9-19)10-20-17)21-24(22,23)14-4-2-3-12(7-14)8-18/h2-7,10,20-21H,1H3",LWGUASZLXHYWIV-UHFFFAOYSA-N,,DCAF15,Q66K64,,,,,,,,,10.1038/s41589-019-0378-3
975,849,Indisulam,NS(=O)(=O)C1=CC=C(S(=O)(=O)NC2=CC=CC3=C2NC=C3Cl)C=C1,"InChI=1S/C14H12ClN3O4S2/c15-12-8-17-14-11(12)2-1-3-13(14)18-24(21,22)10-6-4-9(5-7-10)23(16,19)20/h1-8,17-18H,(H2,16,19,20)",SETFNECMODOHTO-UHFFFAOYSA-N,,DCAF15,Q66K64,,,,,,,,,10.1038/s41589-019-0378-3
1082,945,ALV-02-146-03,O=C1CCC(N2C(=O)C=C(NC3=CC=CC=C3)C2=O)C(=O)N1,"InChI=1S/C15H13N3O4/c19-12-7-6-11(14(21)17-12)18-13(20)8-10(15(18)22)16-9-4-2-1-3-5-9/h1-5,8,11,16H,6-7H2,(H,17,19,21)",UVNZQNDQDYPFFR-UHFFFAOYSA-N,,CRBN,Q96SW2,,,,,,,,,10.1038/s41589-021-00802-w
358,338,ALV1,CC1=CC=C(NC(=O)CCC2=CC=CC(NC3=CC(=O)N(C4CCC(=O)NC4=O)C3=O)=C2)C=C1Cl,"InChI=1S/C25H23ClN4O5/c1-14-5-7-17(12-18(14)26)28-21(31)9-6-15-3-2-4-16(11-15)27-19-13-23(33)30(25(19)35)20-8-10-22(32)29-24(20)34/h2-5,7,11-13,20,27H,6,8-10H2,1H3,(H,28,31)(H,29,32,34)",YDYSAFPHVGVORZ-UHFFFAOYSA-N,IKZF1,CRBN,Q96SW2,,,2.5 ± 0.9,nM,,96.8 ± 0.7,,,10.1038/s41589-021-00802-w
358,338,ALV1,CC1=CC=C(NC(=O)CCC2=CC=CC(NC3=CC(=O)N(C4CCC(=O)NC4=O)C3=O)=C2)C=C1Cl,"InChI=1S/C25H23ClN4O5/c1-14-5-7-17(12-18(14)26)28-21(31)9-6-15-3-2-4-16(11-15)27-19-13-23(33)30(25(19)35)20-8-10-22(32)29-24(20)34/h2-5,7,11-13,20,27H,6,8-10H2,1H3,(H,28,31)(H,29,32,34)",YDYSAFPHVGVORZ-UHFFFAOYSA-N,IKZF2,CRBN,Q96SW2,,,10.3 ± 0.3,nM,,95.6 ± 0.7,,,10.1038/s41589-021-00802-w
358,338,ALV1,CC1=CC=C(NC(=O)CCC2=CC=CC(NC3=CC(=O)N(C4CCC(=O)NC4=O)C3=O)=C2)C=C1Cl,"InChI=1S/C25H23ClN4O5/c1-14-5-7-17(12-18(14)26)28-21(31)9-6-15-3-2-4-16(11-15)27-19-13-23(33)30(25(19)35)20-8-10-22(32)29-24(20)34/h2-5,7,11-13,20,27H,6,8-10H2,1H3,(H,28,31)(H,29,32,34)",YDYSAFPHVGVORZ-UHFFFAOYSA-N,IKZF2,CRBN,Q96SW2,,TR-FRET,,,,,,,10.1038/s41589-021-00802-w
358,338,ALV1,CC1=CC=C(NC(=O)CCC2=CC=CC(NC3=CC(=O)N(C4CCC(=O)NC4=O)C3=O)=C2)C=C1Cl,"InChI=1S/C25H23ClN4O5/c1-14-5-7-17(12-18(14)26)28-21(31)9-6-15-3-2-4-16(11-15)27-19-13-23(33)30(25(19)35)20-8-10-22(32)29-24(20)34/h2-5,7,11-13,20,27H,6,8-10H2,1H3,(H,28,31)(H,29,32,34)",YDYSAFPHVGVORZ-UHFFFAOYSA-N,IKZF3,CRBN,Q96SW2,,,,,,,,,10.1038/s41589-021-00802-w
358,338,ALV1,CC1=CC=C(NC(=O)CCC2=CC=CC(NC3=CC(=O)N(C4CCC(=O)NC4=O)C3=O)=C2)C=C1Cl,"InChI=1S/C25H23ClN4O5/c1-14-5-7-17(12-18(14)26)28-21(31)9-6-15-3-2-4-16(11-15)27-19-13-23(33)30(25(19)35)20-8-10-22(32)29-24(20)34/h2-5,7,11-13,20,27H,6,8-10H2,1H3,(H,28,31)(H,29,32,34)",YDYSAFPHVGVORZ-UHFFFAOYSA-N,ZNF692,CRBN,Q96SW2,,,,,,,,,10.1038/s41589-021-00802-w
358,338,ALV1,CC1=CC=C(NC(=O)CCC2=CC=CC(NC3=CC(=O)N(C4CCC(=O)NC4=O)C3=O)=C2)C=C1Cl,"InChI=1S/C25H23ClN4O5/c1-14-5-7-17(12-18(14)26)28-21(31)9-6-15-3-2-4-16(11-15)27-19-13-23(33)30(25(19)35)20-8-10-22(32)29-24(20)34/h2-5,7,11-13,20,27H,6,8-10H2,1H3,(H,28,31)(H,29,32,34)",YDYSAFPHVGVORZ-UHFFFAOYSA-N,ZNF653,CRBN,Q96SW2,,,,,,,,,10.1038/s41589-021-00802-w
361,341,ALV2,CC1=CC=C(NC(=O)NC(C)(C)C2=CC=CC(NC3=CC(=O)N(C4CCC(=O)NC4=O)C3=O)=C2)C=C1Cl,"InChI=1S/C26H26ClN5O5/c1-14-7-8-17(12-18(14)27)29-25(37)31-26(2,3)15-5-4-6-16(11-15)28-19-13-22(34)32(24(19)36)20-9-10-21(33)30-23(20)35/h4-8,11-13,20,28H,9-10H2,1-3H3,(H2,29,31,37)(H,30,33,35)",YKFHBIMJVFQOQL-UHFFFAOYSA-N,IKZF1,CRBN,Q96SW2,,,12.1 ± 0.4,nM,,93.8 ± 0.6,,,10.1038/s41589-021-00802-w
361,341,ALV2,CC1=CC=C(NC(=O)NC(C)(C)C2=CC=CC(NC3=CC(=O)N(C4CCC(=O)NC4=O)C3=O)=C2)C=C1Cl,"InChI=1S/C26H26ClN5O5/c1-14-7-8-17(12-18(14)27)29-25(37)31-26(2,3)15-5-4-6-16(11-15)28-19-13-22(34)32(24(19)36)20-9-10-21(33)30-23(20)35/h4-8,11-13,20,28H,9-10H2,1-3H3,(H2,29,31,37)(H,30,33,35)",YKFHBIMJVFQOQL-UHFFFAOYSA-N,IKZF2,CRBN,Q96SW2,,,4.3 ± 0.8,nM,,95.8 ± 0.5,,,10.1038/s41589-021-00802-w
361,341,ALV2,CC1=CC=C(NC(=O)NC(C)(C)C2=CC=CC(NC3=CC(=O)N(C4CCC(=O)NC4=O)C3=O)=C2)C=C1Cl,"InChI=1S/C26H26ClN5O5/c1-14-7-8-17(12-18(14)27)29-25(37)31-26(2,3)15-5-4-6-16(11-15)28-19-13-22(34)32(24(19)36)20-9-10-21(33)30-23(20)35/h4-8,11-13,20,28H,9-10H2,1-3H3,(H2,29,31,37)(H,30,33,35)",YKFHBIMJVFQOQL-UHFFFAOYSA-N,IKZF3,CRBN,Q96SW2,,,,,,,,,10.1038/s41589-021-00802-w
361,341,ALV2,CC1=CC=C(NC(=O)NC(C)(C)C2=CC=CC(NC3=CC(=O)N(C4CCC(=O)NC4=O)C3=O)=C2)C=C1Cl,"InChI=1S/C26H26ClN5O5/c1-14-7-8-17(12-18(14)27)29-25(37)31-26(2,3)15-5-4-6-16(11-15)28-19-13-22(34)32(24(19)36)20-9-10-21(33)30-23(20)35/h4-8,11-13,20,28H,9-10H2,1-3H3,(H2,29,31,37)(H,30,33,35)",YKFHBIMJVFQOQL-UHFFFAOYSA-N,IKZF1,CRBN,Q96SW2,,TR-FRET,,,,,,,10.1038/s41589-021-00802-w
1007,877,dCeMM3,O=C(CSC1=NC2=CC=CC=C2N1)NC1=CC=C(Cl)C=N1,"InChI=1S/C14H11ClN4OS/c15-9-5-6-12(16-7-9)19-13(20)8-21-14-17-10-3-1-2-4-11(10)18-14/h1-7H,8H2,(H,17,18)(H,16,19,20)",OOYJNUNOVRCHJZ-UHFFFAOYSA-N,CDK12–CCNK,DDB1,Q16531,,TR-FRET,,,,,,,10.1038/s41589-023-01409-z
1008,878,dCeMM2,O=C(CSC1=NN=C2C(=N1)NC1=CC=CC=C12)NC1=CC=C(Cl)C=N1,"InChI=1S/C16H11ClN6OS/c17-9-5-6-12(18-7-9)20-13(24)8-25-16-21-15-14(22-23-16)10-3-1-2-4-11(10)19-15/h1-7H,8H2,(H,18,20,24)(H,19,21,23)",VFWVTIHYVUKNGR-UHFFFAOYSA-N,,DDB1,Q16531,,,,,,,,,10.1038/s41589-023-01409-z
142,136,21195,CC(C)C1=NN(C2=C(Cl)C=CC=C2Cl)C2=C1C(=O)NC(CC1=CC=C(OCCO)C=C1)=N2,"InChI=1S/C23H22Cl2N4O3/c1-13(2)20-19-22(29(28-20)21-16(24)4-3-5-17(21)25)26-18(27-23(19)31)12-14-6-8-15(9-7-14)32-11-10-30/h3-9,13,30H,10-12H2,1-2H3,(H,26,27,31)",RSQPNXBTPUXMQN-UHFFFAOYSA-N,CDK12–CCNK,DDB1,Q16531,,TR-FRET,,,,,,,10.1038/s41589-023-01409-z
166,160,DS19,CC(C)N1C=NC2=C1N=C(N1CCOCC1)N=C2NCC1=CC=C(C2=CC=CC=N2)C=C1,"InChI=1S/C24H27N7O/c1-17(2)31-16-27-21-22(28-24(29-23(21)31)30-11-13-32-14-12-30)26-15-18-6-8-19(9-7-18)20-5-3-4-10-25-20/h3-10,16-17H,11-15H2,1-2H3,(H,26,28,29)",LQFDMFLOSFCOEO-UHFFFAOYSA-N,CDK12–CCNK,DDB1,Q16531,,TR-FRET,,,,,,,10.1038/s41589-023-01409-z
167,161,DS18,CC(C)N1C=NC2=C1N=C(N1CCOCC1)N=C2NCC1=NC2=C(C=C(Cl)C(Cl)=C2)N1,"InChI=1S/C20H22Cl2N8O/c1-11(2)30-10-24-17-18(27-20(28-19(17)30)29-3-5-31-6-4-29)23-9-16-25-14-7-12(21)13(22)8-15(14)26-16/h7-8,10-11H,3-6,9H2,1-2H3,(H,25,26)(H,23,27,28)",DPCUNIIUTMKIKJ-UHFFFAOYSA-N,CDK12–CCNK,DDB1,Q16531,,TR-FRET,,,,,,,10.1038/s41589-023-01409-z
1768,1565,DS31,CC[C@H](CO)NC1=NC(NCCC2=CC=CC=C2)=C2N=CN(C(C)C)C2=N1,"InChI=1S/C20H28N6O/c1-4-16(12-27)23-20-24-18(21-11-10-15-8-6-5-7-9-15)17-19(25-20)26(13-22-17)14(2)3/h5-9,13-14,16,27H,4,10-12H2,1-3H3,(H2,21,23,24,25)/t16-/m0/s1",IZTUOVOTDRDXOG-INIZCTEOSA-N,CDK12-CCNK,DDB1,Q16531,,TR-FRET,,,,,,,10.1038/s41589-023-01409-z
1769,1566,DS09,CC[C@H](CO)NC1=NC(NCCCCC2=CC=CC=C2)=C2N=CN(C(C)C)C2=N1,"InChI=1S/C22H32N6O/c1-4-18(14-29)25-22-26-20(19-21(27-22)28(15-24-19)16(2)3)23-13-9-8-12-17-10-6-5-7-11-17/h5-7,10-11,15-16,18,29H,4,8-9,12-14H2,1-3H3,(H2,23,25,26,27)/t18-/m0/s1",ROGNKYQZCSTSTF-SFHVURJKSA-N,CDK12-CCNK,DDB1,Q16531,,TR-FRET,,,,,,,10.1038/s41589-023-01409-z
1770,1567,DS02,CC[C@H](CO)NC1=NC(NCCCCCC2=CC=CC=C2)=C2N=CN(C(C)C)C2=N1,"InChI=1S/C23H34N6O/c1-4-19(15-30)26-23-27-21(20-22(28-23)29(16-25-20)17(2)3)24-14-10-6-9-13-18-11-7-5-8-12-18/h5,7-8,11-12,16-17,19,30H,4,6,9-10,13-15H2,1-3H3,(H2,24,26,27,28)/t19-/m0/s1",KLBKESYFUKKKSS-IBGZPJMESA-N,CDK12-CCNK,DDB1,Q16531,,TR-FRET,,,,,,,10.1038/s41589-023-01409-z
1771,1568,DS10,CC[C@H](CO)NC1=NC(NCCCCCCC2=CC=CC=C2)=C2N=CN(C(C)C)C2=N1,"InChI=1S/C24H36N6O/c1-4-20(16-31)27-24-28-22(21-23(29-24)30(17-26-21)18(2)3)25-15-11-6-5-8-12-19-13-9-7-10-14-19/h7,9-10,13-14,17-18,20,31H,4-6,8,11-12,15-16H2,1-3H3,(H2,25,27,28,29)/t20-/m0/s1",ZEVUXZKCCBIGIP-FQEVSTJZSA-N,CDK12-CCNK,DDB1,Q16531,,TR-FRET,,,,,,,10.1038/s41589-023-01409-z
1772,1569,DS46,CC[C@H](CO)NC1=NC(NCCCN2C(=O)OC3=CC=CC=C32)=C2N=CN(C(C)C)C2=N1,"InChI=1S/C22H29N7O3/c1-4-15(12-30)25-21-26-19(18-20(27-21)29(13-24-18)14(2)3)23-10-7-11-28-16-8-5-6-9-17(16)32-22(28)31/h5-6,8-9,13-15,30H,4,7,10-12H2,1-3H3,(H2,23,25,26,27)/t15-/m1/s1",FXNPHDXULTZZCZ-OAHLLOKOSA-N,CDK12-CCNK,DDB1,Q16531,,TR-FRET,,,,,,,10.1038/s41589-023-01409-z
1773,1570,DS05,CC[C@H](CO)NC1=NC(NCC2=CC=C(C3=CC=C4C=CC=CC4=C3)C=C2)=C2N=CN(C(C)C)C2=N1,"InChI=1S/C29H32N6O/c1-4-25(17-36)32-29-33-27(26-28(34-29)35(18-31-26)19(2)3)30-16-20-9-11-22(12-10-20)24-14-13-21-7-5-6-8-23(21)15-24/h5-15,18-19,25,36H,4,16-17H2,1-3H3,(H2,30,32,33,34)/t25-/m1/s1",UMEITULNPSDKME-RUZDIDTESA-N,CDK12-CCNK,DDB1,Q16531,,TR-FRET,,,,,,,10.1038/s41589-023-01409-z
1774,1571,DS04,CC[C@H](CO)NC1=NC(NCC2=CC=C(C3=CC=C(C4=CC=CC=C4)C=C3)C=C2)=C2N=CN(C(C)C)C2=N1,"InChI=1S/C31H34N6O/c1-4-27(19-38)34-31-35-29(28-30(36-31)37(20-33-28)21(2)3)32-18-22-10-12-24(13-11-22)26-16-14-25(15-17-26)23-8-6-5-7-9-23/h5-17,20-21,27,38H,4,18-19H2,1-3H3,(H2,32,34,35,36)/t27-/m1/s1",KAKKQOBMJIORNG-HHHXNRCGSA-N,,DDB1,Q16531,,,,,,,,,10.1038/s41589-023-01409-z
1775,1572,DS25,CC[C@H](CO)NC1=NC(NCC2=CC=C(C3=CC=C(C)S3)C=C2)=C2N=CN(C(C)C)C2=N1,"InChI=1S/C24H30N6OS/c1-5-19(13-31)27-24-28-22(21-23(29-24)30(14-26-21)15(2)3)25-12-17-7-9-18(10-8-17)20-11-6-16(4)32-20/h6-11,14-15,19,31H,5,12-13H2,1-4H3,(H2,25,27,28,29)/t19-/m1/s1",IGJPGKABXPANSO-LJQANCHMSA-N,CDK12-CCNK,DDB1,Q16531,,TR-FRET,,,,,,,10.1038/s41589-023-01409-z
1776,1573,DS43,CC[C@H](CO)NC1=NC(NCC2=NN(C3=CC=CC(Cl)=C3)C=C2)=C2N=CN(C(C)C)C2=N1,"InChI=1S/C22H27ClN8O/c1-4-16(12-32)26-22-27-20(19-21(28-22)30(13-25-19)14(2)3)24-11-17-8-9-31(29-17)18-7-5-6-15(23)10-18/h5-10,13-14,16,32H,4,11-12H2,1-3H3,(H2,24,26,27,28)/t16-/m1/s1",XQOCHZAMFJBROM-MRXNPFEDSA-N,CDK12-CCNK,DDB1,Q16531,,TR-FRET,,,,,,,10.1038/s41589-023-01409-z
1777,1574,WX4,CC[C@H](CO)NC1=NC(NCC2=CN=C(C3=CC=CC=N3)C=C2C2OCCO2)=C2N=CN(C(C)C)C2=N1,"InChI=1S/C26H32N8O3/c1-4-18(14-35)31-26-32-23(22-24(33-26)34(15-30-22)16(2)3)29-13-17-12-28-21(20-7-5-6-8-27-20)11-19(17)25-36-9-10-37-25/h5-8,11-12,15-16,18,25,35H,4,9-10,13-14H2,1-3H3,(H2,29,31,32,33)/t18-/m1/s1",JTQIVHHWKGMCSQ-GOSISDBHSA-N,CDK12-CCNK,DDB1,Q16531,,TR-FRET,,,,,,,10.1038/s41589-023-01409-z
1778,1575,DS35,CC[C@H](CO)NC1=NC(NCCCC2=CC=NN2C)=C2N=CN(C(C)C)C2=N1,"InChI=1S/C19H30N8O/c1-5-14(11-28)23-19-24-17(16-18(25-19)27(12-21-16)13(2)3)20-9-6-7-15-8-10-22-26(15)4/h8,10,12-14,28H,5-7,9,11H2,1-4H3,(H2,20,23,24,25)/t14-/m1/s1",KIOAZIPNMVVFAL-CQSZACIVSA-N,CDK12-CCNK,DDB1,Q16531,,TR-FRET,,,,,,,10.1038/s41589-023-01409-z
1779,1576,DS34,CC[C@H](CO)NC1=NC(NCCCC2=CC=CO2)=C2N=CN(C(C)C)C2=N1,"InChI=1S/C19H28N6O2/c1-4-14(11-26)22-19-23-17(20-9-5-7-15-8-6-10-27-15)16-18(24-19)25(12-21-16)13(2)3/h6,8,10,12-14,26H,4-5,7,9,11H2,1-3H3,(H2,20,22,23,24)/t14-/m1/s1",FFGLLCTUGIAYAM-CQSZACIVSA-N,CDK12-CCNK,DDB1,Q16531,,TR-FRET,,,,,,,10.1038/s41589-023-01409-z
1780,1577,DS27,CC[C@H](CO)NC1=NC(NCCCC2=CC=CN=C2)=C2N=CN(C(C)C)C2=N1,"InChI=1S/C20H29N7O/c1-4-16(12-28)24-20-25-18(17-19(26-20)27(13-23-17)14(2)3)22-10-6-8-15-7-5-9-21-11-15/h5,7,9,11,13-14,16,28H,4,6,8,10,12H2,1-3H3,(H2,22,24,25,26)/t16-/m1/s1",PUNALVJWOBCWPN-MRXNPFEDSA-N,CDK12-CCNK,DDB1,Q16531,,TR-FRET,,,,,,,10.1038/s41589-023-01409-z
1781,1578,DS66,CC[C@H](CO)NC1=NC(NCCCC2=CC=C(C)C(C)=C2)=C2N=CN(C(C)C)C2=N1,"InChI=1S/C23H34N6O/c1-6-19(13-30)26-23-27-21(20-22(28-23)29(14-25-20)15(2)3)24-11-7-8-18-10-9-16(4)17(5)12-18/h9-10,12,14-15,19,30H,6-8,11,13H2,1-5H3,(H2,24,26,27,28)/t19-/m1/s1",CWXUALXYQXQCPS-LJQANCHMSA-N,CDK12-CCNK,DDB1,Q16531,,TR-FRET,,,,,,,10.1038/s41589-023-01409-z
1782,1579,DS65,CC[C@H](CO)NC1=NC(NCCCC2=CC=C(Cl)C(Cl)=C2)=C2N=CN(C(C)C)C2=N1,"InChI=1S/C21H28Cl2N6O/c1-4-15(11-30)26-21-27-19(18-20(28-21)29(12-25-18)13(2)3)24-9-5-6-14-7-8-16(22)17(23)10-14/h7-8,10,12-13,15,30H,4-6,9,11H2,1-3H3,(H2,24,26,27,28)/t15-/m1/s1",OLTUKTKUEARKCY-OAHLLOKOSA-N,CDK12-CCNK,DDB1,Q16531,,TR-FRET,,,,,,,10.1038/s41589-023-01409-z
1783,1580,DS67,CC[C@H](CO)NC1=NC(NCCCC2=CC=CC(CC)=C2)=C2N=CN(C(C)C)C2=N1,"InChI=1S/C23H34N6O/c1-5-17-9-7-10-18(13-17)11-8-12-24-21-20-22(29(15-25-20)16(3)4)28-23(27-21)26-19(6-2)14-30/h7,9-10,13,15-16,19,30H,5-6,8,11-12,14H2,1-4H3,(H2,24,26,27,28)/t19-/m1/s1",ZELMGONKTIAQJA-LJQANCHMSA-N,CDK12-CCNK,DDB1,Q16531,,TR-FRET,,,,,,,10.1038/s41589-023-01409-z
1784,1581,DS30,CC[C@H](CO)NC1=NC(NCCCC2=CC=CC(C)=C2)=C2N=CN(C(C)C)C2=N1,"InChI=1S/C22H32N6O/c1-5-18(13-29)25-22-26-20(19-21(27-22)28(14-24-19)15(2)3)23-11-7-10-17-9-6-8-16(4)12-17/h6,8-9,12,14-15,18,29H,5,7,10-11,13H2,1-4H3,(H2,23,25,26,27)/t18-/m1/s1",IAQVCGQJJMTIMM-GOSISDBHSA-N,CDK12-CCNK,DDB1,Q16531,,TR-FRET,,,,,,,10.1038/s41589-023-01409-z
1785,1582,DS69,CC[C@H](CO)NC1=NC(NCCCC2=CC=CC(C)=N2)=C2N=CN(C(C)C)C2=N1,"InChI=1S/C21H31N7O/c1-5-16(12-29)25-21-26-19(18-20(27-21)28(13-23-18)14(2)3)22-11-7-10-17-9-6-8-15(4)24-17/h6,8-9,13-14,16,29H,5,7,10-12H2,1-4H3,(H2,22,25,26,27)/t16-/m1/s1",IYNJPMYEAQNCBL-MRXNPFEDSA-N,CDK12-CCNK,DDB1,Q16531,,TR-FRET,,,,,,,10.1038/s41589-023-01409-z
1786,1583,DS29,CC[C@H](CO)NC1=NC(NCCCC2=CC=CC(F)=C2)=C2N=CN(C(C)C)C2=N1,"InChI=1S/C21H29FN6O/c1-4-17(12-29)25-21-26-19(18-20(27-21)28(13-24-18)14(2)3)23-10-6-8-15-7-5-9-16(22)11-15/h5,7,9,11,13-14,17,29H,4,6,8,10,12H2,1-3H3,(H2,23,25,26,27)/t17-/m1/s1",CQVNQDCOBDXVMZ-QGZVFWFLSA-N,CDK12-CCNK,DDB1,Q16531,,TR-FRET,,,,,,,10.1038/s41589-023-01409-z
1787,1584,DS68,CC[C@H](CO)NC1=NC(NCCCC2=CC=CC(O)=C2)=C2N=CN(C(C)C)C2=N1,"InChI=1S/C21H30N6O2/c1-4-16(12-28)24-21-25-19(18-20(26-21)27(13-23-18)14(2)3)22-10-6-8-15-7-5-9-17(29)11-15/h5,7,9,11,13-14,16,28-29H,4,6,8,10,12H2,1-3H3,(H2,22,24,25,26)/t16-/m1/s1",WREYDFZOQPABSD-MRXNPFEDSA-N,CDK12-CCNK,DDB1,Q16531,,TR-FRET,,,,,,,10.1038/s41589-023-01409-z
1788,1585,DS03,CC[C@H](CO)NC1=NC(NCC2=CC=C(CCCC)C=C2)=C2N=CN(C(C)C)C2=N1,"InChI=1S/C23H34N6O/c1-5-7-8-17-9-11-18(12-10-17)13-24-21-20-22(29(15-25-20)16(3)4)28-23(27-21)26-19(6-2)14-30/h9-12,15-16,19,30H,5-8,13-14H2,1-4H3,(H2,24,26,27,28)/t19-/m1/s1",HSQCITPGWHALIF-LJQANCHMSA-N,CDK12-CCNK,DDB1,Q16531,,TR-FRET,,,,,,,10.1038/s41589-023-01409-z
1789,1586,DS01,CC[C@H](CO)NC1=NC(NCCCCCN(C)CC)=C2N=CN(C(C)C)C2=N1,"InChI=1S/C20H37N7O/c1-6-16(13-28)23-20-24-18(21-11-9-8-10-12-26(5)7-2)17-19(25-20)27(14-22-17)15(3)4/h14-16,28H,6-13H2,1-5H3,(H2,21,23,24,25)/t16-/m1/s1",SWAVOZGRWXNWON-MRXNPFEDSA-N,,DDB1,Q16531,,,,,,,,,10.1038/s41589-023-01409-z
1790,1587,DS36,CC[C@H](CO)NC1=NC(NCCCCCN(CCCC)CCCC)=C2N=CN(C(C)C)C2=N1,"InChI=1S/C25H47N7O/c1-6-9-15-31(16-10-7-2)17-13-11-12-14-26-23-22-24(32(19-27-22)20(4)5)30-25(29-23)28-21(8-3)18-33/h19-21,33H,6-18H2,1-5H3,(H2,26,28,29,30)/t21-/m1/s1",UHODWWXIRXXGAN-OAQYLSRUSA-N,,DDB1,Q16531,,,,,,,,,10.1038/s41589-023-01409-z
1791,1588,DS07,CC[C@H](CO)NC1=NC(NCC2=CC=C(CN(C)C)C=C2)=C2N=CN(C(C)C)C2=N1,"InChI=1S/C22H33N7O/c1-6-18(13-30)25-22-26-20(19-21(27-22)29(14-24-19)15(2)3)23-11-16-7-9-17(10-8-16)12-28(4)5/h7-10,14-15,18,30H,6,11-13H2,1-5H3,(H2,23,25,26,27)/t18-/m1/s1",BIUMRCHVHRBUEU-GOSISDBHSA-N,,DDB1,Q16531,,,,,,,,,10.1038/s41589-023-01409-z
1792,1589,DS37,CC[C@H](CO)NC1=NC(NCCC2CC2)=C2N=CN(C(C)C)C2=N1,"InChI=1S/C17H28N6O/c1-4-13(9-24)20-17-21-15(18-8-7-12-5-6-12)14-16(22-17)23(10-19-14)11(2)3/h10-13,24H,4-9H2,1-3H3,(H2,18,20,21,22)/t13-/m1/s1",VMOKEQKQFWUTBY-CYBMUJFWSA-N,,DDB1,Q16531,,,,,,,,,10.1038/s41589-023-01409-z
1793,1590,DS33,CC[C@H](CO)NC1=NC(NCCCC2CCCC2)=C2N=CN(C(C)C)C2=N1,"InChI=1S/C20H34N6O/c1-4-16(12-27)23-20-24-18(21-11-7-10-15-8-5-6-9-15)17-19(25-20)26(13-22-17)14(2)3/h13-16,27H,4-12H2,1-3H3,(H2,21,23,24,25)/t16-/m1/s1",MUUYNLRINFEBRS-MRXNPFEDSA-N,CDK12-CCNK,DDB1,Q16531,,TR-FRET,,,,,,,10.1038/s41589-023-01409-z
1794,1591,DS32,CC[C@H](CO)NC1=NC(NCCCC2CCCCC2)=C2N=CN(C(C)C)C2=N1,"InChI=1S/C21H36N6O/c1-4-17(13-28)24-21-25-19(18-20(26-21)27(14-23-18)15(2)3)22-12-8-11-16-9-6-5-7-10-16/h14-17,28H,4-13H2,1-3H3,(H2,22,24,25,26)/t17-/m1/s1",KGVLTKVGMBVELD-QGZVFWFLSA-N,CDK12-CCNK,DDB1,Q16531,,TR-FRET,,,,,,,10.1038/s41589-023-01409-z
1795,1592,DS38,CC[C@H](CO)NC1=NC(NCCC2CCCCCCC2)=C2N=CN(C(C)C)C2=N1,"InChI=1S/C22H38N6O/c1-4-18(14-29)25-22-26-20(19-21(27-22)28(15-24-19)16(2)3)23-13-12-17-10-8-6-5-7-9-11-17/h15-18,29H,4-14H2,1-3H3,(H2,23,25,26,27)/t18-/m1/s1",AGPBTTVFQYIENC-GOSISDBHSA-N,CDK12-CCNK,DDB1,Q16531,,TR-FRET,,,,,,,10.1038/s41589-023-01409-z
1796,1593,DS12,CC[C@H](CO)NC1=NC(NCC2CCCCC2)=C2N=CN(C(C)C)C2=N1,"InChI=1S/C19H32N6O/c1-4-15(11-26)22-19-23-17(20-10-14-8-6-5-7-9-14)16-18(24-19)25(12-21-16)13(2)3/h12-15,26H,4-11H2,1-3H3,(H2,20,22,23,24)/t15-/m1/s1",ISKQJAZIOLAANN-OAHLLOKOSA-N,CDK12-CCNK,DDB1,Q16531,,TR-FRET,,,,,,,10.1038/s41589-023-01409-z
1797,1594,DS53,CC[C@H](CO)NC1=NC(NCC2=CC=C(C3=CC=NC=C3)N=C2)=C2N=CN(C(C)C)C2=N1,"InChI=1S/C23H28N8O/c1-4-18(13-32)28-23-29-21(20-22(30-23)31(14-27-20)15(2)3)26-12-16-5-6-19(25-11-16)17-7-9-24-10-8-17/h5-11,14-15,18,32H,4,12-13H2,1-3H3,(H2,26,28,29,30)/t18-/m1/s1",NPMNSMOOUPMFMV-GOSISDBHSA-N,CDK12-CCNK,DDB1,Q16531,,TR-FRET,,,,,,,10.1038/s41589-023-01409-z
1798,208,DS44,CC[C@H](CO)NC1=NC(NCC2=CC=C(C3=CC=NC=C3)C=C2)=C2N=CN(C(C)C)C2=N1,"InChI=1S/C24H29N7O/c1-4-20(14-32)28-24-29-22(21-23(30-24)31(15-27-21)16(2)3)26-13-17-5-7-18(8-6-17)19-9-11-25-12-10-19/h5-12,15-16,20,32H,4,13-14H2,1-3H3,(H2,26,28,29,30)/t20-/m1/s1",UQRBOMYWGJFNEB-HXUWFJFHSA-N,CDK12-CCNK,DDB1,Q16531,,TR-FRET,,,,,,,10.1038/s41589-023-01409-z
1799,206,DS45,CC[C@H](CO)NC1=NC(NCC2=CC=C(C3=CC=CN=C3)C=C2)=C2N=CN(C(C)C)C2=N1,"InChI=1S/C24H29N7O/c1-4-20(14-32)28-24-29-22(21-23(30-24)31(15-27-21)16(2)3)26-12-17-7-9-18(10-8-17)19-6-5-11-25-13-19/h5-11,13,15-16,20,32H,4,12,14H2,1-3H3,(H2,26,28,29,30)/t20-/m1/s1",AXLQKORZTHWACD-HXUWFJFHSA-N,CDK12-CCNK,DDB1,Q16531,,TR-FRET,,,,,,,10.1038/s41589-023-01409-z
1800,1597,WX3,CC[C@H](CO)NC1=NC(NCC2=CC=C(C3=CC=CC=N3)C(=O)N2)=C2N=CN(C(C)C)C2=N1,"InChI=1S/C23H28N8O2/c1-4-15(12-32)28-23-29-20(19-21(30-23)31(13-26-19)14(2)3)25-11-16-8-9-17(22(33)27-16)18-7-5-6-10-24-18/h5-10,13-15,32H,4,11-12H2,1-3H3,(H,27,33)(H2,25,28,29,30)/t15-/m1/s1",ZZMGLCCXIBNSGN-OAHLLOKOSA-N,CDK12-CCNK,DDB1,Q16531,,TR-FRET,,,,,,,10.1038/s41589-023-01409-z
1801,1598,DS24,CC[C@H](CO)NC1=NC(NCC2=CC=C(C3=CC=CC=N3)C(F)=C2)=C2N=CN(C(C)C)C2=N1,"InChI=1S/C24H28FN7O/c1-4-17(13-33)29-24-30-22(21-23(31-24)32(14-28-21)15(2)3)27-12-16-8-9-18(19(25)11-16)20-7-5-6-10-26-20/h5-11,14-15,17,33H,4,12-13H2,1-3H3,(H2,27,29,30,31)/t17-/m1/s1",DZJLJYVQLLFULK-QGZVFWFLSA-N,CDK12-CCNK,DDB1,Q16531,,TR-FRET,,,,,,,10.1038/s41589-023-01409-z
1802,1599,DS70,CC(C)N1C=NC2=C(NCC3=CC=C(C4=CC=CC=N4)C=C3)N=C(N3CCCC[C@H]3CCO)N=C21,"InChI=1S/C27H33N7O/c1-19(2)34-18-30-24-25(29-17-20-9-11-21(12-10-20)23-8-3-5-14-28-23)31-27(32-26(24)34)33-15-6-4-7-22(33)13-16-35/h3,5,8-12,14,18-19,22,35H,4,6-7,13,15-17H2,1-2H3,(H,29,31,32)/t22-/m0/s1",BMTQXXRDGKDPNW-QFIPXVFZSA-N,CDK12-CCNK,DDB1,Q16531,,TR-FRET,,,,,,,10.1038/s41589-023-01409-z
1803,1600,DS28(S-CR8),CC(C)N1C=NC2=C(NCC3=CC=C(C4=CC=CC=N4)C=C3)N=C(N[C@@H](CC)CO)N=C21,"InChI=1S/C24H29N7O/c1-4-19(14-32)28-24-29-22(21-23(30-24)31(15-27-21)16(2)3)26-13-17-8-10-18(11-9-17)20-7-5-6-12-25-20/h5-12,15-16,19,32H,4,13-14H2,1-3H3,(H2,26,28,29,30)/t19-/m0/s1",HOCBJBNQIQQQGT-IBGZPJMESA-N,CDK12-CCNK,DDB1,Q16531,,TR-FRET,,,,,,,10.1038/s41589-023-01409-z
1804,1601,DS48,CC(C)N1C=NC2=C(NCC3=CC=C(C4=CC=CC=N4)C=C3)N=C(NCC3=C(Cl)C=NC=C3Cl)N=C21,"InChI=1S/C26H24Cl2N8/c1-16(2)36-15-33-23-24(31-11-17-6-8-18(9-7-17)22-5-3-4-10-30-22)34-26(35-25(23)36)32-12-19-20(27)13-29-14-21(19)28/h3-10,13-16H,11-12H2,1-2H3,(H2,31,32,34,35)",YENZFYNZBFLBNQ-UHFFFAOYSA-N,CDK12-CCNK,DDB1,Q16531,,TR-FRET,,,,,,,10.1038/s41589-023-01409-z
1805,1602,DS52,CC(C)N1C=NC2=C(NCC3=CC=C(C4=CC=CC=N4)C=C3)N=C(NCCC3=CNN=C3)N=C21,"InChI=1S/C25H27N9/c1-17(2)34-16-29-22-23(32-25(33-24(22)34)27-12-10-19-14-30-31-15-19)28-13-18-6-8-20(9-7-18)21-5-3-4-11-26-21/h3-9,11,14-17H,10,12-13H2,1-2H3,(H,30,31)(H2,27,28,32,33)",ZPVLGUHALYPMCR-UHFFFAOYSA-N,CDK12-CCNK,DDB1,Q16531,,TR-FRET,,,,,,,10.1038/s41589-023-01409-z
1806,1603,DS59,CC(C)N1C=NC2=C(NCC3=CC=C(C4=CC=CC=N4)C=C3)N=C(NCC3=C(S(N)(=O)=O)C(C)=NN3C)N=C21,"InChI=1S/C26H30N10O2S/c1-16(2)36-15-31-22-24(29-13-18-8-10-19(11-9-18)20-7-5-6-12-28-20)32-26(33-25(22)36)30-14-21-23(39(27,37)38)17(3)34-35(21)4/h5-12,15-16H,13-14H2,1-4H3,(H2,27,37,38)(H2,29,30,32,33)",DCNMIIRVWOSZDG-UHFFFAOYSA-N,CDK12-CCNK,DDB1,Q16531,,TR-FRET,,,,,,,10.1038/s41589-023-01409-z
1807,1604,DS51,CC(C)N1C=NC2=C(NCC3=CC=C(C4=CC=CC=N4)C=C3)N=C(NCCCCCC(=O)N[C@H]3O[C@H](CO)[C@@H](O)[C@H](O)[C@H]3O)N=C21,"InChI=1S/C32H42N8O6/c1-19(2)40-18-36-25-29(35-16-20-10-12-21(13-11-20)22-8-5-7-14-33-22)38-32(39-30(25)40)34-15-6-3-4-9-24(42)37-31-28(45)27(44)26(43)23(17-41)46-31/h5,7-8,10-14,18-19,23,26-28,31,41,43-45H,3-4,6,9,15-17H2,1-2H3,(H,37,42)(H2,34,35,38,39)/t23-,26-,27+,28-,31+/m1/s1",OYVSPKVCCMVGLP-BGXVWEPQSA-N,CDK12-CCNK,DDB1,Q16531,,TR-FRET,,,,,,,10.1038/s41589-023-01409-z
1808,1605,DS58,CC(C)N1C=NC2=C(NCC3=CC=C(C4=CC=CC=N4)C=C3)N=C(N(CC3=CC=C(OCC4=CC=CC=C4)C=C3)CC3=NN=CN3)N=C21,"InChI=1S/C37H36N10O/c1-26(2)47-25-41-34-35(39-20-27-11-15-30(16-12-27)32-10-6-7-19-38-32)43-37(44-36(34)47)46(22-33-40-24-42-45-33)21-28-13-17-31(18-14-28)48-23-29-8-4-3-5-9-29/h3-19,24-26H,20-23H2,1-2H3,(H,39,43,44)(H,40,42,45)",OJCJKFBTXCLERR-UHFFFAOYSA-N,CDK12-CCNK,DDB1,Q16531,,TR-FRET,,,,,,,10.1038/s41589-023-01409-z
1809,1606,DS50,CC(C)N1C=NC2=C(NCC3=CC=C(C4=CC=CC=N4)C=C3)N=C(NCC(=O)NCCC3=CC=CC=C3OC)N=C21,"InChI=1S/C31H34N8O2/c1-21(2)39-20-36-28-29(34-18-22-11-13-23(14-12-22)25-9-6-7-16-32-25)37-31(38-30(28)39)35-19-27(40)33-17-15-24-8-4-5-10-26(24)41-3/h4-14,16,20-21H,15,17-19H2,1-3H3,(H,33,40)(H2,34,35,37,38)",FAZBCDJEMSESAO-UHFFFAOYSA-N,CDK12-CCNK,DDB1,Q16531,,TR-FRET,,,,,,,10.1038/s41589-023-01409-z
1810,1607,DS47,CC(C)N1C=NC2=C(NCC3=CC=C(C4=CC=CC=N4)C=C3)N=C(N[C@H](C(=O)N[C@@H](CCCNC(N)=O)C(=O)NC3=CC=C(CO)C=C3)C(C)C)N=C21,"InChI=1S/C38H47N11O4/c1-23(2)31(36(52)45-30(9-7-19-41-37(39)53)35(51)44-28-16-12-26(21-50)13-17-28)46-38-47-33(32-34(48-38)49(22-43-32)24(3)4)42-20-25-10-14-27(15-11-25)29-8-5-6-18-40-29/h5-6,8,10-18,22-24,30-31,50H,7,9,19-21H2,1-4H3,(H,44,51)(H,45,52)(H3,39,41,53)(H2,42,46,47,48)/t30-,31-/m0/s1",LVVKHGPMCAECNF-CONSDPRKSA-N,CDK12-CCNK,DDB1,Q16531,,TR-FRET,,,,,,,10.1038/s41589-023-01409-z
1811,1608,DRF053,CC[C@@H](NC1=NC(NC2=CC=C(C=C2)C3=CC=CC=N3)=C4N=CN(C4=N1)C(C)C)CO,"InChI=1S/C23H27N7O/c1-4-17(13-31)27-23-28-21(20-22(29-23)30(14-25-20)15(2)3)26-18-10-8-16(9-11-18)19-7-5-6-12-24-19/h5-12,14-15,17,31H,4,13H2,1-3H3,(H2,26,27,28,29)/t17-/m1/s1",CWYPIRLIVVXCBY-QGZVFWFLSA-N,CDK12-CCNK,DDB1,Q16531,,TR-FRET,,,,,,,10.1038/s41589-023-01409-z
1812,1609,DS55,CN1C=C(N2C=NC3=C(NCC4=NC5=CC=CC=C5N4)N=C(N4CCOCC4)N=C32)C=N1,"InChI=1S/C21H22N10O/c1-29-12-14(10-24-29)31-13-23-18-19(22-11-17-25-15-4-2-3-5-16(15)26-17)27-21(28-20(18)31)30-6-8-32-9-7-30/h2-5,10,12-13H,6-9,11H2,1H3,(H,25,26)(H,22,27,28)",JFGZKHLBVCENSW-UHFFFAOYSA-N,CDK12-CCNK,DDB1,Q16531,,TR-FRET,,,,,,,10.1038/s41589-023-01409-z
1813,1610,DS57,CN1C=C(N2C=NC3=C(NCC4=NC5=CC(Cl)=C(Cl)C=C5N4)N=C(NCCC4=CNN=C4)N=C32)C=N1,"InChI=1S/C22H20Cl2N12/c1-35-10-13(8-30-35)36-11-27-19-20(26-9-18-31-16-4-14(23)15(24)5-17(16)32-18)33-22(34-21(19)36)25-3-2-12-6-28-29-7-12/h4-8,10-11H,2-3,9H2,1H3,(H,28,29)(H,31,32)(H2,25,26,33,34)",DKIVKUGXNDYWCX-UHFFFAOYSA-N,CDK12-CCNK,DDB1,Q16531,,TR-FRET,,,,,,,10.1038/s41589-023-01409-z
1814,1611,DS54,CN1C=C(N2C=NC3=C(NCC4=NC5=CC(O)=CC=C5N4)N=C(N4CCOCC4)N=C32)C=N1,"InChI=1S/C21H22N10O2/c1-29-11-13(9-24-29)31-12-23-18-19(27-21(28-20(18)31)30-4-6-33-7-5-30)22-10-17-25-15-3-2-14(32)8-16(15)26-17/h2-3,8-9,11-12,32H,4-7,10H2,1H3,(H,25,26)(H,22,27,28)",GZMVERBWGFNOMK-UHFFFAOYSA-N,CDK12-CCNK,DDB1,Q16531,,TR-FRET,,,,,,,10.1038/s41589-023-01409-z
1815,1612,DS56,CN1C=C(N2C=NC3=C(NCC4=CC5=CC=CC=C5N4)N=C(N4CCOCC4)N=C32)C=N1,"InChI=1S/C22H23N9O/c1-29-13-17(12-25-29)31-14-24-19-20(23-11-16-10-15-4-2-3-5-18(15)26-16)27-22(28-21(19)31)30-6-8-32-9-7-30/h2-5,10,12-14,26H,6-9,11H2,1H3,(H,23,27,28)",PLRLOVBJWXQYFG-UHFFFAOYSA-N,CDK12-CCNK,DDB1,Q16531,,TR-FRET,,,,,,,10.1038/s41589-023-01409-z
1816,1613,DS72,BrC1=C2N=C(N3CCOCC3)N=C(NCC3=NC4=C(F)C(F)=CC=C4N3)N2N=C1,"InChI=1S/C17H15BrF2N8O/c18-9-7-22-28-15(9)25-17(27-3-5-29-6-4-27)26-16(28)21-8-12-23-11-2-1-10(19)13(20)14(11)24-12/h1-2,7H,3-6,8H2,(H,23,24)(H,21,25,26)",OQEZGFYMQUIYPA-UHFFFAOYSA-N,CDK12-CCNK,DDB1,Q16531,,TR-FRET,,,,,,,10.1038/s41589-023-01409-z
1817,1614,DS73,BrC1=C2N=C(N3CCN(C)CC3)N=C(NCC3=NC4=CC(C)=C(C)C=C4N3)N2N=C1,"InChI=1S/C20H24BrN9/c1-12-8-15-16(9-13(12)2)25-17(24-15)11-22-19-27-20(29-6-4-28(3)5-7-29)26-18-14(21)10-23-30(18)19/h8-10H,4-7,11H2,1-3H3,(H,24,25)(H,22,26,27)",PGDRKKXMPSPTSV-UHFFFAOYSA-N,CDK12-CCNK,DDB1,Q16531,,TR-FRET,,,,,,,10.1038/s41589-023-01409-z
1818,1615,DS74,ClC1=CC2=C(C=C1Cl)NC(CNC1=NC(N3CCOCC3)=NC3=C(C4=CN(C)N=C4)C=NN13)=N2,"InChI=1S/C21H20Cl2N10O/c1-31-11-12(8-25-31)13-9-26-33-19(13)29-21(32-2-4-34-5-3-32)30-20(33)24-10-18-27-16-6-14(22)15(23)7-17(16)28-18/h6-9,11H,2-5,10H2,1H3,(H,27,28)(H,24,29,30)",RSUMIRUUOWUKDK-UHFFFAOYSA-N,CDK12-CCNK,DDB1,Q16531,,TR-FRET,,,,,,,10.1038/s41589-023-01409-z
1819,1616,DS71,BrC1=C2N=C(N3CCN(C)CC3)N=C(NCC3=NC4=C(F)C(F)=CC=C4N3)N2N=C1,"InChI=1S/C18H18BrF2N9/c1-28-4-6-29(7-5-28)18-26-16-10(19)8-23-30(16)17(27-18)22-9-13-24-12-3-2-11(20)14(21)15(12)25-13/h2-3,8H,4-7,9H2,1H3,(H,24,25)(H,22,26,27)",PPZYKPKJVAUJRL-UHFFFAOYSA-N,CDK12-CCNK,DDB1,Q16531,,TR-FRET,,,,,,,10.1038/s41589-023-01409-z
1820,1617,DS64,FC1=CC=C2N=C(CNC3=NC(N[C@H](CC)CO)=NC4=C3N=CN4C(C)C)NC2=C1F,"InChI=1S/C20H24F2N8O/c1-4-11(8-31)25-20-28-18(17-19(29-20)30(9-24-17)10(2)3)23-7-14-26-13-6-5-12(21)15(22)16(13)27-14/h5-6,9-11,31H,4,7-8H2,1-3H3,(H,26,27)(H2,23,25,28,29)/t11-/m1/s1",DCTODZNTFHJKGP-LLVKDONJSA-N,CDK12-CCNK,DDB1,Q16531,,TR-FRET,,,,,,,10.1038/s41589-023-01409-z
1821,1618,DS13,CC(C)N1C=NC2=C(NCCOCCOCC)N=C(N[C@H](CC)CO)N=C21,"InChI=1S/C18H32N6O3/c1-5-14(11-25)21-18-22-16(19-7-8-27-10-9-26-6-2)15-17(23-18)24(12-20-15)13(3)4/h12-14,25H,5-11H2,1-4H3,(H2,19,21,22,23)/t14-/m1/s1",YNVUEOVQRIPSTC-CQSZACIVSA-N,CDK12-CCNK,DDB1,Q16531,,TR-FRET,,,,,,,10.1038/s41589-023-01409-z
1822,1619,DS14,CC(C)N1C=NC2=C(NCC3=CC=C4C=C(O)C=CC4=C3)N=C(N[C@H](CC)CO)N=C21,"InChI=1S/C23H28N6O2/c1-4-18(12-30)26-23-27-21(20-22(28-23)29(13-25-20)14(2)3)24-11-15-5-6-17-10-19(31)8-7-16(17)9-15/h5-10,13-14,18,30-31H,4,11-12H2,1-3H3,(H2,24,26,27,28)/t18-/m1/s1",PQLWBMQDMLTSGZ-GOSISDBHSA-N,CDK12-CCNK,DDB1,Q16531,,TR-FRET,,,,,,,10.1038/s41589-023-01409-z
1823,1620,DS40,CC(C)N1C=NC2=C(NCCOCC3=CC=CC=C3)N=C(N[C@H](CC)CO)N=C21,"InChI=1S/C21H30N6O2/c1-4-17(12-28)24-21-25-19(18-20(26-21)27(14-23-18)15(2)3)22-10-11-29-13-16-8-6-5-7-9-16/h5-9,14-15,17,28H,4,10-13H2,1-3H3,(H2,22,24,25,26)/t17-/m1/s1",SFVOIIZSWRCWQJ-QGZVFWFLSA-N,CDK12-CCNK,DDB1,Q16531,,TR-FRET,,,,,,,10.1038/s41589-023-01409-z
1824,1621,DS61,CC(C)N1C=NC2=C(NCC3=CC=C(OCCO)C=C3)N=C(N[C@H](CC)CO)N=C21,"InChI=1S/C21H30N6O3/c1-4-16(12-29)24-21-25-19(18-20(26-21)27(13-23-18)14(2)3)22-11-15-5-7-17(8-6-15)30-10-9-28/h5-8,13-14,16,28-29H,4,9-12H2,1-3H3,(H2,22,24,25,26)/t16-/m1/s1",AFLLXNOWMGJTAA-MRXNPFEDSA-N,CDK12-CCNK,DDB1,Q16531,,TR-FRET,,,,,,,10.1038/s41589-023-01409-z
1825,1622,DS62,OCCOC1=CC=C(CNC2=NC(N3CCOCC3)=NC3=C2N=CN3C2=CN(C)N=C2)C=C1,"InChI=1S/C22H26N8O3/c1-28-14-17(13-25-28)30-15-24-19-20(23-12-16-2-4-18(5-3-16)33-11-8-31)26-22(27-21(19)30)29-6-9-32-10-7-29/h2-5,13-15,31H,6-12H2,1H3,(H,23,26,27)",JXJRJIWLBNBTAV-UHFFFAOYSA-N,CDK12-CCNK,DDB1,Q16531,,TR-FRET,,,,,,,10.1038/s41589-023-01409-z
1826,1623,THZ531,CN(C)C/C=C/C(=O)NC1=CC=C(C(=O)N2CCC[C@@H](NC3=NC=C(Cl)C(C4=CNC5=CC=CC=C45)=N3)C2)C=C1,"InChI=1S/C30H32ClN7O2/c1-37(2)15-6-10-27(39)34-21-13-11-20(12-14-21)29(40)38-16-5-7-22(19-38)35-30-33-18-25(31)28(36-30)24-17-32-26-9-4-3-8-23(24)26/h3-4,6,8-14,17-18,22,32H,5,7,15-16,19H2,1-2H3,(H,34,39)(H,33,35,36)/b10-6+/t22-/m1/s1",RUBYHLPRZRMTJO-MOVYNIQHSA-N,,DDB1,Q16531,,,,,,,,,10.1038/s41589-023-01409-z
1827,1624,Dinaciclib,CCC1=C2N=C(N3CCCC[C@H]3CCO)C=C(NCC3=CC=C[N+]([O-])=C3)N2N=C1,"InChI=1S/C21H28N6O2/c1-2-17-14-23-27-19(22-13-16-6-5-9-25(29)15-16)12-20(24-21(17)27)26-10-4-3-7-18(26)8-11-28/h5-6,9,12,14-15,18,22,28H,2-4,7-8,10-11,13H2,1H3/t18-/m0/s1",PIMQWRZWLQKKBJ-SFHVURJKSA-N,,DDB1,Q16531,,,,,,,,,10.1038/s41589-023-01409-z
1828,1625,GSK2250665A,CCC1=CC=C2N=C(NC3=CC(CC4=CC=CC=C4)=NC(N[C@H]4CC[C@H](O)CC4)=N3)SC2=C1,"InChI=1S/C26H29N5OS/c1-2-17-8-13-22-23(15-17)33-26(29-22)31-24-16-20(14-18-6-4-3-5-7-18)28-25(30-24)27-19-9-11-21(32)12-10-19/h3-8,13,15-16,19,21,32H,2,9-12,14H2,1H3,(H2,27,28,29,30,31)/t19-,21-",DPRNXTSMYVCYLJ-XUTJKUGGSA-N,,DDB1,Q16531,,,,,,,,,10.1038/s41589-023-01409-z
1829,1626,Danusertib,CO[C@@H](C(=O)N1CC2=C(C1)C(NC(=O)C1=CC=C(N3CCN(C)CC3)C=C1)=NN2)C1=CC=CC=C1,"InChI=1S/C26H30N6O3/c1-30-12-14-31(15-13-30)20-10-8-19(9-11-20)25(33)27-24-21-16-32(17-22(21)28-29-24)26(34)23(35-2)18-6-4-3-5-7-18/h3-11,23H,12-17H2,1-2H3,(H2,27,28,29,33)/t23-/m1/s1",XKFTZKGMDDZMJI-HSZRJFAPSA-N,,DDB1,Q16531,,,,,,,,,10.1038/s41589-023-01409-z
1830,1627,NVP2,COC[C@@H](C)N[C@H]1CC[C@H](NC2=CC(C3=CC=CC(NCC4(C#N)CCOCC4)=N3)=C(Cl)C=N2)CC1,"InChI=1S/C27H37ClN6O2/c1-19(16-35-2)32-20-6-8-21(9-7-20)33-26-14-22(23(28)15-30-26)24-4-3-5-25(34-24)31-18-27(17-29)10-12-36-13-11-27/h3-5,14-15,19-21,32H,6-13,16,18H2,1-2H3,(H,30,33)(H,31,34)/t19-,20-,21-/m1/s1",XWQVQSXLXAXOPJ-NJDAHSKKSA-N,CDK12-CCNK,DDB1,Q16531,,TR-FRET,,,,,,,10.1038/s41589-023-01409-z
1831,1628,Flavopiridol,CN1CC[C@H](C2=C(O)C=C(O)C3=C2OC(C2=CC=CC=C2Cl)=CC3=O)C(O)C1,"InChI=1S/C21H20ClNO5/c1-23-7-6-12(17(27)10-23)19-14(24)8-15(25)20-16(26)9-18(28-21(19)20)11-4-2-3-5-13(11)22/h2-5,8-9,12,17,24-25,27H,6-7,10H2,1H3/t12-,17?/m0/s1",BIIVYFLTOXDAOV-WHUIICBVSA-N,CDK12-CCNK,DDB1,Q16531,,TR-FRET,,,,,,,10.1038/s41589-023-01409-z
196,190,DS23,CC[C@H](CO)NC1=NC(NC)=C2N=CN(C(C)C)C2=N1,"InChI=1S/C13H22N6O/c1-5-9(6-20)16-13-17-11(14-4)10-12(18-13)19(7-15-10)8(2)3/h7-9,20H,5-6H2,1-4H3,(H2,14,16,17,18)/t9-/m1/s1",MJOAYIJIMDIEPY-SECBINFHSA-N,,DDB1,Q16531,,,,,,,,,10.1038/s41589-023-01409-z
209,203,DS16,CC[C@H](CO)NC1=NC(NCC2=CC=C(C3=CC=CC=C3)C=C2)=C2N=CN(C(C)C)C2=N1,"InChI=1S/C25H30N6O/c1-4-21(15-32)28-25-29-23(22-24(30-25)31(16-27-22)17(2)3)26-14-18-10-12-20(13-11-18)19-8-6-5-7-9-19/h5-13,16-17,21,32H,4,14-15H2,1-3H3,(H2,26,28,29,30)/t21-/m1/s1",BRJSFOFBYVFKCP-OAQYLSRUSA-N,CDK12–CCNK,DDB1,Q16531,,TR-FRET,,,,,,,10.1038/s41589-023-01409-z
211,204,CR8,CC[C@H](CO)NC1=NC(NCC2=CC=C(C3=CC=CC=N3)C=C2)=C2N=CN(C(C)C)C2=N1,"InChI=1S/C24H29N7O/c1-4-19(14-32)28-24-29-22(21-23(30-24)31(15-27-21)16(2)3)26-13-17-8-10-18(11-9-17)20-7-5-6-12-25-20/h5-12,15-16,19,32H,4,13-14H2,1-3H3,(H2,26,28,29,30)/t19-/m1/s1",HOCBJBNQIQQQGT-LJQANCHMSA-N,CDK12–CCNK,DDB1,Q16531,,TR-FRET,,,,,,,10.1038/s41589-023-01409-z
214,205,DS20,CC[C@H](CO)NC1=NC(NCC2=CC=C(C3=CC=CC=N3)C=C2)=C2N=CN(C3=CN(C)N=C3)C2=N1,"InChI=1S/C25H27N9O/c1-3-19(15-35)30-25-31-23(22-24(32-25)34(16-28-22)20-13-29-33(2)14-20)27-12-17-7-9-18(10-8-17)21-6-4-5-11-26-21/h4-11,13-14,16,19,35H,3,12,15H2,1-2H3,(H2,27,30,31,32)/t19-/m1/s1",CMKJPMLFJKPBRU-LJQANCHMSA-N,CDK12–CCNK,DDB1,Q16531,,TR-FRET,,,,,,,10.1038/s41589-023-01409-z
23,22,919278,C[C@H](C(=O)NC1=NC2=CC=CC=C2N1)N1CC2=CC=CC=C2C1=O,"InChI=1S/C18H16N4O2/c1-11(22-10-12-6-2-3-7-13(12)17(22)24)16(23)21-18-19-14-8-4-5-9-15(14)20-18/h2-9,11H,10H2,1H3,(H2,19,20,21,23)/t11-/m1/s1",PWSSISUOJZBZFT-LLVKDONJSA-N,CDK12–CCNK,DDB1,Q16531,,TR-FRET,,,,,,,10.1038/s41589-023-01409-z
233,224,DS08,CC[C@H](CO)NC1=NC(NCC2=CC=C3C=CC=CC3=C2)=C2N=CN(C(C)C)C2=N1,"InChI=1S/C23H28N6O/c1-4-19(13-30)26-23-27-21(20-22(28-23)29(14-25-20)15(2)3)24-12-16-9-10-17-7-5-6-8-18(17)11-16/h5-11,14-15,19,30H,4,12-13H2,1-3H3,(H2,24,26,27,28)/t19-/m1/s1",WKFFSBIHJSFZMR-LJQANCHMSA-N,CDK12–CCNK,DDB1,Q16531,,TR-FRET,,,,,,,10.1038/s41589-023-01409-z
234,225,Roscovitine,CC[C@H](CO)NC1=NC(NCC2=CC=CC=C2)=C2N=CN(C(C)C)C2=N1,"InChI=1S/C19H26N6O/c1-4-15(11-26)22-19-23-17(20-10-14-8-6-5-7-9-14)16-18(24-19)25(12-21-16)13(2)3/h5-9,12-13,15,26H,4,10-11H2,1-3H3,(H2,20,22,23,24)/t15-/m1/s1",BTIHMVBBUGXLCJ-OAHLLOKOSA-N,CDK12–CCNK,DDB1,Q16531,,TR-FRET,,,,,,,10.1038/s41589-023-01409-z
236,226,DS17,CC[C@H](CO)NC1=NC(NCC2=NC3=CC(Cl)=C(Cl)C=C3N2)=C2N=CN(C(C)C)C2=N1,"InChI=1S/C20H24Cl2N8O/c1-4-11(8-31)25-20-28-18(17-19(29-20)30(9-24-17)10(2)3)23-7-16-26-14-5-12(21)13(22)6-15(14)27-16/h5-6,9-11,31H,4,7-8H2,1-3H3,(H,26,27)(H2,23,25,28,29)/t11-/m1/s1",NIAQZRDKVVUEMV-LLVKDONJSA-N,CDK12–CCNK,DDB1,Q16531,,TR-FRET,,,,,,,10.1038/s41589-023-01409-z
237,227,DS22,CC[C@H](CO)NC1=NC(NCC2=NC3=CC(Cl)=C(Cl)C=C3N2)=C2N=CN(C3=CN(C)N=C3)C2=N1,"InChI=1S/C21H22Cl2N10O/c1-3-11(9-34)27-21-30-19(18-20(31-21)33(10-25-18)12-6-26-32(2)8-12)24-7-17-28-15-4-13(22)14(23)5-16(15)29-17/h4-6,8,10-11,34H,3,7,9H2,1-2H3,(H,28,29)(H2,24,27,30,31)/t11-/m1/s1",QUGBKWYKYATQSZ-LLVKDONJSA-N,CDK12–CCNK,DDB1,Q16531,,TR-FRET,,,,,,,10.1038/s41589-023-01409-z
238,228,DS11,CC[C@H](CO)NC1=NC(NCCCC2=CC=CC=C2)=C2N=CN(C(C)C)C2=N1,"InChI=1S/C21H30N6O/c1-4-17(13-28)24-21-25-19(18-20(26-21)27(14-23-18)15(2)3)22-12-8-11-16-9-6-5-7-10-16/h5-7,9-10,14-15,17,28H,4,8,11-13H2,1-3H3,(H2,22,24,25,26)/t17-/m1/s1",HXKIFNLNVMCGAG-QGZVFWFLSA-N,CDK12–CCNK,DDB1,Q16531,,TR-FRET,,,,,,,10.1038/s41589-023-01409-z
239,229,DS15,CC[C@H](CO)NC1=NC(NCCCCCC2=CC=CC3=CC=CC=C23)=C2N=CN(C(C)C)C2=N1,"InChI=1S/C27H36N6O/c1-4-22(17-34)30-27-31-25(24-26(32-27)33(18-29-24)19(2)3)28-16-9-5-6-11-20-13-10-14-21-12-7-8-15-23(20)21/h7-8,10,12-15,18-19,22,34H,4-6,9,11,16-17H2,1-3H3,(H2,28,30,31,32)/t22-/m1/s1",VMZLWLKLMRYJFQ-JOCHJYFZSA-N,CDK12–CCNK,DDB1,Q16531,,TR-FRET,,,,,,,10.1038/s41589-023-01409-z
338,318,dCeMM4,CC1=CC=C(C(=O)N2CSCC2C(=O)NC2=NC=C(C)S2)O1,"InChI=1S/C14H15N3O3S2/c1-8-3-4-11(20-8)13(19)17-7-21-6-10(17)12(18)16-14-15-5-9(2)22-14/h3-5,10H,6-7H2,1-2H3,(H,15,16,18)",BPWZJVKIVHVVHP-UHFFFAOYSA-N,CDK12–CCNK,DDB1,Q16531,,,,,,,,,10.1038/s41589-023-01409-z
408,377,HQ461,CC1=CC=CC(NC2=NC(CC(=O)NC3=NC=C(C)S3)=CS2)=N1,"InChI=1S/C15H15N5OS2/c1-9-4-3-5-12(17-9)19-15-18-11(8-22-15)6-13(21)20-14-16-7-10(2)23-14/h3-5,7-8H,6H2,1-2H3,(H,16,20,21)(H,17,18,19)",QMRBCNQCRMTXBE-UHFFFAOYSA-N,CDK12–CCNK,DDB1,Q16531,,TR-FRET,,,,,,,10.1038/s41589-023-01409-z
424,391,NCT02,CC1=CN=C(NC(=O)CC2=COC3=CC4=C(C=C23)CCC4)S1,"InChI=1S/C17H16N2O2S/c1-10-8-18-17(22-10)19-16(20)7-13-9-21-15-6-12-4-2-3-11(12)5-14(13)15/h5-6,8-9H,2-4,7H2,1H3,(H,18,19,20)",IELCYEUTXLYDOV-UHFFFAOYSA-N,,DDB1,Q16531,,,,,,,,,10.1038/s41589-023-01409-z
479,440,DS06,CCCCCCCCNC1=NC(N[C@H](CC)CO)=NC2=C1N=CN2C(C)C,"InChI=1S/C20H36N6O/c1-5-7-8-9-10-11-12-21-18-17-19(26(14-22-17)15(3)4)25-20(24-18)23-16(6-2)13-27/h14-16,27H,5-13H2,1-4H3,(H2,21,23,24,25)/t16-/m1/s1",PBCJJKFPGZLSLZ-MRXNPFEDSA-N,CDK12–CCNK,DDB1,Q16531,,TR-FRET,,,,,,,10.1038/s41589-023-01409-z
597,552,DS21,CN1C=C(N2C=NC3=C(NCC4=CC=C(C5=CC=CC=N5)C=C4)N=C(N4CCOCC4)N=C32)C=N1,"InChI=1S/C25H25N9O/c1-32-16-20(15-29-32)34-17-28-22-23(30-25(31-24(22)34)33-10-12-35-13-11-33)27-14-18-5-7-19(8-6-18)21-4-2-3-9-26-21/h2-9,15-17H,10-14H2,1H3,(H,27,30,31)",MQFPSSOXZJCSMW-UHFFFAOYSA-N,CDK12–CCNK,DDB1,Q16531,,TR-FRET,,,,,,,10.1038/s41589-023-01409-z
600,555,SR-4835,CN1C=C(N2C=NC3=C(NCC4=NC5=CC(Cl)=C(Cl)C=C5N4)N=C(N4CCOCC4)N=C32)C=N1,"InChI=1S/C21H20Cl2N10O/c1-31-10-12(8-26-31)33-11-25-18-19(29-21(30-20(18)33)32-2-4-34-5-3-32)24-9-17-27-15-6-13(22)14(23)7-16(15)28-17/h6-8,10-11H,2-5,9H2,1H3,(H,27,28)(H,24,29,30)",FSELUFUYNUNZKD-UHFFFAOYSA-N,CDK12–CCNK,DDB1,Q16531,,TR-FRET,,,,,,,10.1038/s41589-023-01409-z
714,661,Z11,COC1=CC=C(C)C=C1N1C[C@H](C(=O)NC2=NC3=CC=CC=C3N2)CC1=O,"InChI=1S/C20H20N4O3/c1-12-7-8-17(27-2)16(9-12)24-11-13(10-18(24)25)19(26)23-20-21-14-5-3-4-6-15(14)22-20/h3-9,13H,10-11H2,1-2H3,(H2,21,22,23,26)/t13-/m0/s1",XSNQFQPVHIAZMA-ZDUSSCGKSA-N,CDK12–CCNK,DDB1,Q16531,,TR-FRET,,,,,,,10.1038/s41589-023-01409-z
793,736,Z12,COC1=CC2=C(C=C1OC)C(=O)NC(CN1CCC3=C(C=CS3)C1)=N2,"InChI=1S/C18H19N3O3S/c1-23-14-7-12-13(8-15(14)24-2)19-17(20-18(12)22)10-21-5-3-16-11(9-21)4-6-25-16/h4,6-8H,3,5,9-10H2,1-2H3,(H,19,20,22)",OKUZLQSVACVDFQ-UHFFFAOYSA-N,CDK12–CCNK,DDB1,Q16531,,,,,,,,,10.1038/s41589-023-01409-z
95,89,SNS032,CC(C)(C)C1=CN=C(CSC2=CN=C(NC(=O)C3CCNCC3)S2)O1,"InChI=1S/C17H24N4O2S2/c1-17(2,3)12-8-19-13(23-12)10-24-14-9-20-16(25-14)21-15(22)11-4-6-18-7-5-11/h8-9,11,18H,4-7,10H2,1-3H3,(H,20,21,22)",OUSFTKFNBAZUKL-UHFFFAOYSA-N,,DDB1,Q16531,,,,,,,,,10.1038/s41589-023-01409-z
990,861,Z7,O=C(CCN1C=NC2=CC=CC=C2C1=O)NC1=CC=C(Br)C=N1,"InChI=1S/C16H13BrN4O2/c17-11-5-6-14(18-9-11)20-15(22)7-8-21-10-19-13-4-2-1-3-12(13)16(21)23/h1-6,9-10H,7-8H2,(H,18,20,22)",FGODKUDXJWXULG-UHFFFAOYSA-N,CDK12–CCNK,DDB1,Q16531,,TR-FRET,,,,,,,10.1038/s41589-023-01409-z
280,266,TMX-1,CC1=C(C)C2=C(S1)N1C(C)=NN=C1[C@H](CC(=O)OC(C)(C)C)N=C2C1=CC=C(/C=C/C=O)C=C1,"InChI=1S/C26H28N4O3S/c1-15-16(2)34-25-22(15)23(19-11-9-18(10-12-19)8-7-13-31)27-20(14-21(32)33-26(4,5)6)24-29-28-17(3)30(24)25/h7-13,20H,14H2,1-6H3/b8-7+/t20-/m0/s1",SJISOGWQGIVAGX-DUIUGDAFSA-N,BRD4,DCAF16,Q9NXF7,,,,,,,,,10.1038/s41589-024-01668-4
283,268,GNE-0011,CC1=C(C)C2=C(S1)N1C(C)=NN=C1[C@H](CC(=O)OC(C)(C)C)N=C2C1=CC=C(C#CCN)C=C1,"InChI=1S/C26H29N5O2S/c1-15-16(2)34-25-22(15)23(19-11-9-18(10-12-19)8-7-13-27)28-20(14-21(32)33-26(4,5)6)24-30-29-17(3)31(24)25/h9-12,20H,13-14,27H2,1-6H3/t20-/m0/s1",PMSPBUOYDPYDPF-FQEVSTJZSA-N,BRD4,DCAF16,Q9NXF7,,,,,,,,,10.1038/s41589-024-01668-4
38,35,MMH1,C=CC(=O)NC1=CC=C(C2=N[C@@H](CC(=O)OC(C)(C)C)C3=NN=C(C)N3C3=C2C(C)=C(C)S3)C=C1,"InChI=1S/C26H29N5O3S/c1-8-20(32)27-18-11-9-17(10-12-18)23-22-14(2)15(3)35-25(22)31-16(4)29-30-24(31)19(28-23)13-21(33)34-26(5,6)7/h8-12,19H,1,13H2,2-7H3,(H,27,32)/t19-/m0/s1",AEEGEVCKDJFBRN-IBGZPJMESA-N,BRD4,DCAF16,Q9NXF7,,,~ 1,nM,16,,,,10.1038/s41589-024-01668-4
44,39,MMH2,C=CS(=O)(=O)NC1=CC=C(C2=N[C@@H](CC(=O)OC(C)(C)C)C3=NN=C(C)N3C3=C2C(C)=C(C)S3)C=C1,"InChI=1S/C25H29N5O4S2/c1-8-36(32,33)29-18-11-9-17(10-12-18)22-21-14(2)15(3)35-24(21)30-16(4)27-28-23(30)19(26-22)13-20(31)34-25(5,6)7/h8-12,19,29H,1,13H2,2-7H3/t19-/m0/s1",FZRRESXAODIMQN-IBGZPJMESA-N,BRD4,DCAF16,Q9NXF7,,,~ 1,nM,16,,,,10.1038/s41589-024-01668-4
467,428,MMH1-NR,CCC(=O)NC1=CC=C(C2=N[C@@H](CC(=O)OC(C)(C)C)C3=NN=C(C)N3C3=C2C(C)=C(C)S3)C=C1,"InChI=1S/C26H31N5O3S/c1-8-20(32)27-18-11-9-17(10-12-18)23-22-14(2)15(3)35-25(22)31-16(4)29-30-24(31)19(28-23)13-21(33)34-26(5,6)7/h9-12,19H,8,13H2,1-7H3,(H,27,32)/t19-/m0/s1",GNAFUNRWKRPKPL-IBGZPJMESA-N,BRD4,DCAF16,Q9NXF7,,,~ 1,nM,16,,,,10.1038/s41589-024-01668-4
546,504,MMH2-NR,CCS(=O)(=O)NC1=CC=C(C2=N[C@@H](CC(=O)OC(C)(C)C)C3=NN=C(C)N3C3=C2C(C)=C(C)S3)C=C1,"InChI=1S/C25H31N5O4S2/c1-8-36(32,33)29-18-11-9-17(10-12-18)22-21-14(2)15(3)35-24(21)30-16(4)27-28-23(30)19(26-22)13-20(31)34-25(5,6)7/h9-12,19,29H,8,13H2,1-7H3/t19-/m0/s1",XORZMCOMRGZMHU-IBGZPJMESA-N,,DCAF16,Q9NXF7,,,,,,,,,10.1038/s41589-024-01668-4
1518,1317,(S)-Thalidomide,O=C1CC[C@H](N2C(=O)C3=CC=CC=C3C2=O)C(=O)N1,"InChI=1S/C13H10N2O4/c16-10-6-5-9(11(17)14-10)15-12(18)7-3-1-2-4-8(7)13(15)19/h1-4,9H,5-6H2,(H,14,16,17)/t9-/m0/s1",UEJJHQNACJXSKW-VIFPVBQESA-N,,CRBN,Q8C7D2,,,,,,,,,10.1038/s41598-018-19202-7
1520,1318,(R)-Thalidomide,O=C1CC[C@@H](N2C(=O)C3=CC=CC=C3C2=O)C(=O)N1,"InChI=1S/C13H10N2O4/c16-10-6-5-9(11(17)14-10)15-12(18)7-3-1-2-4-8(7)13(15)19/h1-4,9H,5-6H2,(H,14,16,17)/t9-/m1/s1",UEJJHQNACJXSKW-SECBINFHSA-N,,CRBN,Q8C7D2,,,,,,,,,10.1038/s41598-018-19202-7
1345,1158,CC-220,O=C1CCC(N2CC3=C(OCC4=CC=C(CN5CCOCC5)C=C4)C=CC=C3C2=O)C(=O)N1,"InChI=1S/C25H27N3O5/c29-23-9-8-21(24(30)26-23)28-15-20-19(25(28)31)2-1-3-22(20)33-16-18-6-4-17(5-7-18)14-27-10-12-32-13-11-27/h1-7,21H,8-16H2,(H,26,29,30)",IXZOHGPZAQLIBH-UHFFFAOYSA-N,SALL4,CRBN,Q96SW2,,,,,,,,,10.1038/s41598-023-48606-3
914,825,Pomalidomide,NC1=CC=CC2=C1C(=O)N(C1CCC(=O)NC1=O)C2=O,"InChI=1S/C13H11N3O4/c14-7-3-1-2-6-10(7)13(20)16(12(6)19)8-4-5-9(17)15-11(8)18/h1-3,8H,4-5,14H2,(H,15,17,18)",UVSMNLNDYGZFPF-UHFFFAOYSA-N,SALL4,CRBN,Q96SW2,,,,,,,,,10.1038/s41598-023-48606-3
1195,1041,Thalidomide,O=C1CCC(N2C(=O)C3=CC=CC=C3C2=O)C(=O)N1,"InChI=1S/C13H10N2O4/c16-10-6-5-9(11(17)14-10)15-12(18)7-3-1-2-4-8(7)13(15)19/h1-4,9H,5-6H2,(H,14,16,17)",UEJJHQNACJXSKW-UHFFFAOYSA-N,,CRBN,Q96SW2,,,,,,,,,10.1038/s42003-020-01240-5
904,825,Pomalidomide,NC1=CC=CC2=C1C(=O)N(C1CCC(=O)NC1=O)C2=O,"InChI=1S/C13H11N3O4/c14-7-3-1-2-6-10(7)13(20)16(12(6)19)8-4-5-9(17)15-11(8)18/h1-3,8H,4-5,14H2,(H,15,17,18)",UVSMNLNDYGZFPF-UHFFFAOYSA-N,,CRBN,Q96SW2,,,,,,,,,10.1038/s42003-020-01240-5
931,828,Lenalidomide,NC1=CC=CC2=C1CN(C1CCC(=O)NC1=O)C2=O,"InChI=1S/C13H13N3O3/c14-9-3-1-2-7-8(9)6-16(13(7)19)10-4-5-11(17)15-12(10)18/h1-3,10H,4-6,14H2,(H,15,17,18)",GOTYRUGSSMKFNF-UHFFFAOYSA-N,,CRBN,Q96SW2,,,,,,,,,10.1038/s42003-020-01240-5
920,825,Pomalidomide,NC1=CC=CC2=C1C(=O)N(C1CCC(=O)NC1=O)C2=O,"InChI=1S/C13H11N3O4/c14-7-3-1-2-6-10(7)13(20)16(12(6)19)8-4-5-9(17)15-11(8)18/h1-3,8H,4-5,14H2,(H,15,17,18)",UVSMNLNDYGZFPF-UHFFFAOYSA-N,PLZF,CRBN,Q96SW2,,,<100,nM,,,,,10.1038/s42003-021-02801-y
1684,1481,S656,CN(C)C1=CC=C(CC(=O)NC2=NC=C(SCC3=CC=CN=C3)S2)C=C1,"InChI=1S/C19H20N4OS2/c1-23(2)16-7-5-14(6-8-16)10-17(24)22-19-21-12-18(26-19)25-13-15-4-3-9-20-11-15/h3-9,11-12H,10,13H2,1-2H3,(H,21,22,24)",LDDFEYPHVJLXIL-UHFFFAOYSA-N,CDK12-CCNK,DDB1,Q16531,,,,,,,,,10.1038/s44319-025-00448-y
1685,1482,UOM-005845,CN(C)C1=CC=C(C(=O)NC2=NC=C(SCC3=CC=CN=C3)S2)C=C1,"InChI=1S/C18H18N4OS2/c1-22(2)15-7-5-14(6-8-15)17(23)21-18-20-11-16(25-18)24-12-13-4-3-9-19-10-13/h3-11H,12H2,1-2H3,(H,20,21,23)",INKVHBAUKUYTPB-UHFFFAOYSA-N,,DDB1,Q16531,,,,,,,,,10.1038/s44319-025-00448-y
1686,1483,UOM-005628,CN(C)C1=CC=C(CC(=O)NC2=NN=C(SCC3=CC=CN=C3)S2)C=C1,"InChI=1S/C18H19N5OS2/c1-23(2)15-7-5-13(6-8-15)10-16(24)20-17-21-22-18(26-17)25-12-14-4-3-9-19-11-14/h3-9,11H,10,12H2,1-2H3,(H,20,21,24)",WENUFXDBNYGNDT-UHFFFAOYSA-N,,DDB1,Q16531,,,,,,,,,10.1038/s44319-025-00448-y
1687,1484,UOM-005839,CN(CCOCCOCCN)C1=CC=C(CC(=O)NC2=NN=C(SCC3=CC=CN=C3)S2)C=C1,"InChI=1S/C23H30N6O3S2/c1-29(10-12-32-14-13-31-11-8-24)20-6-4-18(5-7-20)15-21(30)26-22-27-28-23(34-22)33-17-19-3-2-9-25-16-19/h2-7,9,16H,8,10-15,17,24H2,1H3,(H,26,27,30)",LCLLMUQLYXIOMU-UHFFFAOYSA-N,,DDB1,Q16531,,,,,,,,,10.1038/s44319-025-00448-y
1688,1485,UOM-005608,O=C(CC1=CC=C(N2CCCC2)C=C1)NC1=NC=C(SCC2=CC=CN=C2)S1,"InChI=1S/C21H22N4OS2/c26-19(12-16-5-7-18(8-6-16)25-10-1-2-11-25)24-21-23-14-20(28-21)27-15-17-4-3-9-22-13-17/h3-9,13-14H,1-2,10-12,15H2,(H,23,24,26)",LFVLSZPWZWLJLJ-UHFFFAOYSA-N,CDK12-CCNK,DDB1,Q16531,,,,,,,,,10.1038/s44319-025-00448-y
1689,1486,UOM-005636,O=C(CC1=CC=C(C2=CC=CC=N2)C=C1)NC1=NC=C(SCC2=CC=CN=C2)S1,"InChI=1S/C22H18N4OS2/c27-20(12-16-6-8-18(9-7-16)19-5-1-2-11-24-19)26-22-25-14-21(29-22)28-15-17-4-3-10-23-13-17/h1-11,13-14H,12,15H2,(H,25,26,27)",NTMPKXHFZBYRAS-UHFFFAOYSA-N,CDK12-CCNK,DDB1,Q16531,,,,,,,,,10.1038/s44319-025-00448-y
1690,1487,UOM-005428,O=C(CC1=CC=C2C=CC=CC2=C1)NC1=NC=C(SCC2=CC=CN=C2)S1,"InChI=1S/C21H17N3OS2/c25-19(11-15-7-8-17-5-1-2-6-18(17)10-15)24-21-23-13-20(27-21)26-14-16-4-3-9-22-12-16/h1-10,12-13H,11,14H2,(H,23,24,25)",YKQXMXCTAZWWMP-UHFFFAOYSA-N,CDK12-CCNK,DDB1,Q16531,,,,,,,,,10.1038/s44319-025-00448-y
1691,1488,UOM-005433,O=C(CC12CC3CC(CC(C3)C1)C2)NC1=NC=C(SCC2=CC=CN=C2)S1,"InChI=1S/C21H25N3OS2/c25-18(10-21-7-15-4-16(8-21)6-17(5-15)9-21)24-20-23-12-19(27-20)26-13-14-2-1-3-22-11-14/h1-3,11-12,15-17H,4-10,13H2,(H,23,24,25)",QLXYCWPLZTVMMV-UHFFFAOYSA-N,,DDB1,Q16531,,,,,,,,,10.1038/s44319-025-00448-y
1692,1489,UOM-005603,CN(C)C1=CC=C(CC(=O)NC2=NC3=CC=CC=C3N2)C=C1,"InChI=1S/C17H18N4O/c1-21(2)13-9-7-12(8-10-13)11-16(22)20-17-18-14-5-3-4-6-15(14)19-17/h3-10H,11H2,1-2H3,(H2,18,19,20,22)",PKKDJXVTQNBZJX-UHFFFAOYSA-N,,DDB1,Q16531,,,,,,,,,10.1038/s44319-025-00448-y
1693,1490,UOM-005606,O=C(CC1=CC=C(N2CCOCC2)C=C1)NC1=NC=C(SCC2=CC=CN=C2)S1,"InChI=1S/C21H22N4O2S2/c26-19(12-16-3-5-18(6-4-16)25-8-10-27-11-9-25)24-21-23-14-20(29-21)28-15-17-2-1-7-22-13-17/h1-7,13-14H,8-12,15H2,(H,23,24,26)",TZJJNGMCPZJCII-UHFFFAOYSA-N,CDK12-CCNK,DDB1,Q16531,,,,,,,,,10.1038/s44319-025-00448-y
1694,1491,UOM-005550,O=C(CC1=CC=C(C2=CC=NC=C2)C=C1)NC1=NC=C(SCC2=CC=CN=C2)S1,"InChI=1S/C22H18N4OS2/c27-20(12-16-3-5-18(6-4-16)19-7-10-23-11-8-19)26-22-25-14-21(29-22)28-15-17-2-1-9-24-13-17/h1-11,13-14H,12,15H2,(H,25,26,27)",NTCZRUCTPQKSCH-UHFFFAOYSA-N,CDK12-CCNK,DDB1,Q16531,,,,,,,,,10.1038/s44319-025-00448-y
1695,1492,UOM-005614,CC(=O)N1CCN(C2=CC=C(CC(=O)NC3=NC=C(SCC4=CC=CN=C4)S3)C=C2)CC1,"InChI=1S/C23H25N5O2S2/c1-17(29)27-9-11-28(12-10-27)20-6-4-18(5-7-20)13-21(30)26-23-25-15-22(32-23)31-16-19-3-2-8-24-14-19/h2-8,14-15H,9-13,16H2,1H3,(H,25,26,30)",WGAVPYFRIDEFSR-UHFFFAOYSA-N,,DDB1,Q16531,,,,,,,,,10.1038/s44319-025-00448-y
1696,1493,UOM-005197,O=C(CC1=CC=C(F)C=C1)NC1=NC=C(SCC2=CC=CN=C2)S1,"InChI=1S/C17H14FN3OS2/c18-14-5-3-12(4-6-14)8-15(22)21-17-20-10-16(24-17)23-11-13-2-1-7-19-9-13/h1-7,9-10H,8,11H2,(H,20,21,22)",SUODKFKGBZUSNL-UHFFFAOYSA-N,,DDB1,Q16531,,,,,,,,,10.1038/s44319-025-00448-y
1697,1494,UOM-005476,O=C(CC1=CC=C(NC(=O)C2=CC=NC=C2)C=C1)NC1=NC=C(SCC2=CC=CN=C2)S1,"InChI=1S/C23H19N5O2S2/c29-20(28-23-26-14-21(32-23)31-15-17-2-1-9-25-13-17)12-16-3-5-19(6-4-16)27-22(30)18-7-10-24-11-8-18/h1-11,13-14H,12,15H2,(H,27,30)(H,26,28,29)",UVUUSOVTSRHTTI-UHFFFAOYSA-N,,DDB1,Q16531,,,,,,,,,10.1038/s44319-025-00448-y
228,219,2,O=C1CCC(N2N=C3C=CC=CC3=N2)C(=O)N1,"InChI=1S/C11H10N4O2/c16-10-6-5-9(11(17)12-10)15-13-7-3-1-2-4-8(7)14-15/h1-4,9H,5-6H2,(H,12,16,17)",QFGWCBAWFMYBCK-UHFFFAOYSA-N,,CRBN,Q96SW2,,,,,,,,,10.1080/14756366.2021.2024525
3,3,iDeg-6,C#CC1=CC=C(NC(=O)OC[C@]23CN(S(=O)(=O)C4=C(C)C=C(C(C)(C)C)C=C4)C[C@H]2C[C@H]2C[C@@H]3C2(C)C)C=C1,"InChI=1S/C32H40N2O4S/c1-8-22-9-12-26(13-10-22)33-29(35)38-20-32-19-34(18-25(32)16-24-17-28(32)31(24,6)7)39(36,37)27-14-11-23(15-21(27)2)30(3,4)5/h1,9-15,24-25,28H,16-20H2,2-7H3,(H,33,35)/t24-,25+,28+,32+/m0/s1",SVVLXZSOWBLJBW-YUGNUMPCSA-N,IDO1,KLHDC3,Q9BQ90,,,6.5 ± 3,nM,,70,,100 nM,10.1101/2024.07.10.602857
385,356,iDeg-1,CC1=CC=C(NC(=O)OC[C@]23CN(S(=O)(=O)C4=CC=C(C(C)(C)C)C=C4)C[C@H]2C[C@H]2C[C@@H]3C2(C)C)C=C1,"InChI=1S/C30H40N2O4S/c1-20-7-11-24(12-8-20)31-27(33)36-19-30-18-32(17-23(30)15-22-16-26(30)29(22,5)6)37(34,35)25-13-9-21(10-14-25)28(2,3)4/h7-14,22-23,26H,15-19H2,1-6H3,(H,31,33)/t22-,23+,26+,30+/m0/s1",WZIVXKXJEWHYHH-RCLWPAGBSA-N,IDO1,KLHDC3,Q9BQ90,,,,,,,,,10.1101/2024.07.10.602857
4,4,iDeg-3,C#CC1=CC=C(NC(=O)OC[C@]23CN(S(=O)(=O)C4=CC=C(C(C)(C)C)C=C4)C[C@H]2C[C@H]2C[C@@H]3C2(C)C)C=C1,"InChI=1S/C31H38N2O4S/c1-7-21-8-12-25(13-9-21)32-28(34)37-20-31-19-33(18-24(31)16-23-17-27(31)30(23,5)6)38(35,36)26-14-10-22(11-15-26)29(2,3)4/h1,8-15,23-24,27H,16-20H2,2-6H3,(H,32,34)/t23-,24+,27+,31+/m0/s1",LPVXGYZMYNYSRZ-GGWKSQAJSA-N,IDO1,KLHDC3,Q9BQ90,BxPC3,,,,,,,,10.1101/2024.07.10.602857
473,434,iDeg-3 CRL2KLHDC3,CCC1=CC=C(NC(=O)OC[C@]23CN(S(=O)(=O)C4=CC=C(C(C)(C)C)C=C4)C[C@H]2C[C@H]2C[C@@H]3C2(C)C)C=C1,"InChI=1S/C31H42N2O4S/c1-7-21-8-12-25(13-9-21)32-28(34)37-20-31-19-33(18-24(31)16-23-17-27(31)30(23,5)6)38(35,36)26-14-10-22(11-15-26)29(2,3)4/h8-15,23-24,27H,7,16-20H2,1-6H3,(H,32,34)/t23-,24+,27+,31+/m0/s1",NAJMPBYCLGQZBT-GGWKSQAJSA-N,IDO1,KLHDC3,Q9BQ90,,,,,,,,,10.1101/2024.07.10.602857
94,88,iDeg-2,CC(C)(C)C1=CC=C(S(=O)(=O)N2C[C@H]3C[C@H]4C[C@H](C4(C)C)[C@@]3(COC(=O)NC3=CC=C(I)C=C3)C2)C=C1,"InChI=1S/C29H37IN2O4S/c1-27(2,3)19-6-12-24(13-7-19)37(34,35)32-16-21-14-20-15-25(28(20,4)5)29(21,17-32)18-36-26(33)31-23-10-8-22(30)9-11-23/h6-13,20-21,25H,14-18H2,1-5H3,(H,31,33)/t20-,21+,25+,29+/m0/s1",JJXPHCCUUNEEAQ-IHOVNLRLSA-N,IDO1,KLHDC3,Q9BQ90,BxPC3,,,,,,,,10.1101/2024.07.10.602857
809,747,FPFT-2216,COC1=CSC=C1C1=CN(C2CCC(=O)NC2=O)N=N1,"InChI=1S/C12H12N4O3S/c1-19-10-6-20-5-7(10)8-4-16(15-14-8)9-2-3-11(17)13-12(9)18/h4-6,9H,2-3H2,1H3,(H,13,17,18)",SKUSCUALKIOIST-UHFFFAOYSA-N,PPIL4,CRBN,Q96SW2,,TR-FRET,,,,,,,10.1101/2024.09.11.612438
809,747,FPFT-2216,COC1=CSC=C1C1=CN(C2CCC(=O)NC2=O)N=N1,"InChI=1S/C12H12N4O3S/c1-19-10-6-20-5-7(10)8-4-16(15-14-8)9-2-3-11(17)13-12(9)18/h4-6,9H,2-3H2,1H3,(H,13,17,18)",SKUSCUALKIOIST-UHFFFAOYSA-N,PDE6D,CRBN,Q96SW2,,TR-FRET,,,,,,,10.1101/2024.09.11.612438
809,747,FPFT-2216,COC1=CSC=C1C1=CN(C2CCC(=O)NC2=O)N=N1,"InChI=1S/C12H12N4O3S/c1-19-10-6-20-5-7(10)8-4-16(15-14-8)9-2-3-11(17)13-12(9)18/h4-6,9H,2-3H2,1H3,(H,13,17,18)",SKUSCUALKIOIST-UHFFFAOYSA-N,RAB28,CRBN,Q96SW2,,TR-FRET,,,,,,,10.1101/2024.09.11.612438
809,747,FPFT-2216,COC1=CSC=C1C1=CN(C2CCC(=O)NC2=O)N=N1,"InChI=1S/C12H12N4O3S/c1-19-10-6-20-5-7(10)8-4-16(15-14-8)9-2-3-11(17)13-12(9)18/h4-6,9H,2-3H2,1H3,(H,13,17,18)",SKUSCUALKIOIST-UHFFFAOYSA-N,DTWD1,CRBN,Q96SW2,,TR-FRET,,,,,,,10.1101/2024.09.11.612438
1093,954,PT-179,O=C1CCC(N2C(=O)C3=C(C=C(N4CCOCC4)C=C3)C2=O)C(=O)N1,"InChI=1S/C17H17N3O5/c21-14-4-3-13(15(22)18-14)20-16(23)11-2-1-10(9-12(11)17(20)24)19-5-7-25-8-6-19/h1-2,9,13H,3-8H2,(H,18,21,22)",CCCSRHUSXCBFJZ-UHFFFAOYSA-N,eGFP(-SD40),CRBN,Q96SW2,,eGFP/mCherry,4.5,nM,,,,,10.1126/science.adk4422
1093,954,PT-179,O=C1CCC(N2C(=O)C3=C(C=C(N4CCOCC4)C=C3)C2=O)C(=O)N1,"InChI=1S/C17H17N3O5/c21-14-4-3-13(15(22)18-14)20-16(23)11-2-1-10(9-12(11)17(20)24)19-5-7-25-8-6-19/h1-2,9,13H,3-8H2,(H,18,21,22)",CCCSRHUSXCBFJZ-UHFFFAOYSA-N,eGFP(-SD36),CRBN,Q96SW2,,eGFP/mCherry,14.3,nM,,,,,10.1126/science.adk4422
1093,954,PT-179,O=C1CCC(N2C(=O)C3=C(C=C(N4CCOCC4)C=C3)C2=O)C(=O)N1,"InChI=1S/C17H17N3O5/c21-14-4-3-13(15(22)18-14)20-16(23)11-2-1-10(9-12(11)17(20)24)19-5-7-25-8-6-19/h1-2,9,13H,3-8H2,(H,18,21,22)",CCCSRHUSXCBFJZ-UHFFFAOYSA-N,eGFP(-SD36),CRBN,Q96SW2,HEK293T,BRET,,,,,,,10.1126/science.adk4422
1093,954,PT-179,O=C1CCC(N2C(=O)C3=C(C=C(N4CCOCC4)C=C3)C2=O)C(=O)N1,"InChI=1S/C17H17N3O5/c21-14-4-3-13(15(22)18-14)20-16(23)11-2-1-10(9-12(11)17(20)24)19-5-7-25-8-6-19/h1-2,9,13H,3-8H2,(H,18,21,22)",CCCSRHUSXCBFJZ-UHFFFAOYSA-N,eGFP(-SD36),CRBN,Q96SW2,U2OS,BRET,,,,,,,10.1126/science.adk4422
93,825,Pomalidomide,NC1=CC=CC2=C1C(=O)N(C1CCC(=O)NC1=O)C2=O,"InChI=1S/C13H11N3O4/c14-7-3-1-2-6-10(7)13(20)16(12(6)19)8-4-5-9(17)15-11(8)18/h1-3,8H,4-5,14H2,(H,15,17,18)",UVSMNLNDYGZFPF-UHFFFAOYSA-N,,CRBN,Q96SW2,,,,,,,,,10.1126/science.adk4422
342,322,MGD-15,CC1=CC=C(CNC2=CC=CC3=C2CN(C)N(C2CCC(=O)NC2=O)C3=O)C=C1,"InChI=1S/C22H24N4O3/c1-14-6-8-15(9-7-14)12-23-18-5-3-4-16-17(18)13-25(2)26(22(16)29)19-10-11-20(27)24-21(19)28/h3-9,19,23H,10-13H2,1-2H3,(H,24,27,28)",BUNLELBHVDUDPW-UHFFFAOYSA-N,CK1α,CRBN,Q96SW2,HEK293T,,970,nM,,,,,10.1186/s13045-024-01592-z
449,412,CC-122,CC1=NC2=CC=CC(N)=C2C(=O)N1C1CCC(=O)NC1=O,"InChI=1S/C14H14N4O3/c1-7-16-9-4-2-3-8(15)12(9)14(21)18(7)10-5-6-11(19)17-13(10)20/h2-4,10H,5-6,15H2,1H3,(H,17,19,20)",RSNPAKAFCAAMBH-UHFFFAOYSA-N,,CRBN,Q96SW2,,,,,,,,,10.1186/s13045-024-01592-z
610,563,MGD-28,CN1CC2=C(C=CC=C2NCC2=CC=C(CN3CCN(C4=CC(F)=C(C#N)C=C4)CC3)C=C2)C(=O)N1C1CCC(=O)NC1=O,"InChI=1S/C33H34FN7O3/c1-38-21-27-26(33(44)41(38)30-11-12-31(42)37-32(30)43)3-2-4-29(27)36-19-22-5-7-23(8-6-22)20-39-13-15-40(16-14-39)25-10-9-24(18-35)28(34)17-25/h2-10,17,30,36H,11-16,19-21H2,1H3,(H,37,42,43)",JICHBFQDRLGJTM-UHFFFAOYSA-N,IKZF1,CRBN,Q96SW2,HEK293T,,3.8,nM,,,,,10.1186/s13045-024-01592-z
610,563,MGD-28,CN1CC2=C(C=CC=C2NCC2=CC=C(CN3CCN(C4=CC(F)=C(C#N)C=C4)CC3)C=C2)C(=O)N1C1CCC(=O)NC1=O,"InChI=1S/C33H34FN7O3/c1-38-21-27-26(33(44)41(38)30-11-12-31(42)37-32(30)43)3-2-4-29(27)36-19-22-5-7-23(8-6-22)20-39-13-15-40(16-14-39)25-10-9-24(18-35)28(34)17-25/h2-10,17,30,36H,11-16,19-21H2,1H3,(H,37,42,43)",JICHBFQDRLGJTM-UHFFFAOYSA-N,IKZF3,CRBN,Q96SW2,HEK293T,,7.1,nM,,,,,10.1186/s13045-024-01592-z
610,563,MGD-28,CN1CC2=C(C=CC=C2NCC2=CC=C(CN3CCN(C4=CC(F)=C(C#N)C=C4)CC3)C=C2)C(=O)N1C1CCC(=O)NC1=O,"InChI=1S/C33H34FN7O3/c1-38-21-27-26(33(44)41(38)30-11-12-31(42)37-32(30)43)3-2-4-29(27)36-19-22-5-7-23(8-6-22)20-39-13-15-40(16-14-39)25-10-9-24(18-35)28(34)17-25/h2-10,17,30,36H,11-16,19-21H2,1H3,(H,37,42,43)",JICHBFQDRLGJTM-UHFFFAOYSA-N,CK1α,CRBN,Q96SW2,HEK293T,,7.8,nM,,,,,10.1186/s13045-024-01592-z
610,563,MGD-28,CN1CC2=C(C=CC=C2NCC2=CC=C(CN3CCN(C4=CC(F)=C(C#N)C=C4)CC3)C=C2)C(=O)N1C1CCC(=O)NC1=O,"InChI=1S/C33H34FN7O3/c1-38-21-27-26(33(44)41(38)30-11-12-31(42)37-32(30)43)3-2-4-29(27)36-19-22-5-7-23(8-6-22)20-39-13-15-40(16-14-39)25-10-9-24(18-35)28(34)17-25/h2-10,17,30,36H,11-16,19-21H2,1H3,(H,37,42,43)",JICHBFQDRLGJTM-UHFFFAOYSA-N,IKZF2,CRBN,Q96SW2,HEK293T,,56.3,nM,,,,,10.1186/s13045-024-01592-z
611,564,MGD-4,CN1CC2=C(N)C=CC=C2C(=O)N1C1CCC(=O)NC1=O,"InChI=1S/C14H16N4O3/c1-17-7-9-8(3-2-4-10(9)15)14(21)18(17)11-5-6-12(19)16-13(11)20/h2-4,11H,5-7,15H2,1H3,(H,16,19,20)",MXJNMZBXMSTPNN-UHFFFAOYSA-N,IKZF1,CRBN,Q96SW2,HEK293T,,292.9,nM,,,,,10.1186/s13045-024-01592-z
611,564,MGD-4,CN1CC2=C(N)C=CC=C2C(=O)N1C1CCC(=O)NC1=O,"InChI=1S/C14H16N4O3/c1-17-7-9-8(3-2-4-10(9)15)14(21)18(17)11-5-6-12(19)16-13(11)20/h2-4,11H,5-7,15H2,1H3,(H,16,19,20)",MXJNMZBXMSTPNN-UHFFFAOYSA-N,IKZF3,CRBN,Q96SW2,HEK293T,,95.8,nM,,,,,10.1186/s13045-024-01592-z
611,564,MGD-4,CN1CC2=C(N)C=CC=C2C(=O)N1C1CCC(=O)NC1=O,"InChI=1S/C14H16N4O3/c1-17-7-9-8(3-2-4-10(9)15)14(21)18(17)11-5-6-12(19)16-13(11)20/h2-4,11H,5-7,15H2,1H3,(H,16,19,20)",MXJNMZBXMSTPNN-UHFFFAOYSA-N,IKZF2,CRBN,Q96SW2,HEK293T,,918.2,nM,,,,,10.1186/s13045-024-01592-z
628,581,MGD-18,CN1CCN(CC2=CC=C(CNC3=C4CN(C)N(C5CCC(=O)NC5=O)C(=O)C4=CC=C3)C=C2)CC1,"InChI=1S/C27H34N6O3/c1-30-12-14-32(15-13-30)17-20-8-6-19(7-9-20)16-28-23-5-3-4-21-22(23)18-31(2)33(27(21)36)24-10-11-25(34)29-26(24)35/h3-9,24,28H,10-18H2,1-2H3,(H,29,34,35)",FLLLYDIINYIHAU-UHFFFAOYSA-N,CK1α,CRBN,Q96SW2,HEK293T,,92,nM,,,,,10.1186/s13045-024-01592-z
971,849,indisulam,NS(=O)(=O)C1=CC=C(S(=O)(=O)NC2=CC=CC3=C2NC=C3Cl)C=C1,"InChI=1S/C14H12ClN3O4S2/c15-12-8-17-14-11(12)2-1-3-13(14)18-24(21,22)10-6-4-9(5-7-10)23(16,19)20/h1-8,17-18H,(H2,16,19,20)",SETFNECMODOHTO-UHFFFAOYSA-N,,DCAF15,Q66K64,,,,,,,,,10.1186/s13578-025-01380-3
1165,1016,5-Hydroxythalidomide,O=C1CCC(N2C(=O)C3=CC=C(O)C=C3C2=O)C(=O)N1,"InChI=1S/C13H10N2O5/c16-6-1-2-7-8(5-6)13(20)15(12(7)19)9-3-4-10(17)14-11(9)18/h1-2,5,9,16H,3-4H2,(H,14,17,18)",LJBQRRQTZUJWRC-UHFFFAOYSA-N,,CRBN,Q96SW2,,PLZF,,,,,,,10.15252/embj.2020105375
415,383,BXT-161,CC1=CC=CC2=C1CN([C@H]1CCCC(=O)NC1=O)C2=O,"InChI=1S/C15H16N2O3/c1-9-4-2-5-10-11(9)8-17(15(10)20)12-6-3-7-13(18)16-14(12)19/h2,4-5,12H,3,6-8H2,1H3,(H,16,18,19)/t12-/m0/s1",CNIZBMYCKRUTHY-LBPRGKRZSA-N,CK1α,CRBN,Q96SW2,MV4-11,,,,,,,,10.26508/lsa.202000804
415,383,BXT-161,CC1=CC=CC2=C1CN([C@H]1CCCC(=O)NC1=O)C2=O,"InChI=1S/C15H16N2O3/c1-9-4-2-5-10-11(9)8-17(15(10)20)12-6-3-7-13(18)16-14(12)19/h2,4-5,12H,3,6-8H2,1H3,(H,16,18,19)/t12-/m0/s1",CNIZBMYCKRUTHY-LBPRGKRZSA-N,CK1α,CRBN,Q96SW2,HCT116,,,,,,,,10.26508/lsa.202000804
415,383,BXT-161,CC1=CC=CC2=C1CN([C@H]1CCCC(=O)NC1=O)C2=O,"InChI=1S/C15H16N2O3/c1-9-4-2-5-10-11(9)8-17(15(10)20)12-6-3-7-13(18)16-14(12)19/h2,4-5,12H,3,6-8H2,1H3,(H,16,18,19)/t12-/m0/s1",CNIZBMYCKRUTHY-LBPRGKRZSA-N,CK1α,CRBN,Q96SW2,DLD-1,,,,,,,,10.26508/lsa.202000804
415,383,BXT-161,CC1=CC=CC2=C1CN([C@H]1CCCC(=O)NC1=O)C2=O,"InChI=1S/C15H16N2O3/c1-9-4-2-5-10-11(9)8-17(15(10)20)12-6-3-7-13(18)16-14(12)19/h2,4-5,12H,3,6-8H2,1H3,(H,16,18,19)/t12-/m0/s1",CNIZBMYCKRUTHY-LBPRGKRZSA-N,FAM83F,CRBN,Q96SW2,HCT116,,,,,,,,10.26508/lsa.202000804
415,383,BXT-161,CC1=CC=CC2=C1CN([C@H]1CCCC(=O)NC1=O)C2=O,"InChI=1S/C15H16N2O3/c1-9-4-2-5-10-11(9)8-17(15(10)20)12-6-3-7-13(18)16-14(12)19/h2,4-5,12H,3,6-8H2,1H3,(H,16,18,19)/t12-/m0/s1",CNIZBMYCKRUTHY-LBPRGKRZSA-N,FAM83F,CRBN,Q96SW2,DLD-1,,,,,,,,10.26508/lsa.202000804
916,825,Pomalidomide,NC1=CC=CC2=C1C(=O)N(C1CCC(=O)NC1=O)C2=O,"InChI=1S/C13H11N3O4/c14-7-3-1-2-6-10(7)13(20)16(12(6)19)8-4-5-9(17)15-11(8)18/h1-3,8H,4-5,14H2,(H,15,17,18)",UVSMNLNDYGZFPF-UHFFFAOYSA-N,IKZF1,CRBN,Q96SW2,MV4-11,,,,,,,,10.26508/lsa.202000804
916,825,Pomalidomide,NC1=CC=CC2=C1C(=O)N(C1CCC(=O)NC1=O)C2=O,"InChI=1S/C13H11N3O4/c14-7-3-1-2-6-10(7)13(20)16(12(6)19)8-4-5-9(17)15-11(8)18/h1-3,8H,4-5,14H2,(H,15,17,18)",UVSMNLNDYGZFPF-UHFFFAOYSA-N,CK1α,CRBN,Q96SW2,MV4-11,,,,,,,,10.26508/lsa.202000804
916,825,Pomalidomide,NC1=CC=CC2=C1C(=O)N(C1CCC(=O)NC1=O)C2=O,"InChI=1S/C13H11N3O4/c14-7-3-1-2-6-10(7)13(20)16(12(6)19)8-4-5-9(17)15-11(8)18/h1-3,8H,4-5,14H2,(H,15,17,18)",UVSMNLNDYGZFPF-UHFFFAOYSA-N,FAM83F,CRBN,Q96SW2,HCT116,,,,,,,,10.26508/lsa.202000804
916,825,Pomalidomide,NC1=CC=CC2=C1C(=O)N(C1CCC(=O)NC1=O)C2=O,"InChI=1S/C13H11N3O4/c14-7-3-1-2-6-10(7)13(20)16(12(6)19)8-4-5-9(17)15-11(8)18/h1-3,8H,4-5,14H2,(H,15,17,18)",UVSMNLNDYGZFPF-UHFFFAOYSA-N,FAM83F,CRBN,Q96SW2,DLD-1,,,,,,,,10.26508/lsa.202000804
916,825,Pomalidomide,NC1=CC=CC2=C1C(=O)N(C1CCC(=O)NC1=O)C2=O,"InChI=1S/C13H11N3O4/c14-7-3-1-2-6-10(7)13(20)16(12(6)19)8-4-5-9(17)15-11(8)18/h1-3,8H,4-5,14H2,(H,15,17,18)",UVSMNLNDYGZFPF-UHFFFAOYSA-N,FAM83F,CRBN,Q96SW2,HaCaT,,,,,,,,10.26508/lsa.202000804
977,849,indisulam,NS(=O)(=O)C1=CC=C(S(=O)(=O)NC2=CC=CC3=C2NC=C3Cl)C=C1,"InChI=1S/C14H12ClN3O4S2/c15-12-8-17-14-11(12)2-1-3-13(14)18-24(21,22)10-6-4-9(5-7-10)23(16,19)20/h1-8,17-18H,(H2,16,19,20)",SETFNECMODOHTO-UHFFFAOYSA-N,RBM39,DCAF15,Q66K64,,,,,,,,,10.26508/lsa.202101348
20,19,VNPP433-3β,C[C@]12CC[C@H](N3C=CN=C3)CC1=CCC1C2CC[C@]2(C)C(N3C=NC4=CC=CC=C43)=CCC12,"InChI=1S/C29H34N4/c1-28-13-11-21(32-16-15-30-18-32)17-20(28)7-8-22-23-9-10-27(29(23,2)14-12-24(22)28)33-19-31-25-5-3-4-6-26(25)33/h3-7,10,15-16,18-19,21-24H,8-9,11-14,17H2,1-2H3/t21-,22?,23?,24?,28-,29-/m0/s1",LKIKZGJOIUJYGD-ZWHDFXHCSA-N,AR,MDM2,Q00987,,,,,,,,,10.3390/cancers15041198
1026,892,UPD-Glucose,O=C1C=CN([C@@H]2O[C@H](COP(=O)(O)OP(=O)(O)O[C@H]3OC(CO)[C@@H](O)C(O)C3O)C(O)C2O)C(=O)N1,"InChI=1S/C15H24N2O17P2/c18-3-5-8(20)10(22)12(24)14(32-5)33-36(28,29)34-35(26,27)30-4-6-9(21)11(23)13(31-6)17-2-1-7(19)16-15(17)25/h1-2,5-6,8-14,18,20-24H,3-4H2,(H,26,27)(H,28,29)(H,16,19,25)/t5?,6-,8-,9?,10?,11?,12?,13-,14-/m1/s1",HSCJRCZFDFQWRP-BQIVXCFRSA-N,,CRBN,Q96SW2,,,,,,,,,10.3390/ijms23169094
1197,1041,Thalidomide,O=C1CCC(N2C(=O)C3=CC=CC=C3C2=O)C(=O)N1,"InChI=1S/C13H10N2O4/c16-10-6-5-9(11(17)14-10)15-12(18)7-3-1-2-4-8(7)13(15)19/h1-4,9H,5-6H2,(H,14,16,17)",UEJJHQNACJXSKW-UHFFFAOYSA-N,SALL4,CRBN,Q96SW2,,,,,,,,,10.7554/eLife.38430
907,825,Pomalidomide,NC1=CC=CC2=C1C(=O)N(C1CCC(=O)NC1=O)C2=O,"InChI=1S/C13H11N3O4/c14-7-3-1-2-6-10(7)13(20)16(12(6)19)8-4-5-9(17)15-11(8)18/h1-3,8H,4-5,14H2,(H,15,17,18)",UVSMNLNDYGZFPF-UHFFFAOYSA-N,SALL4,CRBN,Q96SW2,,,,,,,,,10.7554/eLife.38430
933,828,Lenalidomide,NC1=CC=CC2=C1CN(C1CCC(=O)NC1=O)C2=O,"InChI=1S/C13H13N3O3/c14-9-3-1-2-7-8(9)6-16(13(7)19)10-4-5-11(17)15-12(10)18/h1-3,10H,4-6,14H2,(H,15,17,18)",GOTYRUGSSMKFNF-UHFFFAOYSA-N,SALL4,CRBN,Q96SW2,,,,,,,,,10.7554/eLife.38430
327,308,HQ018,CC1=CC(NC2=NC(CC(=O)NC3=NC4=C(CCCC4)S3)=CS2)=NC=C1,"InChI=1S/C18H19N5OS2/c1-11-6-7-19-15(8-11)22-17-20-12(10-25-17)9-16(24)23-18-21-13-4-2-3-5-14(13)26-18/h6-8,10H,2-5,9H2,1H3,(H,19,20,22)(H,21,23,24)",AOBRGNVKIGVAAC-UHFFFAOYSA-N,,DDB1,Q16531,,,,,,,,,10.7554/eLife.59994
406,375,HQ015,CC1=CC=CC(NC2=NC(CC(=O)NC(C)C3=CC=CC=C3)=CS2)=N1,"InChI=1S/C19H20N4OS/c1-13-7-6-10-17(20-13)23-19-22-16(12-25-19)11-18(24)21-14(2)15-8-4-3-5-9-15/h3-10,12,14H,11H2,1-2H3,(H,21,24)(H,20,22,23)",AFLHQKFCAUAZBN-UHFFFAOYSA-N,,DDB1,Q16531,,,,,,,,,10.7554/eLife.59994
407,376,HQ012,CC1=CC=CC(NC2=NC(CC(=O)NC3=NC(C4=CC=CO4)=CS3)=CS2)=N1,"InChI=1S/C18H15N5O2S2/c1-11-4-2-6-15(19-11)22-17-20-12(9-26-17)8-16(24)23-18-21-13(10-27-18)14-5-3-7-25-14/h2-7,9-10H,8H2,1H3,(H,19,20,22)(H,21,23,24)",VKFSMKZFUPIFKK-UHFFFAOYSA-N,,DDB1,Q16531,,,,,,,,,10.7554/eLife.59994
409,377,HQ461,CC1=CC=CC(NC2=NC(CC(=O)NC3=NC=C(C)S3)=CS2)=N1,"InChI=1S/C15H15N5OS2/c1-9-4-3-5-12(17-9)19-15-18-11(8-22-15)6-13(21)20-14-16-7-10(2)23-14/h3-5,7-8H,6H2,1-2H3,(H,16,20,21)(H,17,18,19)",QMRBCNQCRMTXBE-UHFFFAOYSA-N,CDK12-CCNK,DDB1,Q16531,,,132,nM,,,,,10.7554/eLife.59994
410,378,HQ017,CC1=CC=CC(NC2=NC(CC(N)=O)=CS2)=N1,"InChI=1S/C11H12N4OS/c1-7-3-2-4-10(13-7)15-11-14-8(6-17-11)5-9(12)16/h2-4,6H,5H2,1H3,(H2,12,16)(H,13,14,15)",CJGGFDIFZWMELB-UHFFFAOYSA-N,,DDB1,Q16531,,,,,,,,,10.7554/eLife.59994
426,392,HQ014,CC1=CN=C(NC(=O)CC2=CSC(C(=O)C3=NC(Br)=CC=C3)=N2)S1,"InChI=1S/C15H11BrN4O2S2/c1-8-6-17-15(24-8)20-12(21)5-9-7-23-14(18-9)13(22)10-3-2-4-11(16)19-10/h2-4,6-7H,5H2,1H3,(H,17,20,21)",CWJVDKCZNVXUTE-UHFFFAOYSA-N,,DDB1,Q16531,,,,,,,,,10.7554/eLife.59994
427,393,HQ011,CC1=CN=C(NC(=O)CC2=CSC(N)=N2)S1,"InChI=1S/C9H10N4OS2/c1-5-3-11-9(16-5)13-7(14)2-6-4-15-8(10)12-6/h3-4H,2H2,1H3,(H2,10,12)(H,11,13,14)",DTBCZPRZASRIPY-UHFFFAOYSA-N,CDK12–CCNK,DDB1,Q16531,,,,,,,,,10.7554/eLife.59994
428,394,HQ003,CC1=CN=C(NC(=O)CC2=CSC(NC3=NC(Br)=CC=C3)=N2)S1,"InChI=1S/C14H12BrN5OS2/c1-8-6-16-13(23-8)20-12(21)5-9-7-22-14(17-9)19-11-4-2-3-10(15)18-11/h2-4,6-7H,5H2,1H3,(H,16,20,21)(H,17,18,19)",AQNZJUPTCLYFTA-UHFFFAOYSA-N,CDK12-CCNK,DDB1,Q16531,,,407,nM,,,,,10.7554/eLife.59994
429,395,HQ009,CC1=CN=C(NC(=O)CC2=CSC(NC3=NC(C(F)(F)F)=CC=C3)=N2)S1,"InChI=1S/C15H12F3N5OS2/c1-8-6-19-13(26-8)23-12(24)5-9-7-25-14(20-9)22-11-4-2-3-10(21-11)15(16,17)18/h2-4,6-7H,5H2,1H3,(H,19,23,24)(H,20,21,22)",JOEZMQAHQHRTDZ-UHFFFAOYSA-N,CDK12-CCNK,DDB1,Q16531,,,2357,nM,,,,,10.7554/eLife.59994
430,396,HQ002,CC1=CN=C(NC(=O)CC2=CSC(NC3=NC(Cl)=CC=C3)=N2)S1,"InChI=1S/C14H12ClN5OS2/c1-8-6-16-13(23-8)20-12(21)5-9-7-22-14(17-9)19-11-4-2-3-10(15)18-11/h2-4,6-7H,5H2,1H3,(H,16,20,21)(H,17,18,19)",VWDHDHNMECLICK-UHFFFAOYSA-N,CDK12-CCNK,DDB1,Q16531,,,471,nM,,,,,10.7554/eLife.59994
431,397,HQ005,CC1=CN=C(NC(=O)CC2=CSC(NC3=NC(CO)=CC=C3)=N2)S1,"InChI=1S/C15H15N5O2S2/c1-9-6-16-14(24-9)20-13(22)5-11-8-23-15(18-11)19-12-4-2-3-10(7-21)17-12/h2-4,6,8,21H,5,7H2,1H3,(H,16,20,22)(H,17,18,19)",RCCDIUZAPKBQLV-UHFFFAOYSA-N,CDK12-CCNK,DDB1,Q16531,,,41,nM,,,,,10.7554/eLife.59994
432,398,HQ001,CC1=CN=C(NC(=O)CC2=CSC(NC3=NC(F)=CC=C3)=N2)S1,"InChI=1S/C14H12FN5OS2/c1-8-6-16-13(23-8)20-12(21)5-9-7-22-14(17-9)19-11-4-2-3-10(15)18-11/h2-4,6-7H,5H2,1H3,(H,16,20,21)(H,17,18,19)",OLEYDMXPANCHPA-UHFFFAOYSA-N,CDK12-CCNK,DDB1,Q16531,,,300,nM,,,,,10.7554/eLife.59994
433,399,HQ007,CC1=CN=C(NC(=O)CC2=CSC(NC3=NC(N)=CC=C3)=N2)S1,"InChI=1S/C14H14N6OS2/c1-8-6-16-13(23-8)20-12(21)5-9-7-22-14(17-9)19-11-4-2-3-10(15)18-11/h2-4,6-7H,5H2,1H3,(H,16,20,21)(H3,15,17,18,19)",QVRPMHDRWHSFIY-UHFFFAOYSA-N,CDK12-CCNK,DDB1,Q16531,,,561,nM,,,,,10.7554/eLife.59994
434,400,HQ008,CC1=CN=C(NC(=O)CC2=CSC(NC3=NC(N4C=CC=N4)=CC=C3)=N2)S1,"InChI=1S/C17H15N7OS2/c1-11-9-18-16(27-11)23-15(25)8-12-10-26-17(20-12)22-13-4-2-5-14(21-13)24-7-3-6-19-24/h2-7,9-10H,8H2,1H3,(H,18,23,25)(H,20,21,22)",GOZYMSUKKKEICN-UHFFFAOYSA-N,CDK12-CCNK,DDB1,Q16531,,,5030,nM,,,,,10.7554/eLife.59994
435,401,HQ010,CC1=CN=C(NC(=O)CC2=CSC(NC3=NC=CC=C3)=N2)S1,"InChI=1S/C14H13N5OS2/c1-9-7-16-13(22-9)19-12(20)6-10-8-21-14(17-10)18-11-4-2-3-5-15-11/h2-5,7-8H,6H2,1H3,(H,15,17,18)(H,16,19,20)",IRVKFRZWUBEJNQ-UHFFFAOYSA-N,CDK12-CCNK,DDB1,Q16531,,,811,nM,,,,,10.7554/eLife.59994
474,435,HQ004,CCC1=CC=CC(NC2=NC(CC(=O)NC3=NC=C(C)S3)=CS2)=N1,"InChI=1S/C16H17N5OS2/c1-3-11-5-4-6-13(18-11)20-16-19-12(9-23-16)7-14(22)21-15-17-8-10(2)24-15/h4-6,8-9H,3,7H2,1-2H3,(H,17,21,22)(H,18,19,20)",GABXTADXGHTPSI-UHFFFAOYSA-N,CDK12-CCNK,DDB1,Q16531,,,542,nM,,,,,10.7554/eLife.59994
475,436,HQ023,CCC1=CC=CC=C1NC(=O)CC1=CSC(NC2=NC=CC=C2)=N1,"InChI=1S/C18H18N4OS/c1-2-13-7-3-4-8-15(13)21-17(23)11-14-12-24-18(20-14)22-16-9-5-6-10-19-16/h3-10,12H,2,11H2,1H3,(H,21,23)(H,19,20,22)",CSOGCNNXYMAZIQ-UHFFFAOYSA-N,,DDB1,Q16531,,,,,,,,,10.7554/eLife.59994
767,712,HQ006,COC1=CC=CC(NC2=NC(CC(=O)NC3=NC=C(C)S3)=CS2)=N1,"InChI=1S/C15H15N5O2S2/c1-9-7-16-14(24-9)20-12(21)6-10-8-23-15(17-10)19-11-4-3-5-13(18-11)22-2/h3-5,7-8H,6H2,1-2H3,(H,16,20,21)(H,17,18,19)",XHNSBGHKGAKQLE-UHFFFAOYSA-N,CDK12-CCNK,DDB1,Q16531,,,466,nM,,,,,10.7554/eLife.59994
819,756,HQ016,CSC1=CC=CC=C1NC(=O)CC1=CSC(NC2=NC(C)=CC=C2)=N1,"InChI=1S/C18H18N4OS2/c1-12-6-5-9-16(19-12)22-18-20-13(11-25-18)10-17(23)21-14-7-3-4-8-15(14)24-2/h3-9,11H,10H2,1-2H3,(H,21,23)(H,19,20,22)",OVXLWXBZGNEVJT-UHFFFAOYSA-N,,DDB1,Q16531,,,,,,,,,10.7554/eLife.59994
82,77,HQ019,CC(=O)NC1=NC(CC(=O)NC2=NC=C(C)S2)=CS1,"InChI=1S/C11H12N4O2S2/c1-6-4-12-10(19-6)15-9(17)3-8-5-18-11(14-8)13-7(2)16/h4-5H,3H2,1-2H3,(H,12,15,17)(H,13,14,16)",AVKUTTYOGRAGFM-UHFFFAOYSA-N,,DDB1,Q16531,,,,,,,,,10.7554/eLife.59994
841,774,HQ021,NC(=O)C1=CC=CC=C1NC(=O)CC1=CSC(NC2=NC=CC=C2)=N1,"InChI=1S/C17H15N5O2S/c18-16(24)12-5-1-2-6-13(12)21-15(23)9-11-10-25-17(20-11)22-14-7-3-4-8-19-14/h1-8,10H,9H2,(H2,18,24)(H,21,23)(H,19,20,22)",IOFFPPJYBLBCGR-UHFFFAOYSA-N,,DDB1,Q16531,,,,,,,,,10.7554/eLife.59994
843,776,HQ022,NC(=O)CNC(=O)CC1=CSC(NC2=NC=CC=C2)=N1,"InChI=1S/C12H13N5O2S/c13-9(18)6-15-11(19)5-8-7-20-12(16-8)17-10-3-1-2-4-14-10/h1-4,7H,5-6H2,(H2,13,18)(H,15,19)(H,14,16,17)",LNJMZTRTZHJTHB-UHFFFAOYSA-N,,DDB1,Q16531,,,,,,,,,10.7554/eLife.59994
952,831,HQ013,NC1=NC(CC(=O)NC2=NC(C3=CC=CO3)=CS2)=CS1,"InChI=1S/C12H10N4O2S2/c13-11-14-7(5-19-11)4-10(17)16-12-15-8(6-20-12)9-2-1-3-18-9/h1-3,5-6H,4H2,(H2,13,14)(H,15,16,17)",CGQOACVDRKDGKA-UHFFFAOYSA-N,,DDB1,Q16531,,,,,,,,,10.7554/eLife.59994
989,860,HQ020,O=C(CC1=CSC(NC2=NC=CC=C2)=N1)NCC1=NC2=CC=CC=C2N1,"InChI=1S/C18H16N6OS/c25-17(20-10-16-22-13-5-1-2-6-14(13)23-16)9-12-11-26-18(21-12)24-15-7-3-4-8-19-15/h1-8,11H,9-10H2,(H,20,25)(H,22,23)(H,19,21,24)",LGZNPORGMNLKSJ-UHFFFAOYSA-N,,DDB1,Q16531,,,,,,,,,10.7554/eLife.59994